NO2,O3,PM10,PM2.5,wind_speed,temperature,solar_radiation,humidity
3.4,90.0,3.8,2.9,4.52,8.3,0.0,86
3.1,91.0,3.2,2.6,4.51,7.9,0.0,87
2.5,95.0,3.0,2.1,4.4,7.8,0.0,86
2.7,92.0,3.1,2.0,4.44,7.8,0.0,91
2.6,87.0,3.4,2.6,4.7,7.8,0.0,89
2.9,80.0,4.3,3.3,4.87,7.6,0.0,89
3.3,70.0,5.9,4.3,4.69,7.1,0.0,90
4.5,73.0,7.0,4.9,4.72,7.1,17.0,90
5.3,77.0,7.3,4.8,4.91,7.9,102.0,88
4.9,79.0,6.5,4.2,4.58,8.9,196.0,84
4.3,81.0,5.6,3.6,4.69,9.6,241.0,80
3.7,79.0,5.0,3.5,4.64,9.6,183.0,81
3.5,75.0,5.1,3.5,5.24,10.4,243.0,76
3.4,78.0,5.0,3.5,5.43,11.5,384.0,70
3.6,82.0,5.0,3.2,5.05,12.1,424.0,65
4.1,80.0,5.0,3.0,4.46,10.1,222.0,76
4.6,80.0,5.1,3.3,4.19,10.1,155.0,76
4.6,87.0,4.9,3.2,4.31,10.0,113.0,76
4.8,87.0,5.2,3.4,4.65,10.4,195.0,74
4.3,81.0,5.2,3.1,4.57,10.0,167.0,76
3.8,83.0,5.1,3.3,4.96,9.3,48.0,80
3.7,83.0,4.9,3.0,5.15,8.5,4.0,82
3.5,79.0,5.0,3.3,5.04,7.8,0.0,85
3.4,78.0,5.6,3.4,4.55,6.8,0.0,90
3.1,75.0,5.8,3.6,4.62,6.7,0.0,91
2.8,78.0,6.0,3.8,4.33,6.4,0.0,92
2.9,80.0,6.1,3.8,4.04,6.2,0.0,92
3.0,74.0,6.3,3.8,3.86,6.4,0.0,95
3.3,69.0,6.3,3.9,3.93,6.2,0.0,95
3.4,66.0,6.4,4.1,2.96,6.3,0.0,94
3.8,63.0,6.5,4.1,3.39,6.5,0.0,93
4.4,69.0,6.9,4.6,3.38,6.4,9.0,96
5.1,68.0,7.6,4.4,3.26,6.8,29.0,96
5.4,65.0,7.1,4.6,4.14,7.2,34.0,96
5.2,61.0,8.5,4.2,4.07,7.8,80.0,96
5.3,64.0,7.5,4.3,3.92,8.3,92.0,97
5.3,68.0,6.1,3.8,3.32,8.6,56.0,96
4.7,74.0,5.3,3.8,3.67,9.1,60.0,96
4.8,78.0,5.7,4.7,4.03,10.0,106.0,96
4.8,80.0,6.5,5.0,3.24,9.9,97.0,98
4.2,77.0,5.8,5.1,3.65,10.0,85.0,98
5.1,77.0,5.7,3.9,4.66,9.8,38.0,98
5.6,73.0,4.0,3.6,3.31,10.3,126.0,97
6.0,68.0,3.9,3.5,2.91,10.4,76.0,96
6.2,55.0,3.6,3.0,1.27,10.1,23.0,98
6.4,47.0,4.6,3.9,0.05,9.8,2.0,99
6.5,43.0,6.0,5.4,0.32,9.6,0.0,100
7.7,42.0,7.1,6.1,1.42,9.5,0.0,100
8.6,39.0,6.9,6.1,2.09,9.4,0.0,100
8.1,41.0,6.9,6.2,2.32,9.1,0.0,99
7.8,37.0,6.5,5.8,2.26,8.9,0.0,100
7.5,39.0,6.8,6.0,3.3,8.6,0.0,99
7.2,48.0,6.4,5.7,3.06,8.2,0.0,99
6.4,52.0,7.3,6.3,3.02,8.0,0.0,98
5.9,59.0,7.1,5.4,3.13,7.8,0.0,98
7.0,60.0,6.3,5.3,3.26,7.8,5.0,98
8.1,60.0,6.0,4.8,3.7,7.9,28.0,96
8.6,63.0,5.6,4.6,4.0,8.1,56.0,95
7.8,63.0,5.5,4.4,3.8,8.4,87.0,94
7.6,62.0,5.8,4.0,3.57,8.6,129.0,93
6.9,58.0,5.9,4.0,3.35,9.1,177.0,91
6.5,54.0,5.8,4.3,3.0,9.4,229.0,89
7.2,53.0,6.0,4.5,2.67,9.4,180.0,89
6.9,51.0,5.4,4.7,3.1,9.8,351.0,83
7.6,51.0,6.1,4.9,2.75,9.8,294.0,84
8.9,49.0,6.4,5.3,2.67,9.6,204.0,85
10.2,47.0,7.1,6.0,2.8,9.4,153.0,85
13.5,43.0,6.5,6.0,2.7,9.2,89.0,86
16.7,40.0,7.7,6.8,2.05,8.9,24.0,88
17.2,40.0,8.7,7.4,1.69,8.9,3.0,89
19.0,39.0,8.8,7.6,2.38,8.6,0.0,90
15.8,40.0,9.5,7.4,2.79,8.4,0.0,90
14.6,41.0,11.1,8.1,2.63,8.1,0.0,92
13.1,43.0,10.9,8.0,2.43,7.8,0.0,93
10.7,47.0,11.4,10.6,2.39,7.7,0.0,94
8.8,50.0,11.3,10.3,2.28,8.0,0.0,94
8.2,45.0,12.3,10.6,2.42,7.9,0.0,94
8.3,47.0,12.1,11.2,2.67,7.9,0.0,95
8.2,45.0,11.8,10.5,2.67,7.8,0.0,95
9.0,46.0,10.6,9.8,2.84,7.9,9.0,95
9.3,47.0,10.0,9.1,3.16,8.1,37.0,92
9.1,50.0,9.5,8.8,2.9,8.6,74.0,90
8.8,55.0,8.9,8.2,3.02,8.9,99.0,89
8.3,55.0,9.0,8.4,3.18,9.4,170.0,86
9.1,58.0,11.3,9.3,2.74,9.7,143.0,84
10.1,54.0,15.1,11.9,2.6,10.3,228.0,82
11.9,54.0,16.6,14.2,2.49,10.6,266.0,82
14.6,52.0,18.6,12.7,2.6,9.4,213.0,89
15.3,51.0,18.8,12.8,2.63,9.4,185.0,89
15.4,49.0,18.1,13.6,2.26,8.9,94.0,92
18.0,48.0,16.1,12.8,2.04,8.7,67.0,93
19.5,45.0,14.5,11.2,2.05,8.6,62.0,93
23.6,40.0,13.1,11.1,2.44,8.2,35.0,94
26.9,37.0,13.7,11.4,2.24,7.8,4.0,96
28.7,38.0,14.4,12.6,1.91,7.8,0.0,96
24.2,41.0,13.9,12.1,1.78,7.8,0.0,96
20.8,44.0,13.1,9.8,1.44,7.8,0.0,96
17.1,39.0,11.9,9.5,1.23,7.8,0.0,97
12.7,35.0,12.5,10.6,1.35,7.8,0.0,97
11.9,37.0,12.9,11.5,1.4,8.1,0.0,97
10.3,34.0,13.5,12.0,1.32,8.6,0.0,97
10.1,35.0,13.9,12.3,1.0,8.7,0.0,97
9.8,38.0,12.9,11.7,1.32,8.6,0.0,98
14.2,32.0,12.7,11.4,1.69,8.9,10.0,98
17.1,27.0,13.5,12.1,1.95,9.3,41.0,94
16.0,31.0,12.8,11.6,2.4,10.1,165.0,89
12.3,43.0,11.2,10.1,2.57,10.6,264.0,78
9.0,53.0,10.7,9.3,2.53,10.9,256.0,74
7.7,60.0,11.5,9.4,2.49,11.9,352.0,73
6.8,67.0,12.0,9.5,2.79,12.4,368.0,70
6.1,70.0,10.8,8.3,3.22,12.6,317.0,72
5.8,71.0,9.1,7.7,2.88,13.3,432.0,65
5.3,72.0,9.7,7.8,3.47,13.3,289.0,65
5.7,73.0,9.8,8.0,3.54,12.9,190.0,67
5.7,71.0,9.4,7.3,3.3,13.0,184.0,65
7.3,70.0,9.3,7.4,3.35,12.5,162.0,69
7.2,67.0,9.8,7.6,2.83,11.6,76.0,76
8.4,65.0,9.9,8.2,2.72,10.4,9.0,82
8.8,57.0,10.7,9.2,2.75,9.3,0.0,86
8.0,53.0,10.4,9.5,2.73,8.4,0.0,89
7.4,53.0,10.3,9.3,2.55,7.9,0.0,91
6.4,56.0,10.6,9.1,2.45,8.0,0.0,92
5.2,58.0,10.2,8.1,2.44,8.2,0.0,93
5.3,55.0,9.9,8.1,2.93,6.9,0.0,95
4.6,55.0,8.9,7.6,2.98,6.6,0.0,97
4.3,56.0,9.1,8.1,2.73,6.1,0.0,98
4.1,57.0,8.6,7.8,2.61,6.1,0.0,99
6.5,57.0,8.0,7.2,3.01,6.4,23.0,96
9.2,57.0,8.0,7.1,3.13,7.1,77.0,92
8.0,63.0,7.7,6.7,2.97,8.1,158.0,87
7.0,69.0,7.4,6.2,2.27,8.9,211.0,84
6.3,70.0,7.3,5.9,1.62,9.9,293.0,80
6.9,73.0,7.4,5.7,0.61,10.9,435.0,76
8.7,71.0,8.1,6.7,0.97,11.5,473.0,73
8.0,71.0,9.2,7.3,2.15,11.3,423.0,76
6.5,75.0,8.1,7.0,1.72,11.2,448.0,76
5.7,79.0,8.0,6.6,1.37,11.1,380.0,77
6.3,79.0,7.4,6.0,0.41,11.2,287.0,77
7.3,78.0,7.4,5.7,0.58,11.6,268.0,73
8.7,78.0,7.4,5.7,1.39,10.9,145.0,77
9.3,76.0,7.0,5.5,1.77,9.7,64.0,87
10.4,71.0,7.5,6.5,0.83,8.2,10.0,93
14.0,63.0,7.9,6.7,0.21,8.0,0.0,94
17.9,51.0,9.7,8.2,0.81,7.2,0.0,97
15.4,41.0,11.0,9.9,1.89,7.2,0.0,96
11.4,37.0,10.4,9.1,1.7,6.9,0.0,97
15.5,34.0,11.5,9.9,1.72,6.7,0.0,97
11.6,33.0,11.1,9.8,1.94,7.4,0.0,93
7.5,34.0,11.2,9.7,2.78,7.2,0.0,92
6.9,37.0,10.7,10.3,2.99,6.4,0.0,93
6.2,47.0,10.4,10.1,2.92,6.0,0.0,93
7.2,50.0,10.6,10.2,3.09,6.3,40.0,92
8.5,50.0,10.0,9.1,2.8,7.6,153.0,89
7.8,44.0,8.7,7.9,2.98,8.9,285.0,85
6.2,49.0,7.6,6.6,3.85,10.5,446.0,77
4.8,54.0,5.7,5.3,4.27,11.7,538.0,71
4.1,58.0,5.2,5.0,4.03,12.4,517.0,66
3.9,61.0,5.6,5.1,3.19,12.6,490.0,63
4.0,66.0,5.8,5.6,2.52,12.6,539.0,65
3.8,70.0,6.1,5.5,1.64,12.4,535.0,71
4.1,72.0,6.1,5.4,1.66,13.1,586.0,65
5.1,71.0,5.8,5.3,1.76,13.2,509.0,61
6.3,71.0,5.1,4.4,1.35,12.9,376.0,61
7.6,72.0,5.3,4.5,1.41,11.9,238.0,73
9.3,70.0,5.6,4.3,1.13,10.4,108.0,89
11.6,64.0,5.8,5.0,1.68,8.9,13.0,96
14.1,46.0,8.5,6.7,0.93,8.1,0.0,97
15.1,40.0,10.7,8.6,1.36,7.7,0.0,95
13.8,47.0,9.8,8.4,1.98,7.3,0.0,93
8.9,48.0,9.8,8.3,1.74,6.6,0.0,94
6.7,50.0,8.4,7.0,2.21,5.8,0.0,96
6.7,48.0,9.2,6.3,2.56,6.2,0.0,95
5.7,51.0,8.7,6.0,2.72,5.8,0.0,92
5.3,57.0,9.5,5.6,2.39,5.1,0.0,90
6.3,60.0,10.8,5.9,2.3,4.5,0.0,91
10.9,58.0,10.9,6.6,2.06,5.0,46.0,91
11.6,51.0,11.0,6.7,1.79,6.2,167.0,90
10.2,51.0,11.0,5.7,1.32,7.8,315.0,86
7.8,57.0,11.4,5.7,0.91,9.4,460.0,81
6.7,64.0,11.6,6.6,0.5,10.8,584.0,72
5.8,78.0,11.9,6.2,0.8,11.8,679.0,68
5.0,86.0,11.1,6.7,1.39,12.2,736.0,68
4.9,87.0,10.6,6.8,1.77,12.4,740.0,66
4.9,88.0,12.1,7.6,1.77,12.4,711.0,65
4.8,87.0,11.6,7.6,2.9,12.2,613.0,67
5.4,87.0,10.2,7.4,3.11,11.6,444.0,66
6.5,84.0,10.2,7.3,1.74,11.3,287.0,64
6.9,79.0,10.5,7.3,1.8,10.8,194.0,66
9.4,79.0,11.9,8.3,2.11,10.1,90.0,72
11.7,68.0,12.8,10.8,2.04,8.6,14.0,80
10.7,61.0,13.7,12.4,1.35,7.8,0.0,85
11.7,63.0,14.7,13.2,1.74,7.4,0.0,88
9.6,64.0,15.2,13.8,1.86,7.2,0.0,90
9.5,58.0,16.1,14.5,1.43,7.1,0.0,90
10.5,60.0,16.3,15.6,1.3,6.6,0.0,91
11.1,50.0,16.3,15.7,1.45,7.0,0.0,92
12.0,51.0,16.8,16.2,1.36,6.8,0.0,93
12.7,46.0,16.9,16.4,1.05,6.2,0.0,96
13.9,41.0,17.6,16.1,0.5,6.0,0.0,98
15.2,41.0,16.8,15.5,0.61,6.8,45.0,99
15.1,47.0,16.2,15.4,1.0,8.2,151.0,93
9.7,49.0,14.4,13.4,1.3,9.4,281.0,78
7.5,60.0,12.5,9.9,1.53,10.6,423.0,73
5.5,64.0,10.8,8.9,2.01,11.5,556.0,72
4.6,69.0,9.7,9.1,2.51,12.2,667.0,69
4.0,80.0,9.1,8.4,3.02,12.6,694.0,68
4.0,82.0,8.5,7.9,3.15,12.9,662.0,68
4.2,87.0,8.1,7.5,3.44,13.2,588.0,68
4.3,91.0,8.4,7.7,3.67,13.0,526.0,70
4.5,92.0,8.7,7.6,3.65,12.9,474.0,69
4.6,89.0,8.3,7.5,3.53,12.5,364.0,67
4.8,88.0,7.8,7.2,3.03,12.1,251.0,70
5.2,87.0,7.7,6.9,3.2,10.9,113.0,76
5.8,81.0,7.8,6.3,3.35,9.9,17.0,78
5.8,78.0,7.4,5.9,3.6,9.6,0.0,77
5.2,81.0,7.5,5.7,3.71,9.3,0.0,79
5.2,76.0,8.2,6.3,2.86,8.6,0.0,85
5.3,73.0,8.3,6.3,2.13,8.0,0.0,87
6.2,63.0,8.5,6.5,2.11,7.4,0.0,87
6.7,59.0,8.8,6.8,2.4,7.2,0.0,87
6.6,61.0,9.1,6.7,2.69,6.8,0.0,85
5.9,60.0,9.0,6.4,2.86,6.3,0.0,83
5.4,60.0,8.8,6.2,2.76,6.2,1.0,81
5.3,59.0,8.3,6.1,3.06,6.9,52.0,80
4.5,65.0,7.4,5.7,3.3,8.6,175.0,79
4.0,69.0,7.1,5.0,3.27,9.6,324.0,74
3.3,71.0,6.9,4.9,3.41,10.6,469.0,70
3.4,72.0,7.2,5.1,3.89,11.4,595.0,62
3.2,75.0,6.8,5.3,4.21,11.8,690.0,61
3.0,81.0,7.2,5.6,4.19,12.0,747.0,62
2.7,87.0,7.9,5.7,4.03,12.3,771.0,62
2.7,92.0,8.1,5.7,3.26,12.9,722.0,58
2.6,97.0,7.4,5.6,3.29,13.1,577.0,60
2.9,100.0,7.8,5.5,4.05,12.8,480.0,62
3.2,101.0,7.3,5.7,4.09,12.6,383.0,62
3.7,100.0,7.1,5.3,3.62,12.1,250.0,63
4.0,96.0,7.0,4.8,3.2,11.1,114.0,68
4.1,88.0,6.4,4.9,3.52,9.9,18.0,67
4.2,79.0,6.4,5.3,3.65,9.4,0.0,69
4.7,78.0,7.0,6.2,3.64,8.8,0.0,74
5.2,77.0,8.1,7.2,3.51,8.2,0.0,78
5.6,73.0,9.0,7.6,3.31,7.7,0.0,79
5.0,66.0,10.3,8.6,3.16,7.3,0.0,80
5.1,63.0,10.7,8.8,2.7,6.2,0.0,81
5.2,65.0,11.1,9.0,2.52,5.9,0.0,83
5.3,73.0,11.4,9.2,2.49,5.6,0.0,84
4.8,73.0,10.9,9.0,2.72,5.7,1.0,82
6.4,69.0,10.4,9.1,3.14,6.9,47.0,77
7.4,64.0,9.9,8.7,3.44,8.9,164.0,77
5.7,73.0,9.8,8.5,2.83,11.2,312.0,71
4.5,80.0,8.4,7.8,3.29,13.1,410.0,61
3.7,88.0,7.9,6.3,3.88,14.6,531.0,53
3.1,94.0,7.5,5.7,4.32,15.7,639.0,49
3.0,98.0,8.1,5.8,4.63,16.6,713.0,50
2.9,98.0,8.8,6.9,5.09,17.4,713.0,49
2.6,101.0,9.3,7.1,5.5,17.8,544.0,47
2.9,103.0,11.1,9.4,6.07,18.1,570.0,47
3.2,104.0,13.0,10.1,6.52,17.6,467.0,47
3.6,100.0,12.2,9.7,5.97,16.8,370.0,52
4.0,94.0,11.6,8.4,5.59,15.6,233.0,61
3.7,89.0,9.6,6.0,5.22,14.1,113.0,70
3.9,85.0,9.4,6.0,5.11,12.7,19.0,77
3.9,81.0,9.9,6.7,5.05,11.8,0.0,82
3.9,79.0,11.0,7.4,5.21,10.9,0.0,86
3.1,76.0,10.3,7.3,5.16,10.2,0.0,90
2.7,73.0,9.9,7.1,5.31,10.1,0.0,91
2.2,71.0,9.3,6.6,5.68,9.9,0.0,92
2.2,69.0,8.8,6.3,5.49,10.1,0.0,94
2.1,67.0,8.0,5.8,5.52,9.8,0.0,95
2.1,66.0,7.1,4.9,5.46,9.9,0.0,93
2.3,66.0,6.0,4.2,5.57,9.9,1.0,89
2.8,69.0,4.9,3.5,5.73,10.1,36.0,83
3.5,74.0,4.5,3.2,4.77,10.6,136.0,79
3.1,75.0,4.4,3.3,5.1,11.8,316.0,73
2.8,82.0,4.3,3.0,5.3,12.9,458.0,66
2.4,85.0,4.2,2.8,5.05,14.0,581.0,60
2.3,87.0,4.0,2.5,4.87,14.9,676.0,56
2.2,89.0,3.9,2.4,4.68,15.7,732.0,53
2.3,92.0,4.0,2.3,4.74,16.3,741.0,52
2.6,90.0,4.1,2.3,4.75,16.8,713.0,47
3.0,87.0,4.0,2.3,4.93,16.8,639.0,47
3.3,84.0,3.8,2.4,5.14,16.5,532.0,50
3.0,83.0,3.6,2.4,5.23,15.9,397.0,57
3.2,79.0,3.4,2.4,4.83,15.1,257.0,63
3.6,76.0,3.7,2.7,4.27,13.9,116.0,70
3.2,73.0,3.8,2.9,3.87,12.6,21.0,77
3.1,68.0,4.4,3.4,4.03,11.9,0.0,82
2.9,68.0,4.9,3.9,4.34,11.6,0.0,86
2.5,70.0,5.3,4.3,4.67,10.6,0.0,91
2.4,69.0,6.1,4.8,4.86,9.8,0.0,93
2.6,66.0,6.2,4.6,4.94,9.5,0.0,94
2.4,67.0,6.2,4.9,4.65,9.8,0.0,93
2.5,67.0,6.4,5.0,4.49,9.8,0.0,92
2.7,67.0,6.4,5.6,4.0,9.6,0.0,93
3.1,65.0,7.9,6.9,3.86,9.4,2.0,94
4.5,67.0,9.6,8.2,3.91,9.9,36.0,93
5.4,68.0,12.1,9.3,3.15,10.9,108.0,90
6.2,67.0,13.3,9.5,4.0,12.2,214.0,84
5.6,69.0,13.2,8.4,3.99,13.8,341.0,79
4.8,73.0,11.9,9.8,4.0,15.4,482.0,73
3.8,84.0,13.7,11.0,4.58,16.9,660.0,66
3.1,94.0,16.5,13.8,4.61,17.8,701.0,61
2.8,102.0,17.2,14.3,4.99,18.7,741.0,55
2.5,105.0,16.2,11.7,5.6,19.2,683.0,52
2.7,103.0,13.3,9.4,5.62,18.7,481.0,53
2.9,102.0,12.6,8.9,5.72,18.8,486.0,54
3.5,104.0,13.7,11.0,5.03,18.4,374.0,56
4.0,103.0,15.0,11.7,4.23,17.5,251.0,60
4.7,99.0,17.3,14.0,2.98,16.0,103.0,69
5.6,92.0,17.9,14.9,2.22,14.4,19.0,77
7.2,83.0,18.5,15.6,2.38,13.1,0.0,81
7.6,72.0,18.4,16.3,2.59,11.7,0.0,86
7.1,66.0,19.1,16.5,1.96,10.5,0.0,91
6.8,63.0,19.3,17.3,1.7,9.6,0.0,93
6.1,63.0,18.4,15.6,1.66,9.0,0.0,94
6.5,63.0,18.4,15.2,2.02,8.4,0.0,95
6.3,64.0,17.5,14.4,2.15,8.1,0.0,95
6.5,61.0,17.7,15.1,2.44,7.8,0.0,95
6.9,57.0,16.7,13.8,2.67,7.8,3.0,95
10.4,50.0,17.4,13.7,2.85,8.8,64.0,92
10.3,58.0,18.3,15.8,2.42,10.6,183.0,89
9.3,57.0,20.5,16.6,2.43,12.7,306.0,82
8.9,65.0,20.8,16.9,2.97,14.9,462.0,73
6.9,72.0,19.4,15.8,3.32,16.2,568.0,68
5.9,75.0,16.4,14.6,3.54,17.5,664.0,63
4.9,84.0,14.3,12.9,3.69,18.2,726.0,61
4.5,85.0,11.4,10.2,3.76,18.9,755.0,61
3.9,90.0,10.4,7.0,3.83,19.2,722.0,60
3.5,91.0,9.9,6.6,3.95,19.2,646.0,61
3.6,90.0,8.0,5.7,3.95,19.1,523.0,64
4.4,88.0,8.4,5.5,3.66,18.5,391.0,70
4.7,86.0,8.5,5.1,3.32,17.9,266.0,76
4.9,84.0,8.0,5.4,3.55,17.1,127.0,78
6.0,82.0,8.6,6.2,3.91,16.5,21.0,78
5.9,82.0,9.4,6.4,4.37,15.6,0.0,82
6.2,81.0,10.9,7.9,4.55,15.2,0.0,80
7.1,79.0,14.5,11.1,4.29,14.4,0.0,81
7.4,81.0,14.5,11.7,3.85,13.4,0.0,84
4.5,92.0,16.1,13.5,3.79,12.4,0.0,81
4.4,87.0,17.7,15.0,4.03,11.6,0.0,80
3.9,84.0,23.2,19.6,4.1,10.9,0.0,80
3.4,90.0,24.0,22.0,4.1,10.6,0.0,80
4.2,87.0,25.8,22.7,4.33,10.5,3.0,81
5.5,90.0,27.7,23.8,4.24,11.0,48.0,82
6.5,89.0,27.7,22.7,4.11,11.8,126.0,82
5.4,89.0,15.7,14.8,4.56,10.8,101.0,90
3.7,92.0,8.2,7.6,4.58,11.7,160.0,85
2.6,87.0,3.9,2.6,5.37,13.4,462.0,70
1.7,83.0,4.2,2.7,5.82,14.1,590.0,64
1.7,83.0,3.6,2.6,6.04,14.6,735.0,54
1.6,84.0,4.6,2.5,6.36,14.8,773.0,48
1.8,86.0,4.8,2.4,5.88,14.9,744.0,46
2.0,84.0,5.4,2.4,6.44,14.8,665.0,46
1.9,82.0,6.2,2.8,6.8,14.0,524.0,48
2.0,79.0,6.6,3.1,6.69,13.0,387.0,50
1.9,80.0,6.9,3.3,6.31,11.9,261.0,55
1.8,78.0,7.5,3.6,5.95,10.9,119.0,59
2.0,76.0,8.2,4.0,5.71,9.9,27.0,65
2.1,75.0,7.6,4.2,5.51,9.4,0.0,69
2.0,74.0,8.2,4.3,5.36,8.6,0.0,77
1.9,72.0,8.6,4.2,5.22,8.0,0.0,81
1.7,70.0,8.5,4.0,5.02,7.8,0.0,82
1.7,69.0,8.9,3.9,5.11,7.7,0.0,83
1.6,68.0,8.8,3.8,4.96,7.4,0.0,83
1.6,67.0,8.4,3.8,4.66,7.6,0.0,83
1.7,66.0,8.4,3.8,4.45,7.4,0.0,86
1.9,65.0,7.6,3.9,4.18,7.3,4.0,88
1.9,65.0,8.2,4.1,4.5,8.2,60.0,85
1.7,67.0,7.8,3.9,5.89,9.3,130.0,79
1.5,68.0,7.0,3.3,6.03,10.4,244.0,70
1.5,71.0,6.1,3.1,5.9,11.1,334.0,67
1.8,73.0,5.1,3.1,5.85,11.8,371.0,63
1.9,75.0,4.8,2.9,5.68,11.5,280.0,67
1.9,75.0,4.3,2.8,5.46,11.6,363.0,69
1.7,76.0,3.8,2.5,5.83,11.1,253.0,77
1.8,75.0,3.5,2.2,4.95,9.9,124.0,83
2.2,73.0,3.0,2.0,5.33,9.5,125.0,85
2.6,73.0,2.9,1.9,4.36,8.9,77.0,92
2.6,77.0,3.0,2.6,3.1,8.4,52.0,93
2.6,75.0,4.6,3.7,3.21,8.6,85.0,89
2.5,75.0,7.0,4.2,3.78,8.0,34.0,89
2.8,77.0,7.1,4.4,4.5,7.6,12.0,90
2.7,72.0,8.1,3.9,4.0,6.7,0.0,89
2.7,69.0,8.3,3.7,3.75,5.9,0.0,91
2.5,67.0,7.1,3.8,3.9,5.3,0.0,93
2.5,66.0,6.4,3.0,3.87,5.0,0.0,93
2.5,66.0,6.1,2.7,3.75,4.8,0.0,93
2.8,63.0,6.4,2.9,4.39,5.1,0.0,93
2.9,62.0,7.4,3.6,4.65,5.3,0.0,94
3.1,59.0,5.9,3.8,4.45,5.4,0.0,95
3.3,55.0,5.2,3.6,5.04,5.7,5.0,94
3.7,56.0,5.1,3.7,5.66,6.2,63.0,91
3.3,64.0,3.8,2.3,6.17,7.9,150.0,84
2.0,76.0,3.8,2.6,6.97,8.9,287.0,71
1.4,82.0,4.3,2.6,7.01,9.8,452.0,64
1.1,83.0,4.4,2.3,6.63,10.1,543.0,61
1.0,85.0,4.3,2.3,6.25,10.4,636.0,60
0.9,85.0,4.4,2.2,5.79,10.3,687.0,56
0.9,84.0,4.5,1.9,6.35,10.4,742.0,55
0.9,86.0,4.3,1.8,5.87,10.0,667.0,51
1.0,88.0,4.2,1.9,5.99,9.6,579.0,50
1.0,92.0,4.1,1.9,6.2,9.2,514.0,44
1.1,93.0,4.1,1.9,5.62,9.4,367.0,37
1.4,90.0,4.1,2.0,5.95,8.9,265.0,42
1.5,85.0,4.0,2.0,4.59,8.1,142.0,51
1.9,80.0,4.0,2.1,4.18,7.2,32.0,57
3.0,78.0,4.1,2.3,3.66,6.4,0.0,60
3.7,72.0,4.2,2.5,3.63,5.8,0.0,62
4.0,69.0,4.2,2.5,3.34,5.4,0.0,65
4.3,69.0,4.0,2.6,3.08,5.1,0.0,67
5.1,62.0,3.9,2.7,2.85,4.7,0.0,66
4.9,66.0,3.9,2.6,2.55,3.8,0.0,71
5.5,66.0,3.9,2.6,2.25,3.5,0.0,73
5.8,58.0,3.8,2.6,2.19,2.8,0.0,76
6.6,49.0,4.2,2.9,3.36,2.0,6.0,78
8.3,44.0,4.6,3.5,3.11,3.2,83.0,73
9.2,51.0,5.0,3.8,2.09,5.8,217.0,71
7.4,60.0,4.5,3.2,1.07,8.2,368.0,60
5.1,82.0,4.1,2.7,1.32,9.7,511.0,46
3.7,84.0,4.0,2.5,1.76,10.7,634.0,42
3.3,87.0,3.8,2.5,1.96,11.6,726.0,38
2.6,87.0,3.9,2.9,2.17,12.2,779.0,38
2.2,89.0,3.7,2.8,2.62,13.2,772.0,35
2.7,91.0,3.7,2.9,2.56,13.5,701.0,35
2.7,94.0,3.9,2.7,2.38,14.4,596.0,31
2.4,95.0,3.8,2.7,2.8,13.8,538.0,36
2.4,93.0,4.0,2.8,5.0,13.1,416.0,38
2.4,89.0,5.3,3.2,5.66,12.0,287.0,46
2.0,94.0,6.2,3.7,5.51,10.1,146.0,58
2.2,88.0,7.1,3.5,5.35,8.2,36.0,69
2.2,84.0,7.1,3.4,4.97,7.3,0.0,70
2.4,76.0,7.4,3.1,4.87,7.4,0.0,72
2.4,71.0,9.0,2.9,4.6,7.9,0.0,79
2.1,69.0,9.1,3.2,4.71,7.8,0.0,83
2.2,69.0,7.6,3.4,5.0,7.8,0.0,86
2.2,70.0,7.6,3.7,5.11,8.3,0.0,85
2.2,71.0,8.4,4.1,4.81,7.4,0.0,90
2.3,68.0,9.2,4.3,4.43,6.9,0.0,92
3.0,67.0,8.3,4.4,4.15,6.6,7.0,91
3.7,65.0,7.5,4.3,3.94,7.3,83.0,87
4.6,62.0,6.5,3.8,3.61,8.8,217.0,80
4.0,66.0,5.0,2.8,3.94,10.4,366.0,70
2.7,78.0,4.6,2.1,4.7,11.9,498.0,57
2.1,77.0,3.9,1.9,4.25,12.3,607.0,50
1.5,81.0,3.2,1.8,4.21,12.5,696.0,48
1.4,83.0,2.7,1.7,4.24,12.6,762.0,46
1.4,84.0,2.7,1.8,4.03,12.6,783.0,44
1.7,86.0,2.9,1.8,4.16,13.4,758.0,36
2.4,86.0,3.1,1.9,4.11,13.5,690.0,36
2.7,86.0,3.7,2.0,3.18,13.6,572.0,41
3.0,85.0,3.6,2.0,3.33,13.1,361.0,48
3.1,88.0,3.7,2.0,3.22,11.9,225.0,53
3.6,86.0,3.5,2.0,2.94,11.1,111.0,56
4.6,81.0,3.9,2.1,2.74,9.9,27.0,63
5.4,80.0,4.3,2.3,2.72,9.0,0.0,67
6.3,76.0,4.7,2.5,2.15,8.1,0.0,74
7.1,69.0,5.0,2.7,2.15,7.2,0.0,80
6.9,65.0,5.4,3.0,2.25,6.8,0.0,80
6.7,55.0,5.2,3.4,2.15,6.4,0.0,77
7.4,54.0,5.0,3.5,2.0,5.7,0.0,78
7.0,51.0,5.3,3.8,2.76,5.7,0.0,79
6.6,49.0,5.5,3.7,2.79,5.7,0.0,79
6.5,50.0,5.6,3.7,2.62,5.9,8.0,81
7.7,53.0,6.0,3.9,2.79,7.4,87.0,80
7.1,61.0,6.4,3.8,2.26,9.3,215.0,77
6.4,65.0,6.5,3.7,2.25,10.6,358.0,75
5.6,67.0,5.8,3.3,2.2,11.7,503.0,68
4.9,69.0,5.5,3.1,2.26,12.4,627.0,61
5.2,73.0,5.6,2.9,2.27,13.1,719.0,52
5.5,76.0,4.8,2.8,2.34,13.6,773.0,44
5.9,78.0,4.4,2.6,2.15,14.1,766.0,39
5.5,80.0,4.2,2.5,2.48,14.7,734.0,31
5.6,82.0,4.5,2.6,2.23,14.7,663.0,29
5.6,82.0,4.7,2.7,1.87,14.4,560.0,29
5.7,82.0,4.2,2.8,1.41,14.1,439.0,29
6.8,87.0,3.9,2.4,1.43,13.7,294.0,31
10.2,79.0,3.7,2.7,1.77,13.0,156.0,34
12.2,75.0,4.6,2.8,1.61,11.5,39.0,49
16.4,58.0,6.7,5.1,1.28,10.6,0.0,57
19.8,54.0,7.9,6.2,1.52,9.6,0.0,63
20.1,48.0,8.0,6.3,1.72,8.4,0.0,65
16.8,48.0,7.4,5.9,1.57,7.9,0.0,65
15.6,50.0,7.9,5.9,1.24,7.2,0.0,69
15.7,47.0,8.7,6.6,1.24,5.4,0.0,73
15.0,48.0,9.3,7.4,1.71,4.7,0.0,77
13.0,47.0,9.4,7.7,1.9,4.4,0.0,77
11.5,47.0,8.9,7.6,1.89,4.1,9.0,78
12.0,40.0,9.0,7.2,1.91,5.6,88.0,73
11.3,39.0,10.3,7.8,1.43,8.0,221.0,63
9.0,48.0,9.0,7.3,1.45,10.2,368.0,56
7.0,63.0,8.4,6.9,1.91,12.1,512.0,45
5.8,71.0,7.1,5.8,2.11,13.3,634.0,42
4.5,75.0,6.2,4.3,2.51,14.2,725.0,36
4.1,84.0,5.7,3.5,2.4,15.0,778.0,34
4.6,91.0,5.0,3.6,2.12,15.4,787.0,35
4.7,93.0,5.0,3.5,2.41,15.2,718.0,39
4.9,93.0,5.5,3.8,2.98,14.1,551.0,49
5.3,90.0,5.5,3.6,2.48,13.7,417.0,47
5.5,91.0,5.8,3.4,2.26,13.6,431.0,46
6.3,90.0,5.9,3.8,2.46,13.1,287.0,45
8.1,81.0,5.8,3.6,1.73,12.3,150.0,45
10.9,76.0,6.0,3.9,1.22,11.5,42.0,52
13.3,72.0,6.8,4.9,1.36,10.5,0.0,61
13.0,67.0,8.1,5.7,2.57,9.4,0.0,69
12.3,57.0,9.7,7.6,2.87,9.0,0.0,70
8.8,56.0,8.8,7.5,2.95,8.6,0.0,73
6.4,57.0,8.1,6.6,2.8,8.1,0.0,79
5.9,52.0,7.3,5.9,3.17,6.8,0.0,81
5.0,53.0,7.2,5.7,3.52,6.2,0.0,81
4.6,54.0,7.5,5.5,3.97,5.7,0.0,86
4.5,56.0,7.5,5.2,4.28,5.8,10.0,94
5.7,60.0,7.5,4.8,4.88,7.1,75.0,93
5.2,58.0,6.9,5.0,4.86,8.1,146.0,89
4.0,59.0,6.5,4.8,5.1,9.6,236.0,81
3.0,63.0,5.7,3.6,5.57,11.7,367.0,71
2.5,67.0,6.3,3.5,5.69,13.1,503.0,67
2.2,73.0,5.5,3.4,5.86,13.9,555.0,63
1.9,77.0,5.2,3.4,5.8,14.7,568.0,59
2.0,79.0,4.9,3.3,5.75,15.4,583.0,56
2.0,81.0,5.1,3.4,6.39,14.5,565.0,61
2.2,81.0,6.0,3.3,6.36,14.9,476.0,59
2.4,82.0,5.1,3.3,6.13,15.0,405.0,58
2.3,82.0,5.2,3.3,6.02,14.9,370.0,58
2.4,84.0,5.7,3.5,5.76,13.6,277.0,64
2.4,85.0,5.6,4.0,5.05,12.4,145.0,68
2.6,84.0,6.5,3.9,4.32,11.4,39.0,72
3.2,82.0,6.7,3.7,4.35,10.1,0.0,76
3.3,80.0,6.6,3.7,4.19,9.3,0.0,79
3.1,78.0,7.0,3.9,3.83,8.8,0.0,82
3.0,75.0,7.0,3.8,3.51,8.6,0.0,83
3.2,69.0,7.2,3.9,3.09,8.4,0.0,84
3.2,68.0,7.2,4.2,3.13,7.7,0.0,89
3.2,66.0,7.1,4.4,3.16,8.1,0.0,87
3.2,64.0,6.9,4.5,3.08,7.4,0.0,91
3.2,62.0,6.9,4.3,3.3,7.4,10.0,91
3.3,63.0,6.6,4.3,2.96,8.2,78.0,88
3.5,62.0,6.5,4.3,2.12,9.6,175.0,83
3.0,65.0,6.7,4.0,2.0,11.1,323.0,76
3.1,68.0,6.8,3.5,1.75,12.7,491.0,71
3.0,71.0,6.5,3.8,1.56,14.2,609.0,65
3.6,74.0,7.3,4.0,1.09,15.6,691.0,58
3.2,78.0,6.7,3.9,0.65,17.0,724.0,47
2.8,81.0,6.1,3.8,1.01,17.5,708.0,47
3.1,84.0,6.0,4.0,3.29,15.5,653.0,70
3.1,84.0,6.6,4.5,3.29,15.2,593.0,73
3.6,85.0,6.4,4.3,3.55,14.8,483.0,68
4.1,87.0,6.7,4.1,3.38,14.4,351.0,65
4.8,88.0,6.7,4.4,2.89,14.0,246.0,67
5.7,87.0,6.4,3.9,2.43,13.1,141.0,73
7.8,81.0,6.1,4.2,2.19,12.3,40.0,81
12.2,74.0,6.6,4.1,2.91,11.8,1.0,84
11.3,65.0,7.8,4.7,3.57,11.3,0.0,87
10.7,61.0,7.6,5.5,3.46,10.8,0.0,92
8.4,64.0,8.4,5.2,3.58,10.5,0.0,94
6.3,69.0,8.9,6.1,4.1,10.3,0.0,95
5.4,71.0,8.1,5.4,4.16,9.9,0.0,94
4.9,70.0,6.5,4.6,4.1,9.6,0.0,94
4.6,71.0,5.9,3.6,4.15,9.4,0.0,93
4.7,70.0,5.6,3.4,4.11,9.6,9.0,91
4.3,70.0,5.0,3.4,4.18,9.9,74.0,86
3.8,72.0,4.7,3.1,4.12,10.4,184.0,81
3.5,73.0,4.6,3.1,3.75,11.2,303.0,76
3.1,73.0,4.4,2.9,3.58,11.9,391.0,72
2.8,76.0,4.4,2.9,3.72,12.4,479.0,69
2.5,81.0,5.0,2.9,3.79,12.7,579.0,68
2.3,86.0,5.2,3.1,3.76,13.0,673.0,64
2.6,89.0,5.3,3.2,3.62,13.4,712.0,59
3.0,92.0,5.0,3.3,3.61,13.8,759.0,55
3.1,93.0,4.6,3.3,3.29,13.8,692.0,57
3.4,95.0,4.8,3.3,3.05,13.8,579.0,61
3.9,98.0,5.0,3.3,3.18,13.4,448.0,63
4.5,97.0,5.5,3.7,3.35,12.9,303.0,63
5.2,94.0,5.6,4.2,3.24,12.3,165.0,67
7.5,91.0,5.7,3.8,2.77,11.5,50.0,76
8.7,87.0,5.3,3.8,2.65,10.9,1.0,86
9.1,79.0,5.5,3.8,3.61,10.4,0.0,82
6.7,78.0,5.2,3.7,3.45,9.6,0.0,78
4.8,76.0,5.1,3.1,3.13,9.0,0.0,79
4.6,76.0,4.8,2.8,2.89,8.6,0.0,79
5.1,76.0,4.5,2.9,3.24,7.9,0.0,82
5.4,75.0,4.4,3.2,2.96,7.7,0.0,83
5.5,73.0,4.4,3.3,2.49,7.4,0.0,86
5.7,73.0,4.3,3.2,2.38,7.5,14.0,87
6.4,72.0,4.3,2.8,2.53,8.7,101.0,83
4.9,75.0,4.3,2.7,2.52,10.1,233.0,73
4.2,78.0,4.4,2.7,2.37,11.1,379.0,64
3.9,80.0,4.3,2.8,2.53,11.9,514.0,57
3.5,83.0,4.3,3.2,2.61,12.7,632.0,54
3.1,85.0,4.3,3.3,2.76,13.4,729.0,53
3.3,88.0,4.2,3.5,2.76,13.4,664.0,52
3.2,88.0,4.7,3.5,2.58,14.1,767.0,51
3.7,89.0,4.5,3.6,2.73,14.8,758.0,48
4.2,89.0,4.8,3.7,2.59,14.9,685.0,49
4.5,89.0,5.1,3.7,2.12,14.8,582.0,52
5.4,88.0,5.4,3.9,1.93,14.4,452.0,55
6.0,88.0,5.8,4.3,1.87,14.1,308.0,57
6.3,88.0,6.0,4.7,1.5,13.6,167.0,60
7.7,84.0,6.6,5.9,1.57,12.8,52.0,66
8.9,79.0,8.1,7.5,1.94,11.6,1.0,74
10.7,70.0,10.5,9.4,2.41,10.6,0.0,78
10.3,70.0,11.4,10.0,2.5,9.9,0.0,79
8.8,66.0,11.4,9.6,2.55,9.4,0.0,80
6.2,61.0,10.1,8.9,2.83,8.9,0.0,83
6.0,61.0,9.6,8.1,2.89,7.8,0.0,87
4.9,59.0,8.9,7.4,3.09,7.6,0.0,86
4.7,56.0,8.0,7.1,3.32,7.5,0.0,85
4.8,56.0,7.8,7.2,3.61,7.8,15.0,83
6.8,55.0,8.2,7.4,3.9,9.1,103.0,79
6.3,59.0,7.3,6.3,3.52,11.1,235.0,73
4.3,68.0,5.8,4.6,3.57,13.4,379.0,63
3.4,79.0,4.7,3.2,4.37,15.5,519.0,52
2.5,87.0,4.6,3.0,4.89,17.0,636.0,49
2.1,91.0,4.3,3.0,5.34,18.1,682.0,45
2.1,94.0,3.9,2.8,5.68,18.7,673.0,43
1.8,95.0,3.7,2.6,6.03,19.2,728.0,41
2.1,94.0,3.8,2.9,6.43,19.7,752.0,35
2.2,92.0,4.5,3.2,6.66,19.4,668.0,32
2.4,91.0,5.2,3.5,6.62,18.5,533.0,36
2.6,91.0,6.3,3.7,6.58,17.5,439.0,45
2.5,92.0,7.0,3.8,6.31,16.4,228.0,50
2.5,91.0,7.2,4.1,6.24,15.2,123.0,55
2.6,91.0,7.2,4.5,6.04,14.1,35.0,58
2.9,90.0,7.7,4.7,5.88,13.1,1.0,62
2.9,87.0,8.5,4.9,5.51,12.1,0.0,67
2.7,86.0,9.1,5.1,5.41,11.4,0.0,71
2.6,86.0,9.9,5.5,5.41,10.9,0.0,73
2.3,85.0,10.1,5.6,5.54,10.4,0.0,75
2.3,84.0,10.3,6.4,5.42,9.4,0.0,83
2.3,83.0,11.3,6.7,5.39,8.9,0.0,89
2.3,81.0,11.6,6.8,5.35,8.7,0.0,93
2.8,77.0,10.0,6.0,4.99,8.9,17.0,92
4.0,74.0,10.3,5.3,4.15,9.8,99.0,87
5.1,68.0,10.9,5.5,3.81,11.6,235.0,79
5.0,71.0,10.1,5.2,4.12,13.5,386.0,72
5.1,75.0,8.9,4.6,5.31,15.1,516.0,68
3.5,77.0,7.7,5.3,5.75,15.3,631.0,57
2.0,78.0,6.0,4.1,5.84,15.6,722.0,45
1.8,92.0,5.7,3.4,5.85,15.6,714.0,37
1.8,106.0,5.1,3.0,5.78,14.9,689.0,36
1.9,108.0,5.0,2.9,5.35,13.8,703.0,40
2.1,105.0,5.0,2.9,5.21,13.4,627.0,41
2.0,103.0,4.8,2.8,4.76,13.1,520.0,48
2.1,103.0,4.5,2.9,3.95,12.6,373.0,54
2.6,103.0,4.7,3.0,3.7,11.7,184.0,58
3.1,102.0,4.7,3.2,3.8,11.1,86.0,58
3.0,96.0,4.9,3.1,3.59,10.6,45.0,60
3.2,93.0,4.8,2.9,4.36,9.9,2.0,54
3.7,90.0,4.7,2.6,4.19,9.2,0.0,51
4.0,88.0,4.6,2.8,4.35,8.8,0.0,51
3.5,87.0,4.7,2.9,5.96,9.4,0.0,46
3.1,86.0,4.8,2.6,6.0,9.4,0.0,52
2.3,82.0,4.8,2.6,5.41,8.2,0.0,65
2.3,79.0,5.2,2.5,5.06,8.0,0.0,69
2.3,76.0,4.3,2.2,5.34,8.0,0.0,66
2.4,77.0,4.3,2.0,5.68,8.1,19.0,65
2.4,74.0,4.2,2.0,5.7,8.9,114.0,63
1.9,76.0,4.0,2.0,6.17,9.6,250.0,60
1.8,81.0,4.0,2.0,6.38,10.4,396.0,58
1.3,84.0,4.1,2.0,6.32,11.1,537.0,57
1.1,84.0,4.4,2.0,6.2,12.0,656.0,54
1.0,82.0,4.5,1.9,5.76,13.1,746.0,49
1.0,83.0,4.1,1.8,5.66,14.1,799.0,45
1.2,84.0,3.6,1.8,5.48,14.7,794.0,44
1.3,85.0,3.4,1.9,5.36,15.4,773.0,40
1.6,88.0,3.5,2.4,5.07,15.8,660.0,38
2.0,92.0,3.9,2.5,5.76,15.9,580.0,37
1.9,94.0,4.0,2.2,5.67,14.7,457.0,42
2.3,93.0,3.3,2.0,5.5,14.0,326.0,36
2.3,92.0,3.3,2.2,4.81,13.0,184.0,40
3.0,84.0,4.0,2.8,3.77,11.8,62.0,51
3.8,74.0,5.2,3.3,3.57,10.5,3.0,62
4.0,72.0,5.9,3.9,3.69,9.8,0.0,74
3.6,72.0,6.6,4.2,4.17,9.1,0.0,81
3.7,68.0,7.4,4.3,4.14,8.9,0.0,83
4.0,73.0,9.0,5.1,3.98,8.5,0.0,82
3.9,61.0,8.0,4.8,4.0,7.8,0.0,85
3.8,58.0,7.3,4.9,4.04,7.3,0.0,89
3.6,62.0,8.0,5.3,4.29,7.3,0.0,91
4.0,57.0,7.8,5.0,4.77,7.8,20.0,89
5.0,54.0,8.3,4.6,4.85,9.4,114.0,81
4.0,65.0,6.5,3.4,4.82,12.1,249.0,69
2.2,74.0,4.7,3.1,6.42,12.8,395.0,57
1.5,80.0,4.5,3.0,7.12,13.2,534.0,54
1.2,83.0,4.6,3.1,6.8,13.8,608.0,50
1.5,82.0,4.8,2.9,5.93,14.5,680.0,47
1.4,82.0,4.6,2.9,6.55,15.1,763.0,44
1.2,84.0,4.5,2.9,6.3,15.1,774.0,48
1.3,85.0,4.3,2.8,6.0,15.4,712.0,44
1.4,83.0,4.0,2.7,5.83,15.7,676.0,41
1.4,82.0,4.0,2.7,6.42,15.7,605.0,40
1.5,84.0,4.0,2.6,6.34,15.6,473.0,40
1.9,84.0,4.0,2.7,6.07,15.3,329.0,40
2.1,82.0,4.0,2.8,5.2,14.6,186.0,45
2.5,78.0,4.0,2.8,4.45,13.6,64.0,48
3.1,70.0,4.2,3.0,4.74,12.4,3.0,53
4.3,63.0,4.7,3.5,4.4,11.6,0.0,56
5.2,59.0,5.4,3.8,5.98,10.8,0.0,59
4.3,65.0,5.7,3.6,5.98,10.5,0.0,61
3.9,67.0,5.7,3.9,6.02,10.1,0.0,66
3.2,71.0,6.0,4.2,5.87,9.1,0.0,76
2.8,72.0,6.6,4.7,5.56,9.1,0.0,79
3.1,72.0,6.9,5.2,5.33,9.2,0.0,82
3.4,67.0,7.6,5.4,5.05,9.8,20.0,82
3.7,69.0,6.8,4.9,4.65,11.2,77.0,77
4.0,67.0,6.7,4.3,4.11,12.6,153.0,72
2.9,71.0,5.5,3.7,5.16,14.4,363.0,65
2.0,79.0,5.1,3.6,5.39,14.9,461.0,57
1.8,84.0,4.9,3.5,6.26,15.1,564.0,55
1.4,87.0,4.8,3.2,6.66,15.3,671.0,50
1.1,90.0,4.5,3.0,6.71,14.8,695.0,51
1.2,88.0,4.4,2.8,6.1,14.8,534.0,50
1.2,85.0,4.4,2.9,5.69,15.0,475.0,50
1.1,83.0,4.3,2.9,5.83,15.1,530.0,51
1.2,82.0,4.2,2.9,5.69,15.4,503.0,50
1.4,80.0,4.3,3.0,6.17,15.5,400.0,50
1.8,77.0,4.3,2.9,5.85,14.6,187.0,56
2.4,75.0,4.4,2.9,5.05,14.3,70.0,59
3.1,72.0,4.3,2.9,4.58,13.7,37.0,64
3.7,69.0,4.2,3.0,3.56,12.8,3.0,70
3.7,67.0,4.4,3.0,3.69,12.5,0.0,68
3.8,65.0,4.6,2.8,3.8,12.2,0.0,65
3.4,62.0,4.4,2.8,3.78,11.6,0.0,67
3.3,62.0,4.4,2.7,3.95,11.0,0.0,71
3.3,62.0,4.4,2.7,3.48,9.6,0.0,84
3.4,57.0,4.4,2.8,3.42,9.1,0.0,88
4.2,51.0,4.6,3.1,3.37,9.0,0.0,89
5.3,46.0,5.0,4.0,2.77,9.2,16.0,88
4.8,45.0,6.0,4.2,2.77,9.9,69.0,84
4.3,44.0,6.0,3.8,3.31,11.4,246.0,74
3.0,57.0,5.6,2.8,4.06,12.8,390.0,68
2.2,69.0,4.7,2.5,5.63,14.4,516.0,56
1.6,78.0,3.8,2.5,5.99,14.8,631.0,51
1.3,80.0,3.7,2.5,6.91,15.1,687.0,49
1.3,77.0,3.9,2.6,6.15,15.2,712.0,51
1.3,80.0,3.8,2.8,5.14,15.6,641.0,46
1.3,79.0,3.9,2.8,4.72,16.5,714.0,42
1.3,80.0,3.8,2.9,4.72,16.1,485.0,42
1.4,81.0,4.0,2.9,4.81,16.0,416.0,44
1.6,81.0,4.1,2.8,5.5,16.0,401.0,42
1.9,80.0,4.1,2.8,4.7,15.6,176.0,44
2.3,76.0,4.1,3.1,4.68,15.4,144.0,49
3.0,74.0,4.4,3.5,4.6,14.8,44.0,54
3.2,69.0,4.8,3.8,5.02,14.3,4.0,55
3.4,68.0,5.1,3.8,4.83,14.2,0.0,58
3.9,67.0,5.2,3.7,4.28,14.2,0.0,61
4.0,65.0,5.1,2.9,3.36,14.0,0.0,60
3.4,64.0,4.4,2.9,2.82,13.5,0.0,62
4.6,58.0,4.6,3.4,2.7,12.7,0.0,64
4.4,58.0,4.6,3.2,3.54,11.7,0.0,72
4.2,57.0,4.9,3.1,3.99,10.9,0.0,78
4.4,59.0,5.1,2.9,3.98,10.4,23.0,78
4.4,63.0,4.8,3.1,3.95,11.2,113.0,67
4.2,70.0,4.7,3.5,4.04,12.6,224.0,55
3.7,75.0,4.5,3.4,4.8,13.7,338.0,49
3.0,81.0,4.5,3.2,5.23,14.6,486.0,47
2.5,82.0,4.5,3.1,5.2,15.9,662.0,44
2.1,83.0,4.5,3.0,5.05,17.0,755.0,36
1.9,87.0,4.1,2.8,4.82,18.1,814.0,30
2.0,91.0,3.8,2.8,4.69,18.9,832.0,27
2.3,95.0,3.6,2.7,4.64,19.9,805.0,22
2.9,95.0,3.6,2.6,4.2,20.0,734.0,22
3.2,92.0,3.4,2.2,3.58,20.1,626.0,22
3.3,87.0,3.3,2.4,2.51,20.1,493.0,24
4.2,83.0,3.4,2.5,1.75,20.2,344.0,29
5.8,84.0,3.9,2.9,2.55,19.2,196.0,35
7.7,77.0,4.7,3.8,3.51,17.4,72.0,42
7.7,68.0,5.0,3.9,4.04,15.4,5.0,43
6.3,63.0,4.9,3.7,3.6,13.9,0.0,46
5.5,59.0,4.8,3.5,4.0,12.9,0.0,49
4.6,61.0,4.5,3.4,4.5,12.4,0.0,52
3.4,67.0,4.8,3.4,4.85,12.0,0.0,53
3.0,67.0,4.9,3.4,5.1,10.4,0.0,57
2.8,70.0,5.1,3.3,5.4,10.3,0.0,59
2.6,70.0,5.3,3.4,5.66,10.2,0.0,61
2.6,72.0,5.4,3.6,5.88,10.6,27.0,61
3.3,73.0,5.7,3.6,5.89,11.9,128.0,60
3.7,74.0,5.9,3.6,4.97,13.7,265.0,55
3.0,79.0,5.7,3.3,5.36,15.6,411.0,51
2.4,86.0,5.8,3.1,5.37,17.5,550.0,46
2.0,90.0,5.8,3.3,5.7,19.1,670.0,42
1.7,94.0,5.5,3.4,5.65,20.4,758.0,39
1.6,96.0,5.1,3.2,5.48,21.4,808.0,35
1.6,97.0,5.0,3.3,5.25,22.0,818.0,34
1.8,97.0,5.4,3.4,5.77,21.2,789.0,33
2.1,97.0,6.0,3.6,5.85,20.9,721.0,34
2.2,97.0,6.3,3.7,5.71,19.9,619.0,39
2.2,95.0,6.4,3.9,5.33,19.0,491.0,46
2.1,91.0,7.2,4.1,4.97,17.4,345.0,56
2.1,87.0,8.5,4.6,4.78,15.6,196.0,64
2.5,85.0,9.9,5.2,4.75,13.8,76.0,71
2.6,83.0,9.5,4.9,4.38,12.3,6.0,78
2.8,81.0,10.4,5.3,4.35,11.4,0.0,82
2.5,81.0,11.2,5.9,4.54,10.6,0.0,86
2.2,80.0,11.8,6.1,4.62,10.2,0.0,87
2.0,77.0,12.4,5.9,4.75,10.0,0.0,88
1.9,76.0,13.1,5.6,5.35,9.9,0.0,86
1.9,76.0,13.1,4.7,5.24,9.6,0.0,86
1.9,76.0,13.1,4.7,4.96,9.2,0.0,89
2.0,75.0,12.6,4.5,5.27,9.5,28.0,89
2.6,74.0,11.0,4.1,6.6,10.6,114.0,83
2.8,71.0,12.0,4.1,7.82,11.8,224.0,72
2.5,72.0,12.7,4.3,6.75,13.2,361.0,64
1.9,73.0,12.3,4.1,6.9,14.1,543.0,60
1.8,76.0,12.6,4.1,6.6,15.1,661.0,55
1.6,79.0,12.0,4.2,6.9,16.5,725.0,45
1.6,83.0,10.5,4.1,7.22,17.5,771.0,41
2.3,82.0,7.8,4.1,6.83,15.7,531.0,58
2.9,77.0,7.6,4.7,7.01,15.8,628.0,50
3.2,78.0,6.3,3.9,5.95,15.2,349.0,51
2.9,75.0,5.7,3.5,6.43,15.4,450.0,48
2.3,71.0,5.6,3.1,6.1,14.8,384.0,49
1.8,75.0,5.4,3.1,6.13,14.3,310.0,49
1.8,79.0,5.4,3.3,6.51,12.9,170.0,52
1.9,85.0,5.7,3.2,6.6,10.1,60.0,61
1.8,83.0,9.8,3.4,6.91,8.9,7.0,59
1.7,82.0,9.7,3.4,6.49,8.5,0.0,63
1.6,80.0,10.4,3.1,6.5,8.2,0.0,60
1.5,75.0,11.0,3.4,6.9,7.8,0.0,66
1.4,76.0,10.1,3.0,6.24,7.5,0.0,67
1.4,75.0,6.5,2.3,6.1,6.3,0.0,70
1.4,73.0,4.5,1.6,6.22,6.2,0.0,73
1.7,71.0,3.4,1.5,5.97,6.3,0.0,79
2.0,70.0,3.0,1.9,6.15,5.2,6.0,86
3.5,67.0,3.3,2.5,6.4,5.9,93.0,83
4.0,63.0,2.8,1.9,7.45,5.8,166.0,83
3.1,64.0,2.4,1.4,8.51,4.7,227.0,92
2.3,69.0,1.8,1.4,8.52,6.1,199.0,85
1.9,69.0,1.8,1.3,8.72,6.9,250.0,90
1.6,67.0,2.2,1.3,8.66,8.5,375.0,77
1.4,67.0,2.2,1.2,7.88,9.2,352.0,70
1.3,69.0,2.3,1.3,7.47,9.4,557.0,63
1.2,73.0,2.7,1.5,5.91,9.0,500.0,65
1.4,72.0,2.6,1.5,6.02,9.6,570.0,61
1.7,72.0,2.3,1.5,4.42,9.8,446.0,61
2.1,70.0,2.2,1.5,4.28,9.6,372.0,64
2.5,68.0,2.3,1.7,4.94,6.8,191.0,77
2.4,68.0,2.5,1.7,4.33,7.2,92.0,78
2.6,68.0,2.8,1.7,3.74,6.6,45.0,82
2.7,67.0,2.7,1.8,4.31,6.4,6.0,82
3.3,64.0,2.6,1.6,4.77,5.9,0.0,80
3.1,60.0,2.4,1.6,4.3,5.6,0.0,81
3.2,56.0,2.7,2.0,4.57,5.2,0.0,82
3.5,55.0,2.6,1.9,4.79,5.0,0.0,81
3.3,56.0,2.7,2.0,4.29,4.0,0.0,85
3.3,54.0,2.9,2.2,4.17,3.8,0.0,87
3.7,50.0,3.1,2.4,4.21,3.7,0.0,88
4.0,52.0,3.0,2.3,4.41,4.2,31.0,86
4.3,52.0,3.2,2.4,4.29,5.5,132.0,84
5.1,52.0,3.4,2.6,3.66,6.8,188.0,81
4.1,56.0,3.3,2.2,3.89,8.6,285.0,76
3.2,60.0,2.6,2.0,5.28,10.6,437.0,62
2.2,65.0,2.2,1.7,5.77,9.6,471.0,62
1.9,69.0,1.9,1.5,4.67,9.9,352.0,63
2.2,69.0,1.9,1.5,3.54,9.2,460.0,75
1.9,69.0,2.3,1.5,4.03,8.6,315.0,75
1.8,71.0,2.0,1.4,4.38,11.0,540.0,60
1.7,74.0,1.7,1.3,4.98,11.8,552.0,54
1.8,73.0,1.8,1.4,3.98,8.2,169.0,76
2.2,72.0,2.5,1.5,4.4,9.7,162.0,61
2.1,73.0,2.9,1.5,4.51,10.8,270.0,50
3.0,73.0,3.5,1.8,3.73,10.1,149.0,59
3.9,68.0,4.6,2.5,3.64,9.2,50.0,65
4.7,63.0,5.6,2.9,3.57,8.2,5.0,71
4.0,66.0,6.1,3.2,3.52,7.7,0.0,76
3.4,66.0,6.6,3.1,3.32,7.0,0.0,82
3.3,66.0,7.3,3.0,3.4,6.5,0.0,86
2.8,67.0,7.5,3.0,3.71,6.2,0.0,88
2.6,64.0,7.1,2.8,3.38,5.2,0.0,91
2.7,62.0,7.3,2.8,3.34,5.1,0.0,92
2.8,61.0,7.5,2.9,3.23,4.9,0.0,93
2.6,62.0,7.8,2.8,3.3,5.4,32.0,92
2.3,65.0,7.9,2.7,3.13,6.8,126.0,91
2.1,67.0,8.3,2.7,3.36,8.4,246.0,86
1.9,74.0,8.1,2.7,3.7,9.8,387.0,74
1.5,78.0,7.8,2.5,3.97,9.9,340.0,73
1.7,83.0,6.9,2.5,4.23,10.4,415.0,69
1.9,85.0,6.2,2.3,4.39,11.6,490.0,64
1.6,88.0,6.0,2.4,4.49,12.2,448.0,60
1.4,92.0,4.8,2.4,4.63,13.1,532.0,53
1.6,91.0,5.6,2.5,4.44,13.7,521.0,49
1.6,93.0,5.5,2.5,4.17,14.3,480.0,45
1.5,94.0,5.3,2.3,3.49,15.3,499.0,39
1.9,91.0,5.1,2.4,3.21,14.9,345.0,48
3.0,91.0,4.6,2.8,4.33,13.6,234.0,66
3.5,87.0,4.9,3.2,3.78,13.0,111.0,73
4.2,87.0,8.2,3.5,4.5,12.6,43.0,77
4.6,87.0,9.9,6.0,4.97,11.6,4.0,83
5.1,87.0,13.9,10.2,4.81,11.4,0.0,86
5.4,82.0,13.4,9.9,4.87,11.4,0.0,88
6.2,76.0,11.9,10.6,5.38,11.6,0.0,89
5.3,75.0,10.1,8.8,5.92,11.9,0.0,89
4.0,73.0,8.6,7.2,5.97,11.8,0.0,92
3.6,70.0,6.5,5.4,5.9,11.4,0.0,95
3.8,66.0,5.6,4.3,6.0,11.4,0.0,95
4.1,60.0,5.2,3.7,5.66,11.4,11.0,96
4.4,55.0,3.6,2.7,5.13,11.6,34.0,97
5.4,53.0,3.2,2.5,5.02,12.1,63.0,95
6.3,53.0,2.5,2.0,5.83,13.2,144.0,92
7.2,50.0,3.0,2.3,3.81,13.5,129.0,95
7.5,53.0,3.4,2.9,5.2,14.6,184.0,89
7.5,48.0,3.7,2.9,4.96,14.9,215.0,90
7.1,48.0,3.8,2.8,5.01,14.4,145.0,94
6.8,48.0,3.2,2.5,5.31,13.9,125.0,95
7.1,46.0,2.7,2.4,5.84,14.6,209.0,90
6.6,46.0,3.7,2.6,4.8,14.4,122.0,92
5.4,51.0,5.1,3.4,5.46,14.1,124.0,92
3.1,60.0,7.1,3.7,4.89,14.4,243.0,87
2.4,64.0,8.1,4.1,5.22,14.6,260.0,82
2.4,67.0,8.3,4.2,5.58,14.1,164.0,84
2.5,65.0,6.9,3.8,5.27,13.1,71.0,88
2.1,62.0,6.7,3.5,5.52,12.1,8.0,89
2.1,62.0,8.4,3.6,5.44,11.1,0.0,90
2.1,64.0,8.2,3.2,5.15,10.4,0.0,90
2.2,65.0,10.0,3.4,4.5,9.8,0.0,91
2.3,64.0,11.3,3.8,4.16,9.3,0.0,92
2.6,63.0,11.1,4.0,4.25,8.9,0.0,93
2.7,61.0,10.4,4.1,4.2,8.6,0.0,93
2.8,59.0,9.1,4.1,3.94,8.4,0.0,93
2.9,58.0,9.0,4.0,3.96,8.6,36.0,92
3.0,60.0,9.1,3.8,3.69,9.9,138.0,90
3.2,63.0,8.7,3.8,3.9,11.4,273.0,86
2.7,68.0,8.4,4.0,4.55,12.9,400.0,81
2.3,71.0,7.6,4.0,4.83,12.6,514.0,77
1.9,77.0,6.6,3.9,6.27,13.9,588.0,66
1.8,82.0,6.3,3.4,6.17,13.9,599.0,69
1.7,86.0,6.1,3.3,5.64,14.8,664.0,62
1.5,84.0,6.7,3.2,5.62,15.6,761.0,63
1.5,84.0,6.9,3.1,5.75,15.4,715.0,53
1.8,83.0,7.1,2.9,5.82,14.9,604.0,52
1.9,84.0,7.8,3.0,6.06,14.9,538.0,52
2.1,82.0,8.0,3.2,6.2,14.4,446.0,53
2.2,81.0,7.9,3.5,5.6,13.7,324.0,58
2.2,77.0,7.8,4.1,4.86,12.8,185.0,66
2.3,76.0,8.0,4.4,4.6,11.6,72.0,73
2.5,77.0,9.5,4.5,3.83,10.5,9.0,78
3.2,76.0,10.7,5.1,3.63,10.2,0.0,81
3.2,77.0,10.3,5.7,4.12,9.9,0.0,84
3.0,77.0,11.1,6.3,4.12,9.2,0.0,87
2.7,75.0,10.9,6.6,4.13,8.9,0.0,88
2.7,74.0,10.5,6.3,4.89,10.0,0.0,85
2.3,82.0,10.2,6.0,5.2,9.6,0.0,86
2.4,86.0,10.0,6.6,5.57,10.1,0.0,87
3.1,82.0,11.3,7.1,6.16,10.7,19.0,88
4.2,74.0,13.8,7.8,6.65,11.1,44.0,88
5.0,70.0,12.9,8.0,6.72,11.3,51.0,90
5.3,69.0,12.4,8.5,8.44,11.4,50.0,91
4.9,70.0,8.3,6.2,8.97,11.9,136.0,91
4.7,71.0,6.5,5.1,8.38,12.1,118.0,92
4.5,72.0,5.0,4.0,8.74,12.1,121.0,93
4.5,74.0,5.2,3.1,7.47,13.1,261.0,92
3.7,75.0,6.3,3.2,7.29,13.9,349.0,85
2.3,83.0,5.7,3.4,7.36,14.6,565.0,75
2.0,82.0,6.7,3.0,6.49,15.1,646.0,68
2.0,82.0,5.2,2.7,5.84,15.1,589.0,65
2.0,82.0,5.1,2.3,5.42,14.7,453.0,67
2.0,81.0,6.1,2.7,5.31,13.9,320.0,69
2.1,81.0,7.6,3.0,4.65,13.1,135.0,74
2.4,78.0,8.4,4.1,3.95,12.1,53.0,79
2.8,75.0,8.7,4.3,3.34,11.5,4.0,81
3.0,71.0,8.7,4.3,2.19,11.0,0.0,85
3.6,70.0,8.7,4.3,2.93,10.6,0.0,88
3.3,67.0,8.6,4.4,3.02,10.5,0.0,90
3.5,66.0,7.1,4.2,2.62,10.4,0.0,90
4.9,63.0,7.7,4.0,2.22,10.2,0.0,91
5.8,62.0,8.4,4.1,1.58,9.9,0.0,93
6.8,60.0,8.2,4.4,0.92,9.3,0.0,94
8.1,59.0,7.3,4.4,0.96,9.4,24.0,96
7.1,62.0,8.0,4.6,0.82,10.3,136.0,90
6.2,66.0,6.9,3.7,1.3,11.4,272.0,75
4.8,72.0,5.7,3.7,1.12,12.2,408.0,73
4.4,74.0,5.6,3.7,1.5,13.1,517.0,70
4.0,73.0,5.4,3.7,2.26,14.4,669.0,61
3.6,77.0,6.4,3.6,2.46,15.1,702.0,59
3.2,81.0,5.9,3.8,2.77,15.2,651.0,58
3.3,84.0,5.7,3.4,2.88,15.4,520.0,56
3.6,85.0,5.1,3.3,2.42,15.1,581.0,60
4.0,82.0,5.1,3.6,1.71,15.4,454.0,63
4.7,82.0,4.9,3.8,3.31,14.1,443.0,65
4.0,83.0,5.5,3.4,3.71,14.4,322.0,62
2.8,84.0,5.5,3.4,4.42,14.1,295.0,63
2.7,82.0,5.6,3.1,3.83,13.4,189.0,72
2.7,84.0,6.7,3.4,3.83,12.4,76.0,77
3.2,79.0,7.7,4.1,3.91,11.2,12.0,83
3.3,71.0,7.1,3.6,4.17,10.4,0.0,88
2.9,67.0,7.2,3.6,4.08,9.6,0.0,91
2.7,63.0,7.3,3.3,4.35,9.0,0.0,92
2.4,60.0,6.3,3.0,4.66,8.5,0.0,92
2.4,57.0,7.0,3.2,4.94,7.8,0.0,92
2.3,57.0,7.5,3.3,4.59,7.6,0.0,92
2.2,56.0,7.4,3.3,4.62,7.4,0.0,93
2.4,56.0,7.0,3.1,4.44,7.9,40.0,93
2.5,56.0,6.8,3.1,4.49,9.4,144.0,83
2.6,59.0,7.3,3.0,4.68,10.5,276.0,79
2.7,63.0,6.5,3.2,4.7,11.7,398.0,69
2.3,65.0,5.6,3.0,4.44,12.8,506.0,64
2.0,68.0,5.1,2.8,3.96,13.6,554.0,59
1.9,70.0,4.8,2.8,3.55,14.5,558.0,55
2.3,72.0,4.6,2.7,3.28,15.4,620.0,52
2.4,73.0,4.4,2.5,3.21,15.6,455.0,51
2.8,73.0,4.1,2.3,4.04,15.9,403.0,49
2.9,77.0,3.8,2.5,4.22,15.9,413.0,48
2.4,79.0,4.1,2.5,4.83,14.9,212.0,56
2.8,78.0,4.1,2.5,4.68,14.4,262.0,56
3.4,80.0,4.0,2.6,3.48,12.9,64.0,70
3.7,79.0,4.0,2.7,4.34,12.4,35.0,75
3.2,78.0,4.0,2.6,5.4,12.0,11.0,75
3.5,79.0,4.6,3.0,5.89,11.9,3.0,82
3.9,79.0,5.3,3.5,5.81,12.2,0.0,87
4.5,69.0,5.5,4.1,5.97,12.6,0.0,92
5.9,60.0,5.6,3.8,6.02,12.6,0.0,95
6.7,54.0,6.6,4.3,5.2,12.9,0.0,96
3.9,56.0,7.8,4.8,4.89,13.6,0.0,95
3.0,54.0,9.7,6.1,4.82,14.1,0.0,94
2.8,51.0,10.8,5.8,5.11,14.1,0.0,93
2.6,50.0,10.2,5.6,5.31,13.9,26.0,92
3.3,49.0,9.4,5.6,5.61,14.0,101.0,89
3.8,49.0,9.3,5.5,6.32,14.6,237.0,83
2.9,55.0,9.0,5.2,6.55,15.6,377.0,77
2.5,60.0,7.5,5.3,6.61,16.5,439.0,73
2.2,63.0,6.6,4.5,6.82,17.6,537.0,69
2.1,67.0,6.8,4.2,6.15,17.9,374.0,71
2.0,63.0,6.9,3.7,5.98,17.5,416.0,78
2.4,60.0,7.5,4.1,6.86,16.5,275.0,86
2.4,57.0,7.6,4.3,6.34,16.0,264.0,84
2.6,56.0,7.6,4.3,6.68,15.7,256.0,84
2.7,61.0,7.0,4.2,6.71,15.6,225.0,83
2.8,62.0,7.2,4.3,6.91,16.1,299.0,79
2.8,62.0,7.5,4.4,6.47,15.8,282.0,82
2.5,65.0,8.8,5.3,5.66,15.2,166.0,85
2.5,68.0,8.9,5.3,5.2,14.6,82.0,87
2.7,71.0,7.9,4.4,5.32,13.8,11.0,89
2.6,72.0,8.1,4.4,5.23,13.6,0.0,89
2.2,74.0,8.2,4.5,5.11,13.1,0.0,91
2.1,73.0,8.3,4.3,4.9,12.8,0.0,90
2.2,73.0,6.6,4.0,4.71,12.4,0.0,89
2.3,69.0,6.3,3.6,4.38,12.7,0.0,89
2.8,66.0,6.0,3.6,4.14,11.5,0.0,94
2.9,64.0,5.8,4.1,4.63,10.9,1.0,92
2.8,65.0,5.1,3.7,4.56,10.4,41.0,91
2.4,69.0,4.4,2.6,4.55,10.8,142.0,88
1.9,69.0,4.1,2.3,4.62,11.6,253.0,81
1.8,73.0,3.8,2.2,3.76,12.7,396.0,77
1.6,77.0,4.0,2.2,3.25,13.9,544.0,74
1.6,79.0,4.0,2.2,3.05,15.0,659.0,70
1.8,81.0,4.0,2.2,2.85,16.1,742.0,66
1.7,83.0,3.3,2.0,3.67,17.6,805.0,57
1.7,83.0,3.5,2.0,4.03,18.6,763.0,54
1.9,84.0,3.3,2.2,3.11,17.3,403.0,63
2.2,83.0,3.1,1.9,2.97,17.7,383.0,62
2.8,82.0,2.7,1.9,3.71,18.1,414.0,60
3.2,79.0,2.7,2.0,3.59,18.5,406.0,58
4.0,77.0,2.9,2.1,2.68,18.0,283.0,60
6.2,74.0,3.2,2.3,1.97,17.5,193.0,66
8.1,68.0,3.8,3.0,1.42,16.4,91.0,76
9.7,61.0,4.1,2.9,1.39,14.9,15.0,81
10.4,57.0,4.5,3.3,2.09,13.6,0.0,86
9.9,55.0,5.1,2.7,3.05,12.9,0.0,90
9.0,50.0,5.6,4.1,2.98,12.8,0.0,91
7.2,47.0,6.0,4.6,2.85,12.6,0.0,93
6.6,50.0,6.4,4.9,2.55,12.1,0.0,93
6.1,55.0,8.2,6.1,2.9,12.0,0.0,94
5.4,62.0,11.0,7.4,3.73,12.2,1.0,93
6.3,65.0,10.1,7.9,4.08,13.0,36.0,93
9.5,63.0,11.7,6.9,4.08,13.9,95.0,91
12.3,61.0,11.3,7.1,4.83,14.2,127.0,88
13.1,59.0,8.5,5.7,4.19,14.0,125.0,94
12.5,57.0,6.8,5.4,2.69,15.7,371.0,90
10.1,57.0,5.1,5.0,6.17,17.4,544.0,80
7.5,59.0,5.7,4.4,5.7,18.5,486.0,79
7.3,60.0,6.3,5.9,4.41,19.5,601.0,79
6.1,70.0,9.5,8.8,4.32,20.2,623.0,79
5.0,80.0,11.7,9.4,5.3,20.0,625.0,67
3.4,82.0,8.9,7.3,2.78,20.6,537.0,67
3.2,80.0,6.8,5.6,4.33,16.3,324.0,89
3.6,80.0,5.9,4.1,3.94,17.5,293.0,87
3.4,80.0,6.2,4.7,5.45,16.1,189.0,89
3.7,80.0,7.6,5.3,4.46,15.9,137.0,87
2.9,77.0,7.8,5.6,4.99,14.8,67.0,87
2.6,74.0,9.6,5.5,4.98,13.1,15.0,89
2.5,74.0,9.9,6.3,4.51,12.1,0.0,93
2.3,74.0,10.1,6.5,4.35,11.6,0.0,94
2.4,73.0,11.3,7.7,4.08,11.4,0.0,93
2.5,72.0,12.8,8.0,4.01,10.9,0.0,94
2.5,70.0,13.7,8.2,4.19,10.4,0.0,94
2.4,72.0,12.6,7.4,4.15,10.1,0.0,93
2.6,70.0,11.6,6.5,4.07,9.9,1.0,93
2.8,70.0,11.1,6.5,4.42,10.4,43.0,92
3.6,71.0,11.5,7.1,3.71,11.6,141.0,90
4.1,70.0,11.3,7.0,4.92,13.1,238.0,83
3.5,70.0,12.3,5.8,5.19,14.4,388.0,79
2.8,72.0,9.5,4.9,5.02,15.2,509.0,78
2.2,74.0,7.3,4.3,5.04,16.2,600.0,73
1.8,76.0,5.3,3.6,6.84,15.1,639.0,65
1.8,79.0,4.8,3.0,5.84,15.9,534.0,63
1.8,78.0,4.7,2.9,6.32,15.8,714.0,61
2.1,79.0,4.6,2.9,5.56,15.9,663.0,55
2.2,79.0,4.5,2.6,4.23,16.2,597.0,67
2.3,74.0,4.8,2.5,4.6,15.1,498.0,63
2.5,77.0,5.2,2.5,4.24,15.1,327.0,63
2.1,77.0,5.7,2.4,4.34,14.7,306.0,63
1.9,75.0,6.0,2.6,4.05,13.8,203.0,64
2.4,73.0,6.6,2.7,3.6,12.5,97.0,72
2.8,72.0,6.1,3.2,3.39,10.9,17.0,77
3.5,68.0,6.6,3.7,3.27,9.8,0.0,80
3.3,67.0,7.2,3.4,2.86,8.9,0.0,84
3.7,62.0,7.5,3.8,2.96,8.3,0.0,87
3.7,59.0,8.7,3.8,2.93,7.9,0.0,89
3.7,59.0,9.1,3.4,3.07,6.8,0.0,87
3.9,57.0,9.4,3.9,2.69,6.4,0.0,89
4.0,55.0,9.6,4.2,2.6,6.1,1.0,90
4.1,56.0,9.9,4.2,2.94,6.7,48.0,89
3.8,58.0,9.7,4.0,2.75,8.1,158.0,87
3.5,67.0,8.4,3.7,3.01,10.1,296.0,80
3.5,71.0,7.9,3.8,3.9,11.8,441.0,76
2.4,75.0,7.1,3.5,4.55,12.9,574.0,74
1.8,80.0,6.3,3.2,5.32,13.8,694.0,71
1.8,85.0,5.5,3.2,6.37,14.8,750.0,63
1.7,87.0,6.1,3.3,6.75,15.4,649.0,61
2.0,89.0,6.4,4.2,6.21,16.0,575.0,63
2.5,88.0,7.6,4.4,6.89,17.0,588.0,56
2.6,95.0,6.9,5.0,6.29,18.0,615.0,52
3.2,96.0,6.8,4.6,5.68,18.6,537.0,44
3.3,99.0,6.3,4.8,4.77,18.1,386.0,52
3.6,99.0,6.7,5.0,5.46,17.6,257.0,54
3.8,98.0,7.1,5.3,6.11,16.6,172.0,61
4.2,97.0,9.9,6.8,6.27,16.0,77.0,67
5.0,98.0,11.5,7.0,5.7,15.9,9.0,68
5.0,93.0,11.1,7.0,5.79,15.6,0.0,72
4.6,93.0,10.9,6.3,5.55,15.4,0.0,74
4.7,89.0,9.6,6.1,4.81,14.8,0.0,77
4.1,87.0,8.7,5.5,4.43,14.4,0.0,79
4.1,81.0,9.3,5.7,3.86,13.7,0.0,74
4.1,77.0,8.9,5.5,4.25,13.5,0.0,75
4.1,74.0,8.0,4.8,5.14,13.5,1.0,76
4.1,73.0,7.2,4.8,5.22,13.6,26.0,78
4.7,71.0,6.8,4.6,5.95,14.2,133.0,79
5.2,71.0,6.8,4.3,5.85,14.4,205.0,83
5.3,69.0,6.8,4.3,5.89,14.6,247.0,86
4.8,69.0,7.4,5.0,5.88,15.1,285.0,84
4.2,70.0,7.0,4.6,5.77,15.9,454.0,75
3.6,75.0,7.3,4.8,4.92,15.0,233.0,83
3.3,80.0,7.3,5.2,4.56,15.1,256.0,83
3.3,81.0,7.4,5.2,4.37,15.1,299.0,81
4.2,82.0,6.6,5.1,4.76,15.4,295.0,86
4.2,81.0,7.1,5.2,4.5,15.0,176.0,84
4.0,84.0,7.8,5.1,4.99,16.3,427.0,72
3.8,88.0,9.9,5.5,6.08,16.4,464.0,63
3.3,87.0,10.6,5.2,5.63,15.5,330.0,64
2.8,84.0,10.2,4.8,4.93,14.4,214.0,68
2.8,82.0,10.9,4.9,4.12,13.3,93.0,75
3.2,78.0,10.4,5.2,3.82,12.1,18.0,78
3.4,76.0,10.0,5.2,3.4,11.1,0.0,81
3.6,75.0,10.0,5.6,3.31,10.1,0.0,86
3.7,73.0,10.0,6.0,3.19,9.5,0.0,89
3.4,71.0,10.0,5.9,2.94,9.0,0.0,91
3.8,70.0,10.2,6.4,2.95,8.1,0.0,91
4.1,67.0,10.4,6.7,3.24,7.8,0.0,92
3.7,67.0,10.7,7.0,3.29,7.7,1.0,93
3.6,66.0,11.7,7.1,3.7,8.6,49.0,92
4.1,68.0,12.2,7.2,3.51,10.3,154.0,91
5.1,72.0,12.3,6.9,3.39,12.2,251.0,86
4.3,77.0,11.1,6.2,4.92,13.6,399.0,80
2.9,80.0,12.1,6.7,5.25,14.4,501.0,74
3.0,87.0,11.2,6.3,5.23,15.1,616.0,73
3.4,88.0,12.3,7.3,5.15,15.4,675.0,72
3.8,89.0,14.0,8.7,5.26,15.9,609.0,72
3.4,89.0,12.4,8.4,6.44,15.2,441.0,68
3.5,89.0,10.0,6.6,5.27,15.8,653.0,67
4.2,82.0,10.5,6.0,4.64,15.1,219.0,72
4.6,78.0,9.9,5.9,4.98,15.6,356.0,65
5.1,77.0,11.7,6.0,5.23,15.0,247.0,71
5.8,73.0,11.3,6.5,3.82,14.7,134.0,76
6.3,71.0,11.2,6.6,3.19,14.4,110.0,79
6.3,72.0,9.0,6.5,3.87,13.9,46.0,84
5.7,73.0,6.8,5.3,3.93,13.2,4.0,88
5.8,72.0,6.1,4.5,4.77,12.3,0.0,95
5.7,68.0,6.6,4.9,4.56,12.4,0.0,94
5.7,66.0,8.1,5.9,4.14,12.1,0.0,95
5.8,63.0,8.5,6.4,3.91,11.5,0.0,96
6.6,62.0,8.7,7.5,3.64,11.7,0.0,95
5.6,67.0,10.2,7.7,3.9,12.1,0.0,94
6.1,68.0,10.7,7.3,4.04,12.2,1.0,95
7.2,63.0,10.5,7.9,4.54,12.7,24.0,95
6.7,62.0,9.1,7.7,5.52,13.1,45.0,94
8.0,63.0,7.7,6.7,5.03,13.1,34.0,96
8.6,63.0,5.3,4.5,7.57,13.1,42.0,96
7.4,60.0,3.8,3.5,7.81,13.4,39.0,95
6.5,58.0,3.2,3.1,6.49,15.1,324.0,89
5.9,66.0,4.4,2.8,7.51,16.4,684.0,82
3.4,75.0,6.6,3.1,7.39,15.6,478.0,79
2.5,80.0,5.4,3.4,8.83,16.0,632.0,73
3.3,81.0,5.4,3.2,9.07,15.3,429.0,73
3.2,81.0,4.6,2.9,9.31,15.6,569.0,68
2.6,83.0,5.1,2.5,8.65,15.4,505.0,69
2.1,83.0,6.0,3.6,8.1,14.8,402.0,70
1.9,83.0,6.2,3.3,7.72,14.2,319.0,73
1.8,84.0,7.2,3.7,6.45,13.4,197.0,78
1.8,87.0,9.7,5.3,6.17,12.5,87.0,82
2.2,83.0,9.7,4.7,5.87,11.9,12.0,83
2.5,79.0,9.5,4.4,5.28,11.3,0.0,85
2.4,77.0,9.0,4.5,5.08,10.6,0.0,89
2.1,76.0,8.9,4.3,4.79,10.1,0.0,90
2.0,74.0,8.1,3.8,4.84,9.8,0.0,90
2.1,72.0,8.5,3.6,4.72,9.0,0.0,91
2.1,67.0,8.4,3.6,4.59,8.8,0.0,92
2.2,67.0,8.6,3.8,4.38,8.9,2.0,92
2.4,65.0,7.9,3.7,3.99,9.4,40.0,91
2.6,65.0,7.3,3.6,3.71,10.6,114.0,85
2.7,65.0,7.1,3.4,4.62,11.6,209.0,79
2.5,66.0,7.1,3.4,4.2,12.5,316.0,71
2.2,69.0,7.0,3.5,3.94,13.4,420.0,65
2.0,74.0,7.0,3.8,3.87,14.3,558.0,60
1.7,76.0,7.0,3.5,3.78,14.7,555.0,58
1.9,82.0,5.9,3.6,3.25,15.4,625.0,54
2.0,86.0,6.3,3.7,3.16,15.9,638.0,51
2.2,86.0,5.8,4.0,2.06,15.4,644.0,66
2.4,85.0,6.5,3.9,1.6,15.1,564.0,67
2.8,87.0,6.5,4.1,1.28,14.8,439.0,70
4.0,85.0,6.7,4.6,1.48,15.0,418.0,70
4.1,83.0,6.8,4.8,2.5,14.1,198.0,73
4.5,81.0,6.3,5.0,1.86,12.9,74.0,86
5.2,79.0,5.4,4.7,1.1,12.7,51.0,88
5.4,71.0,5.0,4.0,1.2,12.2,9.0,91
8.0,66.0,4.8,3.6,1.31,12.1,0.0,91
8.6,62.0,4.5,3.7,1.67,11.2,0.0,94
8.5,60.0,4.1,3.2,1.75,11.0,0.0,93
7.5,52.0,4.5,4.0,1.68,10.4,0.0,93
6.5,49.0,4.1,3.5,2.4,10.1,0.0,94
5.7,50.0,3.9,3.4,1.76,9.7,0.0,93
5.2,52.0,4.0,3.4,1.25,9.7,1.0,94
5.5,57.0,4.3,3.6,1.5,9.7,41.0,96
5.3,56.0,4.7,3.7,0.87,10.8,87.0,94
5.2,62.0,4.9,3.7,0.58,11.9,211.0,88
4.6,70.0,5.7,4.1,0.25,12.8,368.0,82
4.1,75.0,6.5,5.2,1.26,13.1,317.0,79
4.0,82.0,6.6,5.3,1.04,13.8,384.0,76
3.0,84.0,5.5,4.5,1.72,14.3,412.0,74
2.9,85.0,4.6,4.0,2.24,14.2,347.0,78
2.9,83.0,4.5,3.7,2.61,14.4,348.0,72
2.6,84.0,4.1,3.4,1.47,14.4,398.0,71
2.3,90.0,4.6,3.2,3.62,13.7,445.0,71
2.0,86.0,4.7,3.4,3.07,13.8,374.0,73
1.8,88.0,4.6,2.5,4.58,14.2,351.0,71
1.5,85.0,5.1,3.0,4.52,13.6,231.0,71
1.4,75.0,4.5,2.8,5.31,13.2,170.0,72
1.5,73.0,4.8,2.6,5.81,12.1,104.0,75
1.6,71.0,5.3,2.7,6.19,10.7,21.0,76
1.6,70.0,5.8,3.2,6.35,9.9,0.0,78
1.6,73.0,8.1,4.1,6.42,9.5,0.0,82
1.5,74.0,9.2,4.8,6.48,9.2,0.0,84
1.5,68.0,8.3,3.2,6.39,8.9,0.0,85
1.5,65.0,8.6,3.1,5.87,8.6,0.0,84
1.5,65.0,7.4,2.6,5.86,8.4,0.0,81
1.5,70.0,7.2,3.0,5.87,8.2,2.0,79
1.6,72.0,6.9,3.1,5.95,8.8,48.0,78
1.6,74.0,7.4,3.2,6.36,9.8,152.0,73
1.9,72.0,7.5,3.2,5.85,10.8,281.0,72
2.0,72.0,7.2,3.1,7.18,11.6,403.0,67
1.4,75.0,7.2,3.1,7.46,12.5,515.0,62
1.2,76.0,6.6,3.0,7.4,13.2,606.0,58
1.1,81.0,5.8,3.0,7.05,13.9,655.0,54
1.0,82.0,5.3,2.7,6.88,14.6,743.0,51
1.0,83.0,5.0,2.4,6.49,14.9,768.0,50
1.1,81.0,4.7,2.6,6.3,15.2,729.0,50
1.4,82.0,4.7,2.5,5.89,15.6,689.0,41
1.7,82.0,4.7,2.8,5.47,15.8,650.0,44
2.2,80.0,5.4,3.4,6.1,14.3,413.0,60
2.0,82.0,6.5,4.5,5.54,13.9,276.0,64
2.0,79.0,6.0,3.3,5.0,13.2,208.0,72
2.2,76.0,5.7,3.2,4.68,12.4,76.0,77
2.7,74.0,6.1,3.6,4.44,11.8,16.0,80
2.7,73.0,7.2,4.2,4.05,11.4,0.0,83
2.5,71.0,7.7,4.7,3.98,11.0,0.0,86
2.8,67.0,8.7,5.2,3.55,10.9,0.0,88
2.7,65.0,8.8,5.1,3.25,10.6,0.0,90
3.0,63.0,8.8,5.9,2.91,10.9,0.0,89
3.1,60.0,8.7,6.6,2.93,10.8,0.0,90
3.4,60.0,9.4,7.3,3.13,10.7,0.0,91
3.5,63.0,8.4,6.8,3.44,10.8,10.0,90
3.7,69.0,7.3,6.3,4.18,11.1,19.0,92
4.5,74.0,8.3,7.3,4.91,11.1,27.0,95
4.7,72.0,8.0,7.3,5.25,11.5,67.0,96
6.5,69.0,8.0,7.5,4.32,11.8,77.0,96
6.2,70.0,10.3,9.8,5.84,12.1,87.0,96
6.7,70.0,11.8,10.7,4.78,12.3,85.0,93
6.2,76.0,12.8,9.3,4.61,12.6,127.0,95
5.9,75.0,10.7,7.9,5.11,12.6,129.0,96
6.1,72.0,9.5,8.0,5.41,13.5,268.0,84
7.1,68.0,11.0,7.9,4.67,13.6,294.0,84
9.4,61.0,9.1,7.6,3.11,13.4,107.0,87
8.3,62.0,7.8,6.7,2.5,13.8,126.0,85
8.5,59.0,6.7,5.5,3.0,13.4,64.0,91
9.2,56.0,6.4,6.1,5.33,13.0,102.0,91
8.6,57.0,5.4,4.8,5.92,12.4,40.0,91
6.5,63.0,5.5,5.1,5.49,11.6,19.0,91
3.5,78.0,5.0,4.9,5.06,10.9,0.0,93
3.0,78.0,7.3,6.8,4.99,10.4,0.0,94
3.2,71.0,7.0,6.0,5.5,10.2,0.0,93
2.8,67.0,6.0,3.9,5.84,10.0,0.0,93
2.7,61.0,6.9,3.6,5.59,9.9,0.0,93
2.6,59.0,6.9,3.9,5.88,9.6,0.0,93
2.4,61.0,6.6,3.4,6.19,9.3,2.0,91
2.0,66.0,6.8,3.1,6.24,9.5,52.0,89
2.0,70.0,7.0,3.1,5.88,10.3,162.0,87
2.4,71.0,6.6,3.3,7.65,11.4,300.0,80
2.4,72.0,6.2,3.2,7.09,12.4,428.0,74
1.8,75.0,5.8,3.1,7.18,13.4,577.0,67
1.7,77.0,5.8,3.0,7.11,14.3,694.0,63
1.4,79.0,5.6,3.1,6.96,15.1,784.0,59
1.3,79.0,5.5,3.0,7.0,15.6,841.0,57
1.3,80.0,5.1,2.8,6.92,15.8,854.0,57
1.4,81.0,4.9,2.7,6.33,16.4,825.0,56
1.5,81.0,4.8,2.8,6.22,16.2,758.0,57
2.1,81.0,4.8,2.8,5.85,15.7,655.0,62
2.1,80.0,4.9,2.8,5.66,15.2,528.0,63
2.0,79.0,5.1,2.8,5.33,14.4,386.0,67
2.2,76.0,5.0,2.7,4.68,13.5,242.0,70
2.6,73.0,5.3,2.7,4.3,12.4,116.0,77
2.9,68.0,5.4,2.7,4.05,11.1,25.0,80
3.2,66.0,5.5,2.9,4.02,10.1,0.0,82
3.2,66.0,5.9,2.9,3.94,9.4,0.0,85
3.3,64.0,6.2,3.0,3.85,8.9,0.0,87
3.3,64.0,6.7,3.7,3.63,8.4,0.0,89
3.7,62.0,6.8,4.0,3.15,7.7,0.0,89
4.3,58.0,7.0,3.7,2.5,7.2,0.0,91
4.9,56.0,7.3,4.0,2.15,6.9,2.0,92
5.9,54.0,7.4,3.8,1.83,7.4,52.0,92
6.7,54.0,8.3,3.9,1.33,8.9,159.0,90
8.9,53.0,8.5,4.7,0.54,10.9,294.0,86
8.8,56.0,9.0,5.3,0.4,12.8,437.0,77
9.0,59.0,9.3,5.7,1.8,14.1,572.0,70
6.5,68.0,8.5,4.9,2.54,14.9,688.0,64
4.6,74.0,7.8,4.0,2.62,15.4,774.0,62
3.6,76.0,7.6,3.8,2.51,15.9,826.0,60
4.2,81.0,7.1,3.4,2.66,16.5,839.0,57
5.0,87.0,6.1,3.3,2.88,17.2,815.0,49
5.8,84.0,5.7,3.3,2.83,17.4,747.0,50
5.6,86.0,5.9,3.7,2.65,17.4,647.0,51
5.9,87.0,6.6,4.1,2.48,17.0,522.0,53
8.6,85.0,6.7,4.3,2.75,16.5,382.0,58
8.7,81.0,7.0,4.3,2.67,15.8,241.0,64
8.8,83.0,6.4,4.4,2.95,14.8,115.0,68
9.2,81.0,5.5,3.2,3.47,13.9,25.0,70
10.0,74.0,5.1,3.1,3.69,13.6,0.0,75
13.2,69.0,4.9,3.3,3.98,13.7,0.0,79
11.9,70.0,4.7,3.1,3.58,13.4,0.0,79
11.6,66.0,5.4,3.4,3.36,13.1,0.0,81
11.5,59.0,5.3,3.8,3.67,12.5,0.0,79
11.5,53.0,5.0,3.5,3.75,12.4,0.0,74
10.7,50.0,4.3,3.2,3.94,12.2,2.0,72
8.2,55.0,3.7,2.8,4.63,12.8,53.0,70
6.9,61.0,3.3,2.2,5.1,13.6,160.0,69
5.3,65.0,3.4,2.2,5.13,14.2,296.0,67
4.1,69.0,3.4,2.1,5.33,14.8,439.0,66
3.3,72.0,3.5,2.1,6.2,15.6,574.0,61
2.7,77.0,3.7,2.2,6.22,16.2,689.0,58
2.2,81.0,3.7,2.5,6.42,16.9,776.0,54
2.1,83.0,3.8,2.6,6.33,17.3,832.0,53
2.7,85.0,3.8,2.8,5.78,17.7,843.0,51
2.5,86.0,3.8,2.8,6.01,18.8,812.0,43
2.6,87.0,3.8,2.8,6.04,18.6,742.0,42
2.7,86.0,3.6,2.8,5.92,18.2,625.0,43
3.9,84.0,3.7,2.5,5.35,18.0,525.0,47
3.7,85.0,3.5,2.5,4.92,17.3,385.0,55
4.6,83.0,3.7,2.3,4.99,16.5,243.0,60
4.7,80.0,3.8,2.3,4.91,15.6,117.0,65
5.9,78.0,3.8,2.5,4.7,14.6,26.0,66
5.9,76.0,4.0,2.6,4.67,14.1,0.0,67
5.3,73.0,4.1,2.5,4.43,13.6,0.0,70
5.3,70.0,3.8,2.4,4.41,13.3,0.0,71
5.6,66.0,3.5,2.3,4.39,13.1,0.0,74
5.6,65.0,3.7,2.2,4.53,12.3,0.0,78
5.3,66.0,3.9,2.3,4.55,12.3,0.0,81
5.5,66.0,4.1,2.5,4.47,12.4,2.0,82
5.9,66.0,4.4,2.6,4.52,13.1,52.0,82
5.8,66.0,4.8,3.0,4.72,14.0,157.0,79
5.4,67.0,5.0,2.8,4.96,14.9,290.0,75
4.8,70.0,5.3,2.9,5.16,15.9,431.0,71
4.5,72.0,5.6,3.1,5.54,17.2,565.0,69
3.6,76.0,5.9,3.9,6.0,18.3,679.0,67
3.6,78.0,6.6,5.0,5.72,19.4,767.0,64
3.3,85.0,7.4,5.4,5.77,20.1,817.0,63
3.2,93.0,7.9,5.8,5.84,20.8,824.0,61
3.1,98.0,8.4,5.9,5.95,21.1,783.0,60
3.2,101.0,8.7,6.3,5.08,21.2,743.0,60
3.5,102.0,8.7,6.5,4.45,20.5,462.0,63
3.8,101.0,8.8,6.2,5.47,20.2,478.0,62
4.3,98.0,9.0,6.1,5.24,19.6,370.0,65
4.8,92.0,8.7,5.9,4.88,18.8,234.0,68
5.4,85.0,7.9,5.5,5.09,17.9,111.0,70
5.6,78.0,7.1,5.0,4.85,16.9,25.0,73
5.4,74.0,6.9,4.3,4.5,16.4,0.0,74
6.0,71.0,7.1,4.3,4.12,16.0,0.0,76
6.9,67.0,7.1,4.3,3.92,15.6,0.0,78
7.3,64.0,6.8,4.2,3.4,15.4,0.0,79
8.3,63.0,6.9,4.5,3.02,14.6,0.0,84
9.0,60.0,6.8,4.1,2.66,14.6,0.0,85
10.1,55.0,6.7,4.2,2.83,14.6,2.0,85
11.1,53.0,6.6,4.3,2.56,15.1,41.0,83
11.3,55.0,6.7,4.6,1.88,15.9,107.0,80
10.5,55.0,6.7,4.9,2.34,16.5,134.0,78
8.7,56.0,7.5,5.3,2.52,17.1,231.0,83
8.2,54.0,7.6,5.5,1.42,16.5,155.0,96
7.3,54.0,8.0,5.8,1.07,18.5,377.0,87
6.6,65.0,9.3,7.0,0.9,19.9,462.0,84
6.0,74.0,10.2,7.6,1.19,21.2,569.0,81
4.2,84.0,9.9,6.9,2.48,22.1,539.0,77
3.4,91.0,10.8,6.4,3.45,23.2,603.0,55
3.1,90.0,10.5,6.1,4.5,21.8,327.0,57
3.3,87.0,7.5,5.5,3.39,20.0,184.0,71
3.2,86.0,5.9,4.2,3.15,18.0,47.0,95
3.3,85.0,6.3,4.8,3.4,17.7,55.0,97
3.3,85.0,5.7,4.7,4.03,17.3,22.0,94
3.5,84.0,6.1,4.5,3.52,17.2,37.0,93
3.2,80.0,6.1,4.1,2.9,16.5,15.0,92
3.5,74.0,5.3,4.1,3.77,15.6,0.0,90
3.0,72.0,6.4,4.2,4.49,14.4,0.0,91
2.9,75.0,5.1,3.9,4.65,13.4,0.0,95
2.5,76.0,7.4,4.3,4.86,12.9,0.0,95
2.3,75.0,7.8,4.8,4.32,13.0,0.0,94
2.1,74.0,6.9,5.0,4.6,13.3,0.0,92
2.1,74.0,6.6,4.6,5.08,12.8,2.0,91
2.0,72.0,6.3,4.2,5.25,12.8,43.0,89
2.3,71.0,6.9,4.4,5.63,13.4,149.0,84
2.3,69.0,7.2,4.4,6.72,14.6,282.0,76
2.5,70.0,6.5,3.5,7.08,15.9,409.0,68
2.1,73.0,5.8,3.3,6.9,17.2,521.0,63
1.9,76.0,4.9,3.4,6.34,17.8,426.0,63
1.9,77.0,5.3,3.1,6.85,19.0,511.0,57
1.8,77.0,5.4,3.5,6.75,19.4,506.0,59
1.7,79.0,5.5,3.5,6.94,20.3,654.0,56
1.5,78.0,5.7,3.5,6.77,20.3,711.0,56
1.8,77.0,5.8,3.6,7.62,20.5,686.0,55
1.8,78.0,6.0,3.9,7.34,19.6,596.0,58
1.9,76.0,6.1,3.8,7.18,18.4,459.0,60
1.7,75.0,5.5,3.6,6.61,17.4,299.0,63
1.7,75.0,5.5,3.5,6.42,16.6,182.0,66
1.9,75.0,5.7,3.8,5.82,15.8,102.0,72
2.2,73.0,5.8,3.8,4.83,14.9,25.0,78
2.3,72.0,6.0,4.0,4.98,14.3,0.0,82
2.5,70.0,6.5,4.0,5.05,13.8,0.0,85
2.7,69.0,6.5,4.4,5.16,13.1,0.0,89
2.3,69.0,9.1,6.1,4.75,12.6,0.0,92
2.5,66.0,9.9,6.9,4.25,12.6,0.0,92
2.6,64.0,10.7,7.5,4.04,12.4,0.0,94
2.8,63.0,11.2,7.7,4.04,12.7,2.0,93
2.8,62.0,11.0,7.6,3.78,13.2,44.0,91
3.4,61.0,10.7,7.2,3.5,14.2,135.0,85
4.7,59.0,10.4,6.8,3.73,15.3,209.0,81
4.1,63.0,9.6,6.6,4.4,17.2,400.0,74
3.6,76.0,9.9,6.9,4.89,18.8,521.0,68
3.0,81.0,10.0,7.0,5.31,19.7,499.0,65
2.5,87.0,10.2,6.9,5.59,20.8,569.0,61
2.1,91.0,10.2,6.7,6.32,22.1,761.0,57
2.1,94.0,9.7,6.7,6.73,22.5,723.0,56
2.3,96.0,11.2,6.9,7.26,23.0,735.0,55
2.3,95.0,11.8,7.2,7.24,22.5,607.0,57
2.2,90.0,13.1,8.0,6.96,22.2,523.0,59
2.2,85.0,12.5,8.8,6.72,21.6,422.0,60
2.1,79.0,12.4,8.9,6.36,21.0,324.0,62
2.2,80.0,12.3,10.1,6.13,19.5,222.0,62
2.5,79.0,12.6,10.3,5.53,17.8,101.0,70
2.6,75.0,14.2,10.8,5.29,16.4,23.0,78
2.8,71.0,14.2,11.0,5.46,15.3,0.0,84
2.7,69.0,13.9,10.4,5.58,14.9,0.0,85
2.5,68.0,13.2,9.1,5.17,14.9,0.0,85
2.5,68.0,12.5,9.1,5.35,14.9,0.0,86
2.2,71.0,11.9,9.3,5.2,14.7,0.0,88
2.2,69.0,11.7,8.5,5.17,14.6,0.0,88
2.1,69.0,10.6,7.6,5.01,14.1,2.0,86
2.1,67.0,8.9,6.4,4.79,13.8,29.0,83
2.5,67.0,8.2,5.5,4.61,13.9,101.0,78
2.7,65.0,7.1,5.4,4.68,15.0,274.0,70
2.4,67.0,6.6,5.3,4.46,16.2,398.0,62
2.4,71.0,7.2,5.7,4.26,17.4,457.0,57
2.4,73.0,8.9,6.7,4.32,18.5,551.0,53
2.2,72.0,9.6,7.1,6.2,20.6,643.0,44
2.0,81.0,7.9,5.8,6.5,20.2,569.0,49
2.0,84.0,6.7,4.1,7.25,20.8,704.0,47
1.9,82.0,5.5,3.9,7.21,20.9,773.0,41
1.8,78.0,5.7,4.1,7.5,20.7,709.0,45
1.9,79.0,6.0,4.2,7.18,19.8,577.0,47
2.0,77.0,6.4,4.3,7.1,18.6,465.0,52
1.9,75.0,6.3,3.8,7.13,17.5,339.0,58
1.5,71.0,6.3,4.0,6.8,16.2,225.0,60
1.6,69.0,6.9,4.0,6.15,14.9,114.0,62
1.7,68.0,8.4,4.1,5.79,13.8,27.0,67
1.7,63.0,9.0,4.8,5.66,12.9,0.0,74
1.7,63.0,9.7,5.0,5.96,12.6,0.0,79
1.7,62.0,9.1,4.8,6.23,12.2,0.0,82
1.7,60.0,9.0,4.8,6.37,11.9,0.0,82
1.6,59.0,10.9,4.6,6.28,11.8,0.0,82
1.5,57.0,11.2,4.8,6.17,11.4,0.0,83
1.4,56.0,11.1,4.6,6.18,11.1,2.0,83
1.4,58.0,10.5,4.3,6.17,11.6,52.0,80
1.5,60.0,9.6,3.8,5.95,12.5,142.0,76
2.1,61.0,8.8,3.8,7.88,13.6,280.0,69
1.8,63.0,8.4,3.8,7.87,14.9,426.0,61
1.4,65.0,7.7,3.5,7.79,16.0,572.0,53
1.2,70.0,7.3,3.5,7.57,16.8,680.0,48
1.0,74.0,6.9,3.4,7.83,17.6,769.0,42
1.1,74.0,7.4,3.5,7.78,18.2,802.0,39
1.2,75.0,7.4,3.7,7.56,18.6,784.0,37
1.4,76.0,7.8,3.8,7.12,18.1,658.0,40
1.6,75.0,7.7,3.9,7.01,17.9,570.0,41
1.9,75.0,7.7,3.7,6.91,17.7,561.0,41
1.8,75.0,7.5,3.7,6.8,17.3,455.0,42
1.7,75.0,7.6,3.8,6.92,16.5,358.0,45
1.4,71.0,8.3,3.7,6.69,15.4,219.0,52
1.6,69.0,8.4,3.8,6.2,14.1,119.0,61
1.8,67.0,8.3,4.5,5.8,12.8,29.0,70
2.0,63.0,8.4,4.7,6.03,11.9,0.0,75
2.0,63.0,8.6,5.1,6.05,11.4,0.0,77
2.0,62.0,8.9,5.3,5.72,10.9,0.0,80
2.0,60.0,10.0,5.0,5.48,10.6,0.0,81
2.0,60.0,9.8,4.9,4.96,9.6,0.0,85
2.1,60.0,10.6,5.0,4.92,9.4,0.0,86
2.2,58.0,10.8,5.2,4.7,9.4,2.0,87
2.4,56.0,10.5,5.2,4.62,10.0,53.0,84
2.5,54.0,9.5,5.1,4.1,11.3,159.0,79
3.1,55.0,8.7,5.3,4.44,13.0,294.0,73
3.1,58.0,8.8,5.4,4.11,14.8,437.0,66
2.6,64.0,9.0,5.3,3.94,16.5,574.0,58
2.0,68.0,8.4,4.9,3.76,18.0,690.0,52
2.1,77.0,7.0,4.8,3.32,19.1,778.0,47
2.2,79.0,6.7,4.6,3.24,20.1,830.0,45
2.2,80.0,6.2,4.5,3.58,20.8,843.0,44
2.4,82.0,6.2,4.3,3.95,20.6,817.0,42
2.5,81.0,6.2,4.3,3.64,21.0,752.0,41
2.4,80.0,6.7,4.3,3.72,21.0,654.0,41
2.5,78.0,6.8,4.4,3.76,20.6,528.0,42
2.2,76.0,6.7,4.2,3.74,20.0,389.0,45
2.2,75.0,6.0,3.9,3.7,19.1,248.0,47
3.2,71.0,5.7,4.2,3.34,17.9,119.0,50
4.0,66.0,5.9,4.1,3.15,16.4,28.0,58
5.9,58.0,6.4,4.1,3.43,14.9,0.0,67
5.7,53.0,6.4,4.2,3.36,13.7,0.0,75
4.3,54.0,6.6,4.4,3.58,12.8,0.0,79
3.7,59.0,7.4,5.1,3.74,12.2,0.0,80
3.0,59.0,7.8,5.0,4.03,11.6,0.0,82
2.4,60.0,7.5,5.6,3.97,11.6,0.0,79
3.1,60.0,7.7,5.1,4.04,11.6,2.0,76
2.3,59.0,6.7,4.6,4.16,12.6,41.0,71
2.3,59.0,6.1,4.3,3.72,13.9,151.0,66
1.9,59.0,6.2,4.3,4.07,15.6,280.0,62
1.9,61.0,6.0,4.1,4.57,17.4,402.0,58
1.8,65.0,6.0,4.3,4.09,17.6,451.0,67
1.7,70.0,6.7,4.8,4.71,18.5,492.0,64
1.6,75.0,7.7,5.0,4.33,19.9,613.0,65
1.7,83.0,8.5,5.1,4.25,22.1,775.0,57
1.6,88.0,8.9,5.2,4.83,23.5,808.0,51
1.6,91.0,9.0,5.4,5.46,24.9,791.0,44
1.6,93.0,8.9,5.8,5.61,24.8,728.0,43
1.6,92.0,8.3,5.8,5.61,24.4,630.0,43
1.8,89.0,7.8,5.4,5.36,23.7,511.0,44
2.0,86.0,7.5,5.0,4.92,22.8,377.0,46
2.3,84.0,7.1,4.9,4.43,21.9,240.0,49
2.7,80.0,7.1,5.0,4.11,20.5,116.0,56
3.5,80.0,7.6,5.4,3.8,19.1,29.0,61
4.0,82.0,9.1,5.6,3.47,17.8,0.0,67
4.5,81.0,10.2,6.0,3.0,16.8,0.0,70
4.9,80.0,10.8,6.2,2.6,16.0,0.0,73
5.8,73.0,11.5,6.8,2.2,15.2,0.0,76
6.7,72.0,12.3,7.1,2.02,13.7,0.0,81
7.2,65.0,12.5,7.8,1.42,12.8,0.0,86
8.4,58.0,12.7,8.2,1.67,12.3,2.0,88
9.7,63.0,12.8,8.4,2.3,13.2,47.0,84
9.5,59.0,11.9,8.0,1.86,15.2,129.0,75
7.4,61.0,11.1,7.1,2.14,17.4,253.0,69
6.4,70.0,10.3,6.8,3.16,18.7,407.0,63
7.3,74.0,9.7,6.4,3.65,19.6,538.0,58
11.9,65.0,9.8,6.3,3.79,20.5,637.0,57
8.3,73.0,9.6,6.4,4.09,21.5,693.0,56
5.9,80.0,10.1,6.3,4.33,22.5,755.0,54
6.2,89.0,10.9,6.7,4.85,23.5,780.0,55
6.6,93.0,12.1,8.0,4.81,23.9,583.0,57
5.1,106.0,12.2,8.3,3.71,22.3,135.0,69
4.0,122.0,10.8,8.2,4.2,21.0,108.0,73
4.7,112.0,10.5,8.6,6.44,20.6,110.0,69
5.0,113.0,10.1,8.6,5.64,22.3,347.0,64
5.7,117.0,9.8,8.4,5.1,22.3,210.0,69
4.8,118.0,8.3,7.3,4.27,19.9,58.0,85
4.5,115.0,8.9,7.6,3.15,19.5,14.0,85
5.0,110.0,10.3,7.7,3.26,18.1,0.0,90
4.9,101.0,19.7,10.6,3.93,17.3,0.0,94
4.8,95.0,19.6,12.2,3.94,16.6,0.0,95
4.0,75.0,16.8,11.9,3.79,15.9,0.0,94
4.0,70.0,14.2,10.5,2.14,14.7,0.0,97
4.1,69.0,13.5,9.2,2.67,14.4,0.0,97
3.9,70.0,13.3,9.9,3.92,14.4,2.0,96
4.3,71.0,14.5,10.2,4.03,14.8,40.0,95
4.7,78.0,12.3,8.0,5.91,15.8,100.0,92
5.6,72.0,11.8,5.5,4.65,16.0,104.0,91
5.1,65.0,7.8,4.7,4.68,16.9,187.0,86
4.0,67.0,6.3,4.5,4.81,17.2,295.0,82
3.7,67.0,5.8,3.9,4.23,17.4,433.0,83
3.2,66.0,4.3,3.1,5.23,16.0,378.0,88
2.6,66.0,3.6,2.7,5.45,15.9,274.0,85
2.0,71.0,4.1,2.7,6.0,16.0,467.0,84
1.8,72.0,3.8,2.6,7.16,15.6,349.0,80
1.7,73.0,3.6,2.8,7.36,16.3,496.0,68
1.7,74.0,5.1,3.3,7.31,15.4,490.0,66
1.7,72.0,5.8,3.1,7.65,15.1,452.0,64
1.6,69.0,5.9,2.9,7.93,14.3,330.0,66
1.7,70.0,5.7,2.8,6.7,13.9,197.0,69
1.6,68.0,6.2,2.7,6.53,13.3,109.0,74
1.7,66.0,6.2,3.0,6.41,12.8,27.0,74
1.7,62.0,6.8,3.0,6.45,12.5,0.0,74
1.8,62.0,7.3,3.1,7.13,12.7,0.0,74
1.6,62.0,7.2,3.2,7.76,13.2,0.0,75
1.5,63.0,7.4,3.2,7.43,13.6,0.0,76
1.5,65.0,7.6,3.4,6.94,12.9,0.0,83
1.4,65.0,9.2,3.5,6.82,12.9,0.0,83
1.6,65.0,9.1,3.8,6.46,12.9,2.0,82
1.8,63.0,9.0,4.2,6.1,12.9,41.0,83
2.1,61.0,9.0,4.0,6.43,13.4,127.0,82
2.4,60.0,8.9,4.4,6.37,13.9,214.0,81
2.2,60.0,8.8,4.3,7.36,14.9,407.0,75
1.9,61.0,8.6,4.5,7.85,15.3,429.0,71
1.8,64.0,9.0,4.6,7.76,15.6,461.0,69
1.6,65.0,9.2,5.0,7.73,16.4,573.0,66
1.5,66.0,10.0,5.1,8.11,17.0,563.0,62
1.4,69.0,9.5,4.8,9.0,17.7,595.0,56
1.4,72.0,8.0,4.4,8.26,17.1,435.0,59
2.1,70.0,7.7,4.2,6.97,16.4,282.0,64
2.5,70.0,7.3,4.4,5.69,15.6,186.0,72
3.1,67.0,6.0,4.1,6.17,15.4,173.0,78
3.1,66.0,4.8,3.1,5.6,14.8,64.0,85
3.3,66.0,4.7,2.9,5.23,14.4,29.0,88
2.7,66.0,5.0,3.0,4.6,14.4,28.0,89
3.0,67.0,4.9,2.9,4.39,14.1,15.0,91
3.2,65.0,4.6,2.6,4.21,13.8,0.0,93
3.1,60.0,4.8,2.7,4.18,13.9,0.0,93
3.1,60.0,4.8,3.0,4.47,13.8,0.0,94
3.0,63.0,5.1,3.2,4.37,13.8,0.0,95
3.0,59.0,5.0,3.1,5.0,13.4,0.0,95
2.9,55.0,4.8,2.7,5.22,13.0,0.0,95
2.8,59.0,4.9,3.0,4.75,12.5,2.0,95
3.2,60.0,5.7,3.2,4.8,12.6,47.0,93
3.1,62.0,5.6,3.3,5.5,13.2,138.0,90
3.1,62.0,5.4,3.3,5.81,13.9,255.0,85
2.5,64.0,5.2,3.2,6.63,14.6,365.0,77
1.8,65.0,5.6,3.3,5.91,15.1,361.0,76
1.6,69.0,5.8,3.7,7.86,16.4,568.0,67
1.3,74.0,5.9,3.5,7.87,17.2,578.0,61
1.5,77.0,5.4,2.9,7.59,18.0,627.0,58
1.6,80.0,5.2,2.6,7.13,17.9,571.0,59
1.8,82.0,5.5,2.8,6.51,18.0,574.0,57
2.0,83.0,5.7,2.8,6.09,18.6,634.0,55
2.1,83.0,6.0,2.9,5.52,18.5,516.0,56
2.0,80.0,6.2,2.9,5.0,18.5,495.0,56
1.9,76.0,6.1,2.9,4.84,18.0,371.0,57
2.0,75.0,5.9,2.9,4.4,17.0,239.0,62
2.6,73.0,6.0,2.9,3.91,15.8,121.0,69
3.1,70.0,6.4,3.2,3.3,14.1,30.0,76
4.3,64.0,6.7,3.7,2.75,12.9,0.0,81
5.7,60.0,7.0,3.8,2.2,11.9,0.0,86
6.1,56.0,7.2,3.9,2.57,11.2,0.0,90
5.6,55.0,6.7,3.9,2.28,10.8,0.0,92
5.9,55.0,6.7,4.1,2.19,9.8,0.0,92
6.6,50.0,6.6,4.1,2.07,9.4,0.0,93
6.5,46.0,6.6,4.0,2.34,9.1,2.0,94
6.7,43.0,6.3,3.8,2.12,9.9,50.0,93
6.0,55.0,6.0,3.5,1.88,11.5,146.0,90
5.9,59.0,6.4,3.3,1.65,13.3,264.0,83
5.4,64.0,5.9,3.3,2.61,14.6,397.0,76
4.2,64.0,5.6,3.1,2.86,15.7,546.0,73
3.5,69.0,6.2,3.2,2.89,16.6,673.0,71
3.0,73.0,6.2,3.7,3.03,17.3,706.0,69
2.6,76.0,6.2,3.6,3.31,18.0,713.0,68
3.1,81.0,6.9,4.5,3.2,17.6,543.0,73
4.1,81.0,7.4,5.2,3.22,16.7,345.0,72
5.2,81.0,7.4,4.9,2.97,16.0,188.0,77
6.2,77.0,7.3,4.7,2.87,16.4,198.0,76
7.6,71.0,6.5,4.3,2.27,15.6,57.0,83
8.3,67.0,6.4,4.0,1.48,15.2,52.0,93
8.4,67.0,6.3,3.8,0.71,15.2,29.0,94
8.8,66.0,5.4,3.8,0.79,14.9,16.0,96
9.1,64.0,5.2,3.8,1.26,14.5,6.0,98
9.2,62.0,4.9,3.9,1.23,14.1,0.0,98
8.2,62.0,5.3,3.8,2.06,14.1,0.0,98
8.3,65.0,7.7,4.5,3.01,14.6,0.0,97
5.4,66.0,8.7,6.4,4.36,15.1,0.0,97
5.3,56.0,9.6,6.2,5.31,15.8,0.0,96
4.9,56.0,9.0,4.8,5.17,15.6,0.0,96
4.1,59.0,7.9,5.2,5.1,15.6,1.0,95
4.5,53.0,6.8,4.5,5.81,15.3,30.0,93
4.2,57.0,6.0,3.9,6.1,15.1,118.0,90
4.4,54.0,5.2,3.4,6.0,15.6,187.0,85
3.6,56.0,4.7,3.1,5.59,15.9,248.0,80
2.2,63.0,5.3,3.2,5.6,15.6,227.0,76
1.7,72.0,6.6,3.8,6.03,16.4,433.0,69
1.3,74.0,7.3,3.7,7.12,17.9,660.0,57
1.3,69.0,6.5,3.6,8.14,18.9,776.0,50
1.3,71.0,6.1,3.6,7.97,19.5,714.0,46
1.5,73.0,6.8,3.5,8.62,19.9,692.0,48
1.5,74.0,7.3,4.2,8.06,19.4,459.0,51
1.6,73.0,8.0,4.0,8.12,19.0,487.0,54
1.9,71.0,8.5,3.9,8.1,18.9,475.0,56
1.9,71.0,8.5,4.5,7.02,17.9,264.0,63
2.1,70.0,8.9,4.3,6.22,17.1,197.0,69
2.3,70.0,8.8,4.3,5.28,16.1,93.0,76
2.6,70.0,9.8,4.9,4.78,15.4,16.0,78
2.9,72.0,9.3,5.3,4.44,15.0,0.0,81
2.8,74.0,9.2,5.0,4.5,14.8,0.0,84
2.8,73.0,9.3,4.9,4.34,14.6,0.0,86
2.5,74.0,10.2,5.2,4.04,14.5,0.0,86
2.3,74.0,10.3,5.8,4.22,14.5,0.0,86
2.5,74.0,9.5,6.0,3.99,14.8,0.0,86
2.7,73.0,9.2,6.2,4.35,14.9,0.0,88
3.0,77.0,11.4,6.3,4.54,15.4,8.0,88
3.8,77.0,12.9,6.8,5.09,16.2,24.0,89
3.9,74.0,12.8,6.4,5.88,17.7,123.0,86
3.8,72.0,11.7,7.0,5.44,19.5,328.0,83
3.1,67.0,10.9,6.5,5.63,21.2,528.0,78
2.8,62.0,10.6,5.7,7.45,22.4,585.0,74
2.4,58.0,9.5,5.2,6.82,21.6,394.0,77
2.2,60.0,8.8,4.7,8.08,22.2,689.0,74
2.1,59.0,8.1,4.5,8.05,21.9,456.0,75
1.8,61.0,7.5,4.7,7.54,21.6,445.0,75
1.7,63.0,7.9,4.8,7.43,21.5,468.0,75
1.8,63.0,8.1,5.2,8.14,21.5,438.0,73
1.7,62.0,8.2,5.3,6.55,20.5,172.0,81
1.8,63.0,8.2,5.3,6.28,19.4,88.0,86
1.8,63.0,8.5,5.4,6.39,18.7,61.0,89
2.0,64.0,8.7,5.5,5.96,18.4,41.0,90
1.9,64.0,9.0,5.9,6.12,18.1,8.0,90
2.3,62.0,9.4,6.2,5.82,17.6,0.0,90
2.4,62.0,9.1,6.0,5.7,17.5,0.0,89
2.5,62.0,9.0,6.0,5.32,17.3,0.0,89
2.4,62.0,8.7,5.7,4.97,17.0,0.0,89
2.3,61.0,8.6,5.5,5.69,16.9,0.0,88
2.2,61.0,8.3,5.5,5.12,16.8,0.0,88
2.3,62.0,8.8,5.7,5.3,16.5,1.0,84
2.4,62.0,9.7,5.1,5.2,15.8,45.0,81
2.2,61.0,9.8,5.5,4.97,15.9,149.0,77
1.9,61.0,11.2,5.4,5.4,16.4,282.0,73
1.4,66.0,11.6,5.5,5.3,17.1,412.0,68
1.3,69.0,10.5,5.1,5.87,18.0,536.0,61
1.1,71.0,9.0,4.7,6.96,18.6,606.0,57
1.0,73.0,8.2,4.5,7.51,18.9,620.0,55
0.9,77.0,7.8,3.6,7.47,19.0,771.0,52
0.9,75.0,7.6,3.6,8.0,19.1,794.0,50
0.9,71.0,7.8,3.7,7.75,19.0,754.0,48
0.9,70.0,7.7,3.9,8.24,18.7,714.0,49
0.9,69.0,8.5,3.9,8.6,18.2,627.0,50
0.9,66.0,8.4,3.8,8.9,17.6,494.0,50
1.0,65.0,8.4,3.7,8.93,16.8,383.0,55
1.0,64.0,8.6,3.7,8.59,15.9,246.0,59
1.1,65.0,9.0,3.8,8.1,14.9,120.0,65
1.2,67.0,9.3,3.9,7.48,14.0,29.0,71
1.3,64.0,9.4,4.2,6.91,13.3,0.0,75
1.4,60.0,9.7,4.2,6.8,12.9,0.0,77
1.5,60.0,10.1,4.3,6.69,12.6,0.0,79
1.4,59.0,11.0,4.3,6.58,12.4,0.0,81
1.5,58.0,12.0,4.2,6.43,11.7,0.0,83
1.6,58.0,12.9,4.0,6.15,11.6,0.0,84
1.7,57.0,12.4,4.0,5.86,11.6,1.0,83
1.7,57.0,11.9,4.1,5.43,12.0,46.0,81
2.0,57.0,11.0,4.1,4.81,13.0,142.0,77
2.4,56.0,9.6,4.0,4.98,14.1,276.0,72
1.9,57.0,8.7,3.9,4.49,15.4,419.0,69
1.6,60.0,7.9,3.8,4.04,16.5,549.0,64
1.7,64.0,7.1,3.7,3.66,17.8,661.0,58
1.9,70.0,6.6,3.7,3.6,19.0,758.0,54
2.1,73.0,6.0,3.6,3.4,20.0,814.0,50
2.2,74.0,6.3,3.3,3.21,20.9,829.0,46
2.1,76.0,6.6,3.4,2.69,21.8,801.0,42
2.4,76.0,6.5,3.4,2.09,22.0,730.0,43
3.0,76.0,6.4,3.3,1.94,22.1,626.0,43
3.4,75.0,6.2,3.2,2.12,22.0,502.0,44
4.2,74.0,6.2,3.2,2.15,21.6,379.0,46
5.4,72.0,6.3,3.2,1.7,20.9,243.0,49
6.9,69.0,7.2,3.6,1.24,19.8,118.0,57
9.7,61.0,8.4,4.1,0.66,18.0,28.0,75
11.7,54.0,9.6,4.4,0.86,17.0,0.0,79
12.8,45.0,9.8,4.6,1.13,16.4,0.0,81
14.4,40.0,10.0,4.8,1.24,15.8,0.0,82
14.1,46.0,8.0,4.6,2.13,15.6,0.0,82
11.4,49.0,7.6,4.7,2.16,14.5,0.0,90
11.1,52.0,7.9,5.0,2.52,14.4,0.0,91
9.3,48.0,9.6,5.1,3.02,14.4,1.0,93
9.2,45.0,9.2,5.2,3.3,14.9,45.0,90
6.3,47.0,9.2,5.7,3.2,16.0,146.0,82
6.3,57.0,9.6,5.4,3.3,17.4,276.0,72
5.2,64.0,8.9,5.4,3.45,18.7,417.0,65
5.0,70.0,9.8,5.1,3.41,20.0,553.0,57
4.6,74.0,9.6,5.0,3.16,21.2,669.0,53
4.3,77.0,9.6,5.2,3.52,22.0,739.0,52
4.2,80.0,9.8,5.5,3.54,22.5,799.0,51
5.4,82.0,9.7,5.4,3.58,23.2,823.0,49
5.9,79.0,9.6,5.4,3.88,24.0,803.0,45
5.7,83.0,9.8,5.4,3.49,24.2,742.0,46
5.1,92.0,9.8,5.2,3.65,24.3,645.0,48
4.7,94.0,9.6,5.1,3.63,24.1,519.0,50
4.9,94.0,8.6,5.0,3.13,23.7,382.0,53
5.5,91.0,8.4,5.0,2.56,23.1,245.0,57
6.9,92.0,8.9,4.9,2.72,21.9,118.0,62
7.4,85.0,8.2,4.9,2.86,20.5,28.0,64
8.0,83.0,7.8,5.0,3.0,19.8,0.0,65
7.5,73.0,7.7,5.0,3.5,19.5,0.0,64
7.4,70.0,7.9,5.1,3.55,19.1,0.0,66
7.9,67.0,9.9,5.4,3.54,18.6,0.0,69
8.6,68.0,8.6,4.9,3.08,17.0,0.0,78
9.0,65.0,8.3,4.7,3.21,16.6,0.0,81
9.0,59.0,7.9,5.1,3.22,16.6,1.0,82
10.0,53.0,8.7,5.3,2.86,17.4,40.0,79
10.6,48.0,9.6,5.5,2.45,18.7,107.0,75
11.1,46.0,9.7,5.5,1.77,20.0,211.0,70
10.6,51.0,9.7,5.4,0.29,21.6,371.0,64
9.0,62.0,9.7,5.7,1.54,22.6,432.0,61
7.0,81.0,10.1,6.3,2.18,23.6,589.0,60
5.7,98.0,10.4,7.2,2.16,24.6,733.0,58
5.1,113.0,12.5,7.9,1.95,26.4,787.0,55
5.3,105.0,15.4,9.5,1.9,27.0,678.0,55
5.3,126.0,15.0,11.0,2.83,26.0,198.0,59
5.5,125.0,17.0,11.9,1.6,26.0,311.0,60
5.7,130.0,18.3,12.1,1.86,27.1,618.0,55
5.4,128.0,16.1,11.5,2.63,27.2,513.0,55
6.1,121.0,11.1,9.1,2.81,27.0,359.0,60
6.5,110.0,9.8,9.2,2.32,26.0,149.0,65
6.7,97.0,10.1,8.2,4.0,25.3,56.0,68
7.2,90.0,8.9,7.2,5.03,22.1,7.0,74
6.6,89.0,8.2,6.8,5.31,21.0,0.0,77
4.7,84.0,7.6,6.4,5.22,20.0,0.0,82
5.1,74.0,5.9,4.4,3.59,19.1,0.0,88
3.0,65.0,4.1,2.8,3.79,17.3,0.0,90
2.9,67.0,4.9,3.2,6.01,14.3,0.0,91
2.4,67.0,5.6,3.3,6.63,12.9,0.0,89
2.0,70.0,6.0,3.5,6.54,12.3,1.0,86
1.7,66.0,6.8,3.9,7.23,12.5,43.0,84
1.7,65.0,8.3,3.9,7.08,13.2,145.0,81
2.1,68.0,9.5,4.1,8.21,14.2,278.0,75
1.8,70.0,10.0,3.8,7.85,15.1,418.0,68
1.4,67.0,9.3,3.8,8.33,16.0,548.0,61
1.1,68.0,8.9,3.6,8.63,16.8,670.0,56
0.9,69.0,7.6,3.6,8.86,17.2,755.0,53
0.8,72.0,7.4,3.3,8.92,17.8,827.0,50
0.9,71.0,7.0,3.3,8.86,18.1,846.0,49
0.9,72.0,6.5,3.2,8.59,18.4,817.0,48
1.0,71.0,6.2,3.3,8.35,18.1,747.0,48
1.2,66.0,5.8,3.2,8.01,17.9,632.0,47
1.2,63.0,5.4,3.1,7.84,17.4,528.0,49
1.2,63.0,6.5,3.0,7.34,16.8,393.0,51
1.1,63.0,5.9,3.0,6.76,16.1,243.0,55
1.2,63.0,5.1,2.9,5.57,15.2,115.0,61
1.6,61.0,4.9,2.8,4.92,14.0,27.0,67
2.0,61.0,5.5,3.0,4.5,13.2,0.0,73
2.2,59.0,5.9,3.2,4.3,12.6,0.0,78
2.1,59.0,6.4,3.4,4.23,12.1,0.0,83
2.4,61.0,7.4,3.9,4.01,11.7,0.0,86
2.5,62.0,8.8,5.4,3.85,10.4,0.0,89
2.6,66.0,12.4,8.5,3.74,10.2,0.0,90
2.8,69.0,11.9,9.3,3.56,10.4,1.0,91
3.0,64.0,7.8,6.3,3.4,11.0,40.0,90
3.0,53.0,7.2,4.2,3.18,12.3,133.0,87
2.8,53.0,5.8,3.2,3.15,14.1,270.0,80
2.5,59.0,5.1,3.0,4.83,15.6,409.0,68
1.9,62.0,4.4,2.8,4.52,16.5,471.0,64
1.6,66.0,4.2,2.7,5.13,17.5,611.0,58
1.6,70.0,4.0,2.7,5.41,18.4,603.0,55
1.6,75.0,4.4,2.8,6.3,18.5,492.0,56
1.8,82.0,5.0,3.0,6.65,17.9,590.0,59
2.1,81.0,5.3,3.1,5.7,17.9,587.0,65
2.4,74.0,5.4,3.3,6.46,17.6,485.0,62
2.6,69.0,6.9,4.0,3.91,15.7,140.0,78
2.9,68.0,7.5,4.1,4.72,15.6,89.0,83
2.7,67.0,5.8,3.9,5.8,15.2,69.0,86
2.4,67.0,5.6,4.0,5.68,14.2,38.0,90
2.4,67.0,6.4,4.3,5.01,14.2,37.0,90
2.5,66.0,7.2,5.5,4.39,14.0,15.0,90
2.8,66.0,9.8,6.1,4.47,14.1,0.0,90
2.9,66.0,9.5,6.3,4.16,14.2,0.0,90
2.8,68.0,12.1,6.7,4.16,14.4,0.0,88
2.7,70.0,13.1,7.6,5.23,14.5,0.0,86
2.3,75.0,11.2,7.7,5.55,14.6,0.0,84
2.3,74.0,10.0,6.8,5.71,14.5,0.0,85
2.2,76.0,9.3,6.4,6.01,14.4,0.0,90
2.3,77.0,7.1,5.7,5.58,14.1,7.0,95
2.6,76.0,5.6,4.1,5.78,14.6,20.0,93
2.8,74.0,4.9,3.8,6.18,14.8,39.0,95
2.7,70.0,5.4,3.8,6.01,15.6,97.0,91
2.3,70.0,5.0,3.6,6.55,15.9,203.0,87
2.3,68.0,5.8,3.2,6.54,16.2,207.0,86
2.2,67.0,7.0,3.6,6.22,16.4,162.0,85
2.1,67.0,8.3,3.7,5.37,16.0,101.0,89
1.9,67.0,7.5,3.4,6.69,18.0,432.0,83
1.5,65.0,7.1,3.2,6.9,18.0,492.0,81
1.6,67.0,6.5,3.3,5.92,17.1,175.0,82
1.7,67.0,6.3,3.1,6.8,17.2,210.0,83
1.8,65.0,6.6,3.2,6.72,17.0,188.0,84
1.9,64.0,6.4,3.6,5.79,16.5,142.0,87
1.9,62.0,6.3,3.6,6.06,16.0,71.0,87
1.9,61.0,6.8,3.8,5.84,15.8,47.0,87
2.0,62.0,8.2,3.9,5.51,15.4,18.0,88
2.0,63.0,8.3,4.0,5.1,15.2,0.0,88
2.1,61.0,8.5,4.1,4.74,15.1,0.0,90
2.2,62.0,8.7,4.2,4.66,14.9,0.0,92
2.5,62.0,8.3,4.7,4.7,14.9,0.0,93
2.6,62.0,7.8,5.1,4.31,14.7,0.0,94
2.8,63.0,6.8,4.1,4.25,14.5,0.0,94
3.0,62.0,5.5,3.6,4.26,14.5,0.0,95
3.4,60.0,4.5,3.6,4.15,14.9,15.0,94
3.5,58.0,3.8,3.0,4.19,15.4,78.0,93
3.8,56.0,3.8,3.1,4.71,16.4,149.0,88
3.7,56.0,4.3,3.3,4.86,17.5,269.0,84
3.3,56.0,5.1,3.1,4.48,18.2,290.0,83
2.1,65.0,4.9,3.4,5.31,19.5,575.0,77
1.8,65.0,5.1,3.5,5.48,20.0,643.0,72
1.7,69.0,5.0,3.2,5.68,19.6,571.0,68
1.6,70.0,5.0,3.2,5.36,20.5,700.0,63
1.5,68.0,5.0,3.1,5.52,20.2,719.0,62
1.5,67.0,5.2,2.7,5.42,20.4,676.0,61
1.7,67.0,5.4,3.0,4.97,20.1,544.0,61
1.7,68.0,5.5,2.9,4.24,20.0,477.0,61
1.9,68.0,5.5,3.0,3.06,19.4,355.0,64
2.2,67.0,5.8,3.3,2.51,18.9,210.0,67
2.8,64.0,6.1,3.0,2.39,17.8,85.0,75
3.4,60.0,5.6,2.9,1.96,16.6,18.0,81
4.4,54.0,5.7,2.7,1.91,16.1,0.0,85
4.8,52.0,5.4,2.8,2.12,15.7,0.0,86
5.4,49.0,5.8,2.9,2.46,15.1,0.0,88
4.8,49.0,5.6,3.2,2.05,14.6,0.0,90
4.6,50.0,5.5,3.5,2.46,14.1,0.0,96
4.6,48.0,6.1,3.9,1.9,13.9,0.0,97
4.9,47.0,6.5,3.9,1.69,13.7,0.0,97
5.0,47.0,6.6,4.3,2.0,13.7,21.0,97
5.7,49.0,7.2,4.3,2.21,14.1,80.0,94
5.2,52.0,7.5,3.6,2.62,14.7,181.0,88
4.5,52.0,6.8,3.5,3.18,15.7,334.0,80
4.4,58.0,6.0,3.0,3.11,16.9,443.0,72
3.7,63.0,6.0,2.9,2.82,17.6,473.0,67
3.7,66.0,5.5,2.7,2.41,17.9,470.0,66
4.2,69.0,5.1,2.7,2.46,18.1,558.0,65
3.0,69.0,4.9,2.6,2.45,18.5,548.0,64
2.9,70.0,5.2,2.9,2.35,18.5,617.0,62
3.3,69.0,4.3,2.8,2.25,18.8,565.0,59
3.2,67.0,4.5,2.3,2.5,18.5,455.0,62
2.9,65.0,4.6,2.2,3.14,18.2,399.0,65
2.7,65.0,4.4,2.4,3.77,16.6,262.0,70
3.1,66.0,4.8,2.5,3.54,16.3,145.0,71
3.2,62.0,5.8,2.6,2.95,15.4,101.0,78
4.4,58.0,7.3,2.8,2.87,14.4,22.0,83
4.7,55.0,7.4,3.2,2.55,13.3,0.0,89
4.6,55.0,7.6,3.5,2.55,12.6,0.0,91
4.4,56.0,7.7,3.6,2.44,12.1,0.0,93
4.1,55.0,6.7,3.3,2.3,11.7,0.0,94
4.8,53.0,7.2,3.9,2.04,11.9,0.0,93
5.2,47.0,6.9,4.0,1.21,11.8,0.0,94
5.7,47.0,7.0,4.3,0.81,11.4,0.0,96
6.4,46.0,7.2,4.4,1.0,12.0,27.0,96
6.5,46.0,7.8,4.5,0.97,12.9,109.0,92
7.3,50.0,8.2,4.3,1.51,14.1,248.0,85
5.1,53.0,7.9,3.9,1.66,15.1,383.0,80
3.9,59.0,7.6,3.9,2.53,16.1,440.0,74
3.7,64.0,6.5,3.6,3.16,17.1,559.0,69
4.0,59.0,3.4,2.5,4.14,17.0,538.0,75
2.8,65.0,3.0,1.9,3.77,17.5,510.0,76
2.3,70.0,3.1,1.7,3.55,18.0,583.0,72
1.9,71.0,3.0,2.0,3.72,17.3,428.0,73
1.9,74.0,3.2,2.5,4.08,17.0,363.0,71
1.8,75.0,3.4,2.5,4.22,17.2,412.0,69
1.8,77.0,3.2,2.4,4.44,17.1,404.0,70
2.0,77.0,3.2,2.3,4.48,16.7,301.0,70
2.3,75.0,3.1,2.2,4.26,16.4,172.0,71
2.8,74.0,2.9,2.2,3.35,15.9,86.0,75
3.0,71.0,3.0,2.4,2.72,15.2,19.0,78
3.9,65.0,2.9,2.3,3.39,14.9,0.0,81
4.2,61.0,3.1,2.2,3.87,14.2,0.0,82
5.8,54.0,3.7,2.9,3.86,13.6,0.0,82
4.8,50.0,4.8,3.1,3.79,12.9,0.0,86
4.7,49.0,4.5,3.0,3.56,12.4,0.0,90
4.7,49.0,4.6,3.7,3.47,12.1,0.0,92
4.7,50.0,4.8,3.5,3.67,11.8,0.0,94
4.8,51.0,5.0,3.5,3.91,12.1,37.0,94
5.0,51.0,5.2,3.9,3.55,13.1,138.0,93
5.9,54.0,5.4,4.0,3.46,14.8,274.0,88
4.9,59.0,5.4,4.0,3.43,16.3,412.0,82
4.1,61.0,5.6,4.3,3.15,17.7,541.0,75
3.4,66.0,5.3,4.1,3.11,18.9,656.0,69
3.4,69.0,5.3,4.0,3.23,19.8,726.0,62
3.7,71.0,5.2,3.6,2.87,20.5,724.0,58
3.6,76.0,5.2,3.6,2.75,21.0,742.0,56
4.0,77.0,5.5,3.5,3.01,20.8,634.0,55
4.0,76.0,5.9,3.6,3.55,20.7,636.0,56
4.0,77.0,6.2,3.3,3.34,20.4,438.0,59
4.5,70.0,6.4,3.6,3.85,20.1,337.0,60
4.2,69.0,5.3,2.8,4.37,19.4,251.0,64
3.3,67.0,4.2,2.6,4.24,18.0,152.0,63
3.4,67.0,4.1,2.4,3.86,16.8,78.0,69
3.2,67.0,3.6,2.4,3.32,15.1,22.0,74
3.6,66.0,4.2,3.0,3.18,13.8,0.0,78
4.3,64.0,4.3,3.2,3.56,12.9,0.0,80
4.7,64.0,4.7,3.2,3.67,12.4,0.0,80
4.2,62.0,4.8,3.0,3.62,12.0,0.0,81
4.3,56.0,5.2,3.5,3.57,12.1,0.0,84
4.5,54.0,5.7,3.5,3.43,11.9,0.0,86
4.2,53.0,6.5,3.9,3.37,11.6,0.0,88
4.9,54.0,7.1,5.1,3.42,12.1,32.0,89
5.2,54.0,7.9,5.0,2.91,13.3,122.0,89
5.7,53.0,7.7,4.5,2.49,14.9,257.0,87
4.6,54.0,7.5,4.1,3.69,16.6,396.0,76
3.6,55.0,7.1,3.9,2.88,17.8,474.0,70
3.4,58.0,5.8,3.6,2.31,18.5,475.0,67
4.0,60.0,5.5,3.7,1.82,19.2,529.0,65
4.2,63.0,5.6,3.9,0.87,19.8,585.0,62
3.7,70.0,5.8,3.7,0.27,19.8,558.0,64
3.4,73.0,6.1,4.3,0.89,19.8,511.0,62
3.7,71.0,6.6,4.5,1.17,20.2,596.0,62
4.6,72.0,6.5,4.6,1.8,20.4,473.0,61
6.3,72.0,7.1,4.5,2.2,20.4,425.0,60
7.1,69.0,7.1,4.4,2.45,19.9,255.0,61
7.5,67.0,7.5,4.4,2.28,19.5,172.0,63
9.9,65.0,7.3,4.5,2.47,18.5,104.0,72
10.4,57.0,7.7,4.6,3.04,16.9,21.0,81
9.7,54.0,7.7,4.1,3.11,15.5,0.0,85
7.1,50.0,7.4,4.5,3.18,14.6,0.0,87
6.1,52.0,7.6,4.8,3.43,13.8,0.0,89
5.5,54.0,7.7,5.1,3.44,13.1,0.0,92
5.1,52.0,7.9,5.9,2.9,12.3,0.0,95
4.9,53.0,8.3,6.1,2.59,11.9,0.0,96
5.9,52.0,8.6,6.2,2.57,11.6,0.0,97
6.4,45.0,8.6,6.4,3.0,11.8,31.0,97
7.5,44.0,8.1,6.1,3.21,12.3,101.0,98
7.1,52.0,6.9,5.6,3.26,13.8,190.0,92
5.7,54.0,7.1,5.0,2.92,15.8,343.0,85
4.0,62.0,8.0,5.2,3.08,18.1,534.0,77
3.1,68.0,7.9,4.9,3.1,20.3,659.0,67
2.8,72.0,7.0,4.7,3.46,22.1,757.0,56
2.2,79.0,5.6,4.2,3.9,23.4,801.0,49
2.1,85.0,4.9,3.6,4.62,24.1,782.0,45
2.6,91.0,5.0,3.3,4.4,24.5,786.0,43
1.9,90.0,4.8,3.4,4.75,24.9,743.0,44
2.0,89.0,4.3,3.2,5.41,24.5,619.0,48
2.5,84.0,4.5,3.2,5.36,23.3,445.0,52
2.5,79.0,4.5,3.1,5.25,22.8,302.0,46
2.3,77.0,4.5,3.3,4.57,21.9,177.0,51
2.6,77.0,4.7,3.7,4.8,20.8,85.0,57
3.1,76.0,5.1,4.1,3.91,19.4,19.0,62
3.5,74.0,5.9,4.8,4.57,18.4,0.0,66
4.3,71.0,6.0,4.9,4.88,17.5,0.0,66
4.3,71.0,5.5,4.2,4.95,17.2,0.0,66
4.3,64.0,5.5,4.3,4.99,17.2,0.0,66
4.0,62.0,5.8,3.6,4.73,16.6,0.0,69
3.9,60.0,6.0,3.4,4.95,16.8,0.0,70
3.4,61.0,5.9,3.5,5.11,16.6,0.0,71
3.1,61.0,5.8,3.7,5.31,17.0,30.0,66
2.8,61.0,5.6,3.8,5.52,17.7,109.0,64
2.5,63.0,5.8,3.8,6.26,18.6,221.0,61
2.2,66.0,5.9,3.9,7.22,19.4,373.0,60
1.9,69.0,6.2,3.9,6.95,18.5,360.0,69
1.8,72.0,6.5,3.8,5.8,17.4,258.0,80
1.5,73.0,6.4,3.8,6.93,18.3,383.0,77
1.6,70.0,6.1,4.0,6.78,19.1,418.0,74
1.5,69.0,6.3,4.7,6.6,20.1,514.0,71
2.1,67.0,7.0,5.1,6.16,20.1,336.0,73
2.1,67.0,6.7,4.5,6.33,19.9,237.0,75
1.7,69.0,5.8,4.7,5.94,20.4,413.0,74
1.9,69.0,5.5,4.3,5.62,20.7,374.0,71
2.1,71.0,4.4,3.2,4.99,20.6,274.0,72
2.4,72.0,4.9,4.1,4.82,20.2,171.0,76
3.0,72.0,5.1,4.0,4.3,19.6,78.0,82
4.4,70.0,5.4,3.3,3.66,18.9,13.0,85
7.2,67.0,5.7,3.0,3.44,18.4,0.0,87
10.9,63.0,6.0,3.3,3.87,18.0,0.0,88
12.6,59.0,6.1,3.3,3.71,17.1,0.0,90
9.6,57.0,5.5,3.7,3.14,16.5,0.0,89
6.4,59.0,5.0,2.6,3.85,16.5,0.0,88
5.0,64.0,5.2,3.5,4.64,16.1,0.0,85
3.2,66.0,6.1,4.4,4.8,15.8,0.0,83
2.6,72.0,6.3,4.4,5.16,15.9,28.0,83
2.5,76.0,6.7,4.3,5.14,16.6,88.0,82
2.4,76.0,6.9,4.6,5.66,17.5,215.0,79
2.5,79.0,6.6,4.4,7.02,18.2,355.0,75
2.4,80.0,7.1,4.2,7.08,18.0,300.0,78
2.2,81.0,7.1,5.0,6.47,18.2,362.0,79
1.9,82.0,6.9,4.8,5.95,19.1,472.0,75
1.7,84.0,6.4,4.6,5.92,20.4,687.0,69
1.5,86.0,5.7,4.4,6.06,21.1,716.0,65
1.6,87.0,5.3,4.2,6.17,20.9,698.0,66
1.7,88.0,5.0,4.0,5.35,21.0,583.0,65
2.0,89.0,4.9,4.0,5.31,21.8,482.0,61
2.1,91.0,5.4,4.4,5.53,21.4,381.0,63
2.3,91.0,5.9,4.7,5.34,21.2,283.0,63
2.6,91.0,5.9,4.7,4.73,20.8,189.0,66
3.4,91.0,5.7,4.7,4.51,19.9,92.0,71
4.6,89.0,5.5,4.6,3.94,18.5,17.0,79
5.5,86.0,5.9,5.1,3.59,17.9,0.0,82
6.7,88.0,7.7,5.2,3.3,17.4,0.0,85
5.1,88.0,8.3,5.4,3.2,17.1,0.0,86
5.7,87.0,8.9,5.4,2.96,17.0,0.0,88
6.4,82.0,9.2,6.1,2.93,17.1,0.0,87
6.5,72.0,8.6,5.8,2.67,16.4,0.0,92
6.2,74.0,8.7,6.4,2.77,16.4,0.0,91
5.6,74.0,8.2,6.7,3.25,16.9,22.0,88
5.1,74.0,7.9,6.4,3.04,17.2,69.0,84
4.1,74.0,7.9,6.3,3.74,18.1,197.0,79
3.9,79.0,7.6,6.2,4.03,19.0,345.0,77
3.2,85.0,8.1,6.1,3.86,19.6,420.0,75
2.9,90.0,8.4,5.8,3.49,20.5,568.0,71
2.5,95.0,8.4,5.6,3.17,21.4,677.0,68
2.6,98.0,8.4,5.5,3.6,21.7,743.0,67
2.9,103.0,8.4,5.8,3.7,21.3,754.0,70
3.4,106.0,8.2,6.3,3.02,21.7,703.0,70
3.8,107.0,8.1,6.3,3.05,21.6,693.0,68
4.4,107.0,8.0,6.2,2.39,21.4,583.0,67
5.1,105.0,7.7,6.1,2.27,21.3,463.0,68
6.3,104.0,7.2,5.8,1.74,21.0,348.0,69
6.4,102.0,6.5,5.2,1.62,20.4,221.0,71
7.2,98.0,6.0,4.8,1.35,19.6,101.0,76
8.8,96.0,5.7,4.8,1.03,18.5,18.0,85
10.7,82.0,6.1,4.9,0.74,17.5,0.0,92
14.2,71.0,7.7,5.6,0.49,16.9,0.0,93
16.5,72.0,9.2,7.7,0.36,16.2,0.0,95
16.7,66.0,12.2,8.7,0.34,15.6,0.0,97
15.4,57.0,11.1,10.1,0.83,15.1,0.0,98
16.4,47.0,12.5,11.5,0.35,14.3,0.0,100
19.7,40.0,13.1,12.3,0.81,13.7,0.0,99
22.6,34.0,13.2,12.5,0.71,13.7,21.0,99
21.6,30.0,13.6,12.8,1.13,14.9,87.0,98
23.3,55.0,14.1,12.9,0.54,16.5,165.0,96
19.7,65.0,12.8,11.8,0.93,18.2,286.0,87
12.8,73.0,10.3,9.5,1.52,19.6,447.0,80
8.6,78.0,9.5,8.1,2.01,20.5,506.0,78
6.3,83.0,9.1,8.4,2.44,20.8,504.0,76
5.1,85.0,9.1,8.4,3.35,20.0,479.0,79
4.8,90.0,8.7,8.2,2.1,21.0,447.0,75
4.9,88.0,10.4,9.2,3.47,19.9,508.0,76
5.4,86.0,7.5,7.2,3.3,20.0,528.0,77
5.9,82.0,6.4,4.7,3.46,20.0,544.0,74
5.7,79.0,4.6,4.0,3.89,18.6,311.0,83
5.7,78.0,4.4,3.7,4.17,17.9,173.0,84
5.7,74.0,4.5,3.7,4.5,17.0,109.0,89
5.1,72.0,4.8,4.1,4.74,16.8,48.0,91
5.3,73.0,4.7,3.9,4.83,16.1,12.0,94
4.1,76.0,4.6,3.7,5.01,15.4,0.0,95
4.0,79.0,4.9,4.1,5.3,15.1,0.0,92
4.0,77.0,5.0,4.5,5.91,14.4,0.0,94
3.6,73.0,4.6,3.4,5.48,14.1,0.0,92
2.8,77.0,3.4,3.2,5.06,14.6,0.0,91
2.5,72.0,3.0,2.8,3.81,14.1,0.0,95
2.3,72.0,2.9,2.4,3.81,14.4,0.0,92
2.1,68.0,3.1,2.2,3.98,14.4,5.0,93
2.6,64.0,3.6,2.1,4.56,14.6,26.0,93
3.9,65.0,3.5,2.2,4.67,15.2,72.0,89
4.0,67.0,3.7,2.5,4.0,15.8,145.0,88
3.6,69.0,4.0,2.5,4.23,16.2,177.0,84
3.4,71.0,4.1,2.6,5.12,17.0,281.0,78
3.6,74.0,4.3,3.0,4.33,17.6,304.0,78
4.3,79.0,4.4,3.0,3.85,18.5,406.0,75
4.6,78.0,4.4,3.3,3.41,19.2,516.0,73
5.2,78.0,4.6,3.3,3.07,19.3,368.0,72
5.1,83.0,5.6,4.7,3.43,20.0,478.0,68
6.6,85.0,6.5,5.5,4.31,19.5,344.0,74
7.2,87.0,7.0,5.7,4.1,19.2,207.0,76
7.0,93.0,7.5,6.1,3.62,18.8,118.0,82
7.0,83.0,7.8,6.6,3.29,18.5,93.0,86
7.5,80.0,7.2,6.6,3.16,18.0,31.0,89
8.4,71.0,7.1,6.4,3.47,17.7,9.0,92
8.8,64.0,5.8,5.6,3.32,17.2,0.0,95
8.9,66.0,6.7,6.0,3.36,17.3,0.0,95
6.5,62.0,7.0,6.4,3.18,16.9,0.0,97
5.2,66.0,6.4,6.0,3.83,16.9,0.0,98
4.9,64.0,7.2,6.4,3.8,17.1,0.0,97
5.1,62.0,6.9,5.8,3.13,16.8,0.0,97
5.4,55.0,6.9,6.2,3.46,16.8,0.0,98
5.6,52.0,6.2,5.6,4.04,16.7,20.0,97
7.0,48.0,6.1,4.3,4.43,17.4,96.0,96
6.7,50.0,5.6,4.5,4.91,18.6,200.0,91
5.2,59.0,5.7,5.1,4.9,19.9,298.0,86
3.5,69.0,6.2,5.3,5.4,21.0,363.0,81
2.8,77.0,7.5,6.1,5.35,21.6,446.0,78
2.6,83.0,7.9,6.3,4.68,22.5,534.0,75
2.5,85.0,7.5,5.9,3.93,22.9,580.0,74
2.6,86.0,7.2,5.9,3.65,23.0,587.0,73
2.5,87.0,6.9,5.8,3.68,23.4,655.0,75
2.8,87.0,6.6,5.7,3.1,23.7,621.0,73
3.2,87.0,7.4,6.1,2.93,23.8,552.0,69
3.8,83.0,7.2,6.2,2.56,23.9,451.0,67
4.7,84.0,7.8,6.7,2.09,23.6,321.0,67
5.8,84.0,7.9,6.8,1.12,23.0,203.0,72
6.7,81.0,8.5,6.9,0.59,21.9,90.0,84
8.8,75.0,8.7,7.0,0.71,20.1,14.0,91
10.3,66.0,8.3,7.2,0.47,19.3,0.0,93
11.3,57.0,9.3,7.4,0.29,18.6,0.0,95
12.1,51.0,9.9,7.7,0.22,18.0,0.0,96
12.7,44.0,10.4,8.0,0.47,17.5,0.0,97
13.0,40.0,10.9,9.1,1.81,16.9,0.0,97
13.8,36.0,11.4,9.3,1.7,16.6,0.0,96
13.6,35.0,11.8,9.5,2.0,16.5,0.0,96
12.7,43.0,11.4,9.0,1.6,16.9,19.0,96
12.1,49.0,10.9,8.5,0.25,17.7,95.0,94
11.8,59.0,9.1,7.9,0.83,19.5,225.0,89
9.5,58.0,8.1,7.1,0.62,21.5,374.0,81
7.6,66.0,8.4,7.2,1.74,22.5,508.0,75
8.1,78.0,8.4,7.2,2.28,22.3,625.0,76
7.5,90.0,8.2,7.1,1.84,22.6,713.0,77
6.3,103.0,7.1,6.7,1.94,23.1,758.0,77
6.1,109.0,7.2,6.7,2.22,23.4,788.0,76
5.9,111.0,7.1,6.7,3.62,25.2,748.0,61
6.4,112.0,8.1,6.8,1.96,24.7,616.0,70
6.2,112.0,8.4,7.0,2.91,24.0,505.0,75
6.1,112.0,8.5,7.1,2.59,23.5,428.0,78
6.7,106.0,8.9,7.4,2.14,23.2,330.0,78
8.3,104.0,9.5,8.0,1.69,22.7,205.0,79
11.4,95.0,10.6,10.0,1.26,22.0,91.0,84
12.3,88.0,12.4,11.7,2.05,20.3,14.0,90
14.9,77.0,14.5,13.6,1.58,19.4,0.0,90
14.9,74.0,15.0,14.0,1.1,18.8,0.0,91
14.6,71.0,16.0,15.5,0.92,18.1,0.0,92
17.4,62.0,17.3,16.6,0.6,17.8,0.0,93
16.0,55.0,15.9,15.5,0.3,16.5,0.0,100
14.6,52.0,17.2,16.2,0.41,15.9,0.0,100
14.8,52.0,18.3,17.5,0.4,15.6,0.0,99
14.3,56.0,20.7,19.7,0.3,16.0,16.0,99
14.6,51.0,21.3,17.6,0.25,16.9,71.0,100
14.5,60.0,21.6,16.5,0.32,18.2,182.0,99
11.8,72.0,19.4,15.8,0.53,20.4,324.0,87
10.1,80.0,16.4,13.6,1.05,21.8,480.0,79
7.8,99.0,14.1,12.2,1.35,22.8,585.0,75
6.7,111.0,11.3,9.6,1.74,23.4,687.0,73
5.9,111.0,11.2,8.9,1.97,23.6,736.0,72
5.7,120.0,10.8,9.3,2.21,24.0,759.0,70
4.5,121.0,10.3,9.6,2.53,25.0,702.0,61
4.5,121.0,10.4,9.8,2.35,24.8,643.0,63
6.6,122.0,10.7,9.4,2.36,24.5,564.0,63
6.6,115.0,11.3,9.3,2.43,23.5,420.0,71
6.8,111.0,11.8,9.0,1.91,22.4,302.0,75
8.5,105.0,12.4,9.6,1.71,21.0,183.0,81
9.8,104.0,12.9,10.1,2.07,19.5,73.0,89
12.5,89.0,13.2,11.1,1.74,18.4,11.0,94
11.5,86.0,13.0,10.8,1.47,18.0,0.0,96
12.6,85.0,12.4,10.5,1.5,18.0,0.0,96
14.4,79.0,11.7,9.9,1.75,18.0,0.0,96
15.2,69.0,13.6,11.7,1.6,18.1,0.0,95
14.2,61.0,13.2,11.3,1.98,18.1,0.0,94
13.3,58.0,11.6,9.7,2.17,18.1,0.0,93
12.3,61.0,10.4,9.0,2.61,18.0,0.0,92
12.5,64.0,10.0,8.2,2.85,18.1,20.0,89
12.0,67.0,10.1,8.9,2.84,19.0,109.0,84
9.6,73.0,10.8,9.6,2.8,20.0,236.0,78
8.4,82.0,11.6,10.2,2.94,20.9,368.0,74
7.3,91.0,10.9,10.3,3.13,21.9,493.0,67
6.8,91.0,10.5,10.0,3.12,22.5,583.0,64
7.5,93.0,11.0,9.8,2.95,23.4,639.0,61
6.6,96.0,10.9,9.1,3.15,24.0,629.0,60
6.2,95.0,9.7,8.4,3.7,25.0,762.0,57
5.4,99.0,9.7,8.2,4.83,26.1,634.0,50
5.4,100.0,9.5,8.1,4.65,26.0,550.0,49
5.2,98.0,8.2,7.5,4.56,25.8,509.0,51
5.9,97.0,8.1,6.6,4.48,25.4,472.0,55
6.6,96.0,8.4,6.9,4.23,24.9,320.0,57
7.9,93.0,8.8,7.2,4.27,24.3,197.0,59
9.0,87.0,8.6,7.0,4.14,23.2,51.0,66
11.1,79.0,7.8,6.6,4.64,22.8,8.0,67
9.3,75.0,8.1,5.8,4.91,22.5,0.0,65
8.2,76.0,7.8,5.5,4.97,21.9,0.0,66
7.4,80.0,7.6,5.6,5.35,21.0,0.0,73
8.7,86.0,8.3,6.1,5.38,20.5,0.0,77
7.0,84.0,9.2,6.0,5.63,20.5,0.0,78
6.2,83.0,8.8,6.2,5.36,20.3,0.0,78
5.5,83.0,7.6,5.7,5.22,20.0,0.0,78
5.1,85.0,7.0,6.0,5.11,19.8,11.0,77
4.6,82.0,6.8,5.7,4.72,19.2,30.0,85
5.5,77.0,6.5,5.1,4.99,18.9,34.0,89
5.2,80.0,6.8,5.6,5.84,18.8,47.0,91
5.3,84.0,6.7,5.1,4.88,19.2,127.0,91
6.2,85.0,6.6,5.3,5.22,19.7,251.0,90
6.9,84.0,7.0,5.3,4.1,19.9,223.0,90
5.8,85.0,7.5,6.0,4.9,20.0,265.0,89
4.9,89.0,8.4,6.3,5.13,20.2,292.0,87
4.8,99.0,8.2,6.9,5.14,21.1,491.0,83
5.2,98.0,8.5,7.3,4.34,19.5,152.0,88
7.0,94.0,9.2,7.3,4.14,19.6,162.0,88
8.3,93.0,10.0,7.1,2.06,19.8,65.0,90
9.9,85.0,8.7,6.7,0.96,20.2,71.0,89
11.3,90.0,8.3,6.5,1.81,19.7,31.0,95
11.4,87.0,8.2,6.5,0.92,19.4,13.0,98
11.0,79.0,7.1,6.3,0.92,19.1,1.0,98
10.1,87.0,6.3,5.8,0.83,19.0,0.0,98
7.5,86.0,5.3,5.0,0.38,18.8,0.0,97
6.9,86.0,4.6,4.4,0.96,18.4,0.0,96
5.1,88.0,4.7,4.5,2.31,17.3,0.0,95
6.2,82.0,4.9,3.9,0.96,16.1,0.0,94
7.0,78.0,3.4,3.0,1.22,16.0,0.0,95
7.8,76.0,3.0,2.9,1.89,15.9,0.0,96
8.4,74.0,3.3,3.1,2.13,16.0,2.0,97
10.0,68.0,4.1,3.9,2.44,16.5,14.0,99
12.7,70.0,4.9,4.5,2.14,17.0,30.0,99
11.8,68.0,4.5,4.3,2.4,17.2,50.0,99
11.9,67.0,4.9,4.6,2.37,17.2,67.0,97
10.2,63.0,5.2,4.7,2.58,17.2,80.0,97
9.3,60.0,5.9,5.1,2.5,18.0,248.0,93
7.9,65.0,6.7,6.0,2.53,18.8,203.0,90
7.2,74.0,7.0,5.9,2.34,19.6,390.0,90
7.0,81.0,6.2,5.3,2.84,21.4,546.0,77
5.9,81.0,5.3,4.4,1.93,20.8,299.0,80
5.8,83.0,5.7,4.7,1.66,20.8,146.0,80
4.8,83.0,4.9,4.5,2.37,21.3,142.0,78
5.8,78.0,4.4,4.1,3.48,21.7,201.0,76
5.5,69.0,4.8,4.1,4.84,21.4,142.0,81
5.4,72.0,6.1,5.2,6.01,20.5,76.0,82
5.1,80.0,6.6,5.8,5.2,19.4,9.0,88
5.1,79.0,6.9,5.3,6.5,19.5,0.0,91
6.0,77.0,5.0,4.1,6.53,19.5,0.0,90
4.8,79.0,5.5,4.4,6.45,19.6,0.0,89
3.9,83.0,6.7,4.4,6.23,18.8,0.0,90
3.3,82.0,5.5,4.1,5.5,18.0,0.0,90
3.7,80.0,4.5,3.2,5.33,17.9,0.0,89
4.5,77.0,5.1,3.3,4.55,17.8,0.0,89
3.9,76.0,4.2,2.9,4.34,17.7,15.0,89
4.1,75.0,4.6,2.5,4.52,18.2,92.0,88
3.6,76.0,4.3,2.3,5.03,18.8,198.0,83
3.3,80.0,4.0,2.2,5.05,19.3,306.0,79
3.0,86.0,4.0,2.2,4.99,20.0,427.0,75
2.7,90.0,4.2,2.6,4.81,20.6,564.0,72
2.4,96.0,4.3,2.9,4.7,21.2,664.0,67
2.0,99.0,5.0,2.8,4.32,21.5,723.0,66
2.2,100.0,4.7,2.6,3.34,21.8,779.0,68
3.1,101.0,4.9,2.7,3.02,21.7,739.0,66
3.7,96.0,5.3,2.8,2.01,21.9,684.0,68
4.7,93.0,4.9,3.1,1.21,22.0,560.0,68
6.0,92.0,4.4,3.4,1.32,21.7,322.0,71
6.6,88.0,4.2,3.6,1.26,21.2,325.0,75
7.5,85.0,4.0,3.6,0.89,21.3,186.0,76
9.2,80.0,4.0,3.5,2.02,20.8,79.0,81
11.9,73.0,4.8,3.7,3.23,19.9,8.0,85
13.2,70.0,6.4,4.2,3.81,19.2,0.0,89
12.7,62.0,7.0,5.1,4.51,18.5,0.0,92
12.5,49.0,7.8,6.4,3.59,17.8,0.0,94
9.1,55.0,7.1,5.7,2.44,17.5,0.0,97
8.4,58.0,6.8,6.2,2.62,18.1,0.0,96
6.6,56.0,6.9,6.6,2.67,17.5,0.0,96
6.1,54.0,6.6,5.6,2.55,17.2,0.0,96
6.2,53.0,5.6,4.9,2.62,17.8,14.0,97
7.3,55.0,5.1,4.0,3.38,18.9,91.0,96
6.4,57.0,4.6,4.2,3.87,19.8,199.0,91
6.3,58.0,4.4,3.9,3.35,20.3,302.0,89
5.1,66.0,4.8,4.2,2.31,21.2,421.0,86
4.1,73.0,4.9,4.5,2.09,22.0,513.0,79
3.7,80.0,6.3,5.7,2.07,22.6,552.0,76
3.5,84.0,7.6,6.5,1.7,22.8,511.0,75
3.5,90.0,8.4,7.6,1.61,22.9,489.0,75
3.7,96.0,8.4,7.7,2.06,22.1,459.0,80
3.8,96.0,8.2,7.5,1.46,23.2,628.0,74
4.0,93.0,9.3,8.1,1.59,23.8,558.0,71
4.7,90.0,10.3,8.8,1.45,23.6,445.0,72
5.8,85.0,10.8,9.1,0.55,23.0,275.0,74
6.1,80.0,9.4,8.2,2.05,21.5,180.0,83
6.5,80.0,6.9,5.8,1.31,20.5,59.0,86
8.1,77.0,7.2,5.9,1.74,19.5,7.0,91
10.9,68.0,8.8,7.2,2.27,18.9,0.0,93
10.3,57.0,9.4,8.9,1.89,18.5,0.0,94
6.9,61.0,9.9,9.3,1.98,18.2,0.0,95
5.3,64.0,10.0,8.6,3.01,18.1,0.0,97
4.9,62.0,10.4,8.6,3.23,18.0,0.0,96
4.3,61.0,11.6,8.6,3.41,17.6,0.0,97
3.6,63.0,10.4,7.5,3.72,17.5,0.0,98
3.9,66.0,12.1,8.9,4.17,17.4,10.0,98
4.6,70.0,11.4,7.8,4.19,17.6,50.0,96
5.7,67.0,10.4,6.8,4.32,18.2,123.0,91
4.4,72.0,9.0,6.3,4.83,19.1,235.0,85
3.6,74.0,8.3,5.7,4.19,20.0,341.0,81
2.7,74.0,7.8,5.4,3.87,20.8,452.0,77
2.4,76.0,8.1,5.5,4.02,21.5,536.0,74
2.3,82.0,8.4,5.5,4.03,21.8,588.0,72
2.2,85.0,7.5,5.1,4.38,21.9,588.0,71
2.3,85.0,7.4,4.5,4.96,21.6,608.0,67
2.5,86.0,7.7,4.0,4.9,21.8,547.0,65
2.6,82.0,8.9,3.9,5.2,21.5,536.0,67
2.5,82.0,9.7,3.8,4.92,20.6,350.0,69
2.3,80.0,8.6,3.7,4.54,19.9,214.0,71
2.0,80.0,6.7,3.6,4.46,19.1,128.0,73
2.3,78.0,6.5,3.4,4.33,18.3,44.0,77
2.6,74.0,6.7,3.3,3.78,17.8,5.0,78
2.5,75.0,6.3,3.3,3.72,16.8,0.0,82
2.4,73.0,6.9,3.5,3.7,15.9,0.0,86
2.6,69.0,7.2,4.4,3.68,15.4,0.0,88
2.4,67.0,7.8,4.1,3.72,15.1,0.0,90
2.7,66.0,8.0,4.7,3.48,15.2,0.0,86
2.9,65.0,8.2,4.8,3.43,15.3,0.0,85
2.9,64.0,8.2,5.1,3.67,15.2,0.0,86
3.0,61.0,8.4,5.1,3.69,14.9,12.0,89
3.1,60.0,8.5,5.3,4.32,16.0,80.0,86
2.6,61.0,8.8,5.6,4.15,17.4,188.0,83
2.4,67.0,8.3,6.0,5.27,18.2,233.0,76
2.1,64.0,8.9,6.2,5.08,19.1,272.0,72
2.0,64.0,9.1,5.2,4.25,19.2,209.0,75
2.0,65.0,9.2,5.2,4.4,20.0,305.0,72
2.0,67.0,9.0,5.3,4.22,20.7,325.0,70
2.0,69.0,8.5,5.0,4.47,21.5,463.0,67
1.9,72.0,7.3,4.5,4.32,21.8,511.0,67
2.0,75.0,7.2,4.4,4.58,21.5,298.0,63
2.1,76.0,7.5,4.6,4.75,21.1,256.0,66
2.2,76.0,7.4,5.2,4.7,20.4,254.0,71
2.3,76.0,7.7,5.3,4.0,20.0,194.0,73
2.4,77.0,7.3,5.3,3.19,19.4,81.0,78
2.7,75.0,7.4,5.3,2.99,18.7,32.0,82
3.0,72.0,7.8,5.3,3.02,17.8,4.0,86
3.7,68.0,7.3,5.5,3.15,17.1,0.0,89
3.6,65.0,7.3,5.4,2.86,16.8,0.0,91
3.5,63.0,7.7,5.9,2.75,16.5,0.0,92
3.3,64.0,7.9,4.8,2.73,15.8,0.0,95
3.9,63.0,8.1,4.5,2.96,16.1,0.0,95
3.8,60.0,8.4,4.8,2.94,16.0,0.0,95
3.6,55.0,8.1,5.3,2.73,15.9,0.0,93
3.7,52.0,7.3,4.8,2.6,15.9,7.0,93
3.9,52.0,7.5,4.8,2.72,16.4,64.0,90
3.4,58.0,8.6,4.9,2.71,17.0,162.0,86
2.7,64.0,7.7,4.5,2.57,18.0,317.0,78
2.7,62.0,6.9,3.9,2.53,18.9,439.0,71
2.2,63.0,6.1,3.5,2.74,19.9,561.0,64
1.8,65.0,6.1,3.4,3.05,20.5,617.0,59
1.5,67.0,6.0,3.4,3.68,20.6,552.0,58
1.6,68.0,5.8,3.3,3.96,20.9,568.0,57
1.6,65.0,6.0,3.4,4.34,20.9,504.0,56
1.5,64.0,5.8,3.4,4.02,20.7,402.0,56
1.6,65.0,5.6,3.3,4.32,20.9,417.0,53
1.7,65.0,4.7,3.0,4.54,20.3,365.0,54
1.5,65.0,5.1,3.3,4.44,19.6,291.0,57
1.5,68.0,5.0,3.2,3.83,18.5,157.0,63
1.7,66.0,5.4,3.5,3.17,17.2,73.0,69
2.4,62.0,6.2,3.8,3.08,16.0,6.0,75
3.7,60.0,6.5,3.9,3.0,15.2,0.0,79
4.0,57.0,6.4,3.6,3.32,14.8,0.0,83
3.4,53.0,6.6,4.1,3.66,14.8,0.0,86
3.0,50.0,8.1,5.0,3.9,14.2,0.0,90
2.6,50.0,8.6,5.2,3.9,13.8,0.0,90
2.6,50.0,8.7,5.2,4.0,13.4,0.0,92
2.7,51.0,7.4,5.4,4.0,13.4,0.0,92
2.9,51.0,7.5,4.9,4.16,13.7,10.0,91
3.8,51.0,7.7,5.0,3.82,14.8,87.0,88
3.5,56.0,7.8,4.9,4.15,16.5,198.0,81
2.9,57.0,8.5,4.6,5.48,17.5,291.0,74
2.1,60.0,8.5,4.5,6.15,18.8,450.0,66
1.7,62.0,8.6,4.5,6.33,19.7,544.0,60
1.4,64.0,8.9,4.3,6.38,20.3,596.0,57
1.4,69.0,9.2,4.0,6.14,21.0,682.0,53
1.2,70.0,8.7,3.8,6.11,21.2,691.0,53
1.3,69.0,7.8,3.8,6.31,21.4,676.0,52
1.5,70.0,7.2,3.9,6.46,21.2,644.0,51
1.6,68.0,6.7,3.4,6.69,20.8,587.0,49
1.5,65.0,6.5,3.4,6.71,20.0,473.0,52
1.6,63.0,6.3,3.4,6.55,19.0,332.0,56
1.5,63.0,6.2,3.5,6.06,18.1,192.0,60
1.6,61.0,6.3,3.5,5.67,16.9,73.0,68
1.9,59.0,6.0,3.5,5.28,15.8,5.0,74
1.9,56.0,6.1,3.4,5.03,15.1,0.0,78
1.9,54.0,6.6,3.6,5.09,14.6,0.0,81
1.9,52.0,7.1,3.6,5.08,14.1,0.0,82
1.8,50.0,7.6,3.6,5.15,13.9,0.0,83
1.8,50.0,7.7,3.4,5.63,13.4,0.0,83
1.8,50.0,8.7,3.3,5.69,13.2,0.0,83
1.7,49.0,8.7,3.2,5.29,13.2,0.0,83
1.8,49.0,8.4,3.2,5.27,13.4,10.0,81
2.4,49.0,8.4,3.2,5.71,14.4,88.0,77
2.9,52.0,8.1,3.4,5.66,15.9,212.0,72
2.4,55.0,7.8,3.2,7.19,17.1,352.0,66
1.6,57.0,7.6,2.9,7.28,18.3,475.0,59
1.3,54.0,7.2,2.9,7.51,19.2,604.0,53
1.2,55.0,6.5,3.0,7.66,19.8,667.0,50
1.2,57.0,6.4,3.0,7.65,20.0,683.0,49
1.1,59.0,6.7,2.9,7.35,20.0,673.0,50
1.2,60.0,6.3,2.7,6.98,20.2,686.0,48
1.4,60.0,5.5,2.6,6.88,20.1,630.0,47
1.5,60.0,4.7,2.6,6.84,19.8,557.0,48
1.5,59.0,3.9,2.5,6.3,18.9,424.0,53
1.6,58.0,4.5,2.3,6.21,17.8,303.0,59
1.7,58.0,4.5,2.2,5.97,16.6,180.0,67
1.6,59.0,4.4,2.2,5.03,15.2,65.0,78
2.1,57.0,4.4,2.2,4.57,14.0,4.0,85
2.2,56.0,4.2,2.2,4.49,13.4,0.0,88
2.2,58.0,4.9,2.3,3.89,12.9,0.0,90
2.1,59.0,5.0,2.4,3.47,12.9,0.0,92
2.1,58.0,4.5,2.4,2.48,13.4,0.0,91
3.0,57.0,4.7,2.5,3.96,12.1,0.0,94
3.1,51.0,4.9,2.6,3.29,12.5,0.0,92
3.3,51.0,4.8,2.9,2.73,12.6,0.0,92
3.5,49.0,5.0,3.0,2.5,12.8,6.0,91
4.5,46.0,5.2,3.3,1.95,13.6,51.0,91
6.2,46.0,5.7,3.6,2.51,14.5,128.0,89
5.5,52.0,6.1,3.6,2.44,15.2,195.0,86
3.6,55.0,7.0,3.3,2.39,16.4,271.0,79
2.8,62.0,5.8,3.2,2.45,17.8,366.0,73
2.0,68.0,5.3,3.1,2.43,18.6,472.0,69
1.9,72.0,5.7,2.8,3.18,19.2,652.0,67
2.0,73.0,5.5,3.0,2.98,19.7,710.0,63
2.1,75.0,5.4,3.1,3.79,20.1,688.0,59
2.4,78.0,5.3,2.5,3.52,19.5,627.0,62
2.4,78.0,4.2,2.3,3.76,19.0,558.0,65
2.8,74.0,4.1,2.0,3.4,18.3,448.0,69
3.5,72.0,3.7,2.3,2.85,17.5,264.0,75
3.7,70.0,3.7,2.3,2.93,17.1,171.0,76
4.9,66.0,3.2,2.1,3.11,16.7,44.0,78
5.9,62.0,3.2,2.0,3.54,16.2,2.0,81
6.6,57.0,4.5,3.3,3.53,15.6,0.0,83
7.5,54.0,4.5,3.4,3.21,15.3,0.0,85
8.3,48.0,4.6,3.1,2.46,14.9,0.0,90
7.9,43.0,4.3,3.0,2.05,14.8,0.0,92
7.6,44.0,4.3,2.7,1.46,13.4,0.0,96
7.6,46.0,4.4,2.7,1.25,13.4,0.0,97
9.4,47.0,3.8,2.7,0.47,13.1,0.0,98
9.8,36.0,4.4,2.8,0.38,12.6,7.0,99
6.7,42.0,4.4,3.0,0.69,13.9,73.0,95
5.9,50.0,4.8,3.7,0.74,15.4,187.0,89
4.5,60.0,5.7,4.1,1.37,17.4,342.0,77
3.7,66.0,6.1,4.6,2.08,18.5,462.0,69
3.5,69.0,6.3,4.9,2.24,19.1,542.0,65
3.7,72.0,6.3,4.8,2.39,19.7,664.0,63
2.7,76.0,5.3,3.9,2.75,20.0,709.0,62
2.7,81.0,4.6,3.3,2.83,20.2,716.0,61
2.6,79.0,4.5,3.3,2.98,19.9,650.0,67
2.8,81.0,4.3,3.2,2.01,20.0,589.0,65
3.4,82.0,4.4,3.1,2.1,20.0,543.0,63
3.5,82.0,4.8,3.1,2.08,20.0,428.0,63
4.2,83.0,4.4,3.0,1.92,19.4,291.0,67
4.8,88.0,3.9,2.6,1.7,18.7,169.0,71
6.1,86.0,3.3,2.7,1.2,18.0,56.0,77
6.8,83.0,3.5,3.0,0.92,17.0,3.0,85
6.4,77.0,3.8,3.3,0.55,16.2,0.0,89
6.8,70.0,5.3,3.1,0.18,15.6,0.0,92
7.0,66.0,5.0,3.0,0.07,14.9,0.0,94
6.6,62.0,4.7,3.4,0.3,14.5,0.0,95
8.4,59.0,5.1,3.8,0.45,14.6,0.0,95
10.0,58.0,5.7,4.4,0.67,14.2,0.0,98
11.4,59.0,6.2,5.3,0.4,13.9,0.0,99
12.3,57.0,5.9,4.9,1.27,14.4,5.0,97
12.9,56.0,5.7,4.6,1.26,15.4,56.0,93
9.6,59.0,6.7,4.3,1.0,16.9,159.0,86
7.1,66.0,8.4,7.4,1.3,18.3,308.0,73
5.4,73.0,9.2,7.7,1.81,19.2,461.0,69
3.8,81.0,9.7,8.2,2.13,19.7,559.0,66
3.0,87.0,8.5,6.3,1.94,20.0,590.0,65
2.8,90.0,7.6,6.1,2.05,20.0,557.0,64
2.9,94.0,7.5,6.1,2.1,19.6,508.0,65
3.3,96.0,7.1,5.2,2.12,20.2,575.0,59
3.5,98.0,7.3,5.6,1.84,20.2,547.0,60
3.9,98.0,7.4,5.9,1.51,20.3,508.0,60
4.8,99.0,7.6,6.0,1.77,20.2,423.0,59
5.3,96.0,7.1,5.5,1.18,19.6,260.0,62
5.7,95.0,6.6,4.8,1.3,19.1,137.0,65
7.3,92.0,6.6,4.6,0.49,18.2,54.0,80
8.5,90.0,6.5,4.9,0.15,17.5,2.0,81
11.5,82.0,7.6,5.3,0.63,16.1,0.0,87
13.5,70.0,8.2,5.9,0.99,15.4,0.0,90
13.3,57.0,8.9,6.3,1.28,14.8,0.0,92
12.9,46.0,9.0,6.6,1.42,14.4,0.0,92
12.0,47.0,9.4,7.0,2.04,13.9,0.0,94
9.4,49.0,8.6,7.6,2.1,13.4,0.0,96
8.6,49.0,8.6,7.2,2.17,13.1,0.0,96
7.7,52.0,8.6,6.5,1.86,13.1,5.0,95
7.5,54.0,8.4,6.8,1.6,14.1,51.0,92
7.9,54.0,8.7,7.3,1.44,15.5,136.0,88
7.2,57.0,9.0,7.3,1.53,17.5,274.0,80
6.0,66.0,10.4,7.7,1.24,19.3,399.0,71
5.1,73.0,9.4,7.1,1.43,20.4,461.0,63
4.5,83.0,7.6,6.5,1.48,20.9,458.0,60
4.4,84.0,6.4,5.5,1.42,21.7,555.0,58
3.8,87.0,5.8,4.2,1.1,21.6,490.0,58
4.2,84.0,5.8,3.3,2.59,19.5,335.0,65
4.4,81.0,5.2,3.6,2.73,18.4,333.0,75
4.4,82.0,4.7,3.4,2.95,18.7,315.0,76
4.6,81.0,5.1,3.0,2.82,18.5,160.0,76
5.1,77.0,4.9,3.0,2.61,18.5,207.0,75
5.2,71.0,4.2,3.2,2.66,17.5,52.0,80
5.9,67.0,3.7,2.4,1.14,16.9,23.0,85
7.2,62.0,5.0,2.6,2.0,16.2,1.0,92
6.7,57.0,5.7,3.0,1.94,15.6,0.0,95
7.3,52.0,6.1,3.1,2.42,15.4,0.0,96
7.0,49.0,4.7,3.1,2.3,15.0,0.0,96
4.6,52.0,3.8,3.0,2.04,14.9,0.0,96
4.3,48.0,3.7,2.9,2.11,14.9,0.0,96
5.0,44.0,3.4,2.8,2.07,14.9,0.0,96
6.2,45.0,4.3,2.9,1.73,14.9,0.0,96
7.1,43.0,4.1,2.8,1.87,14.9,4.0,95
6.8,45.0,4.0,2.6,1.28,15.6,60.0,96
4.7,49.0,3.7,2.8,1.14,16.6,153.0,94
4.5,51.0,3.6,2.9,1.54,17.8,290.0,84
3.4,52.0,3.3,2.8,2.06,18.6,403.0,78
3.1,56.0,3.2,2.5,2.05,19.5,506.0,73
2.8,60.0,3.6,2.3,2.0,20.5,603.0,67
2.2,61.0,3.7,2.3,1.71,20.7,613.0,67
2.2,65.0,3.7,2.2,0.7,21.3,680.0,64
2.2,69.0,4.0,2.1,1.07,21.5,630.0,65
3.1,70.0,3.9,2.1,1.76,22.0,585.0,62
3.3,76.0,3.2,2.3,4.54,20.8,420.0,68
3.0,74.0,3.5,2.8,6.37,19.2,292.0,78
2.5,74.0,3.6,2.6,6.09,18.3,143.0,81
2.7,67.0,3.4,2.4,5.62,17.7,97.0,81
2.8,65.0,3.5,2.8,5.17,17.0,28.0,82
2.8,65.0,4.5,3.0,4.62,16.3,1.0,84
2.5,64.0,5.4,2.6,4.18,15.9,0.0,87
2.1,65.0,5.0,2.7,3.55,15.6,0.0,89
2.2,63.0,5.0,2.6,3.3,15.2,0.0,91
3.0,65.0,5.4,3.4,3.02,15.1,0.0,93
3.6,62.0,5.4,3.6,3.0,15.1,0.0,96
4.4,57.0,5.0,4.2,2.94,15.4,0.0,97
4.9,53.0,4.7,3.8,2.66,15.4,0.0,97
5.5,48.0,3.5,3.1,3.05,15.5,2.0,95
5.6,44.0,3.4,2.5,3.43,15.4,26.0,92
5.7,51.0,4.6,3.6,3.41,15.8,160.0,88
4.7,56.0,4.4,3.0,3.95,16.9,312.0,79
3.4,62.0,3.9,2.3,4.46,18.1,474.0,69
2.7,65.0,4.0,2.1,4.66,18.9,459.0,66
2.1,68.0,3.8,1.9,4.92,19.6,412.0,63
2.0,70.0,4.1,2.0,5.2,20.0,491.0,62
2.1,62.0,4.5,2.1,5.06,20.5,514.0,59
2.5,66.0,5.4,2.3,5.34,20.9,544.0,56
2.3,72.0,4.2,2.2,5.86,20.6,442.0,54
2.2,76.0,4.5,2.5,5.73,18.8,117.0,62
2.6,74.0,4.6,2.3,5.19,18.0,98.0,69
2.7,71.0,5.7,2.8,5.79,16.8,34.0,79
2.6,75.0,5.5,3.2,6.73,16.4,19.0,86
2.4,76.0,5.1,3.0,7.58,16.3,4.0,94
2.7,73.0,4.1,2.7,8.84,16.9,0.0,91
3.9,67.0,3.7,2.7,8.84,16.8,0.0,94
5.6,60.0,3.9,2.9,6.1,16.8,0.0,92
6.4,55.0,4.4,2.9,5.5,15.9,0.0,91
3.5,56.0,6.8,3.7,5.57,14.8,0.0,86
1.9,58.0,10.3,3.8,5.55,13.6,0.0,87
1.8,61.0,11.2,4.2,5.19,13.3,0.0,86
1.9,60.0,12.2,4.7,5.51,13.4,0.0,82
1.8,61.0,12.8,4.9,5.47,13.5,4.0,80
2.0,63.0,13.9,5.1,5.79,14.4,63.0,77
2.6,61.0,13.6,5.4,5.59,15.3,179.0,74
2.1,61.0,13.3,5.2,6.89,16.2,326.0,69
1.6,62.0,12.6,4.8,7.92,17.2,449.0,62
1.2,64.0,12.2,4.7,8.17,17.8,541.0,59
1.2,65.0,11.6,4.6,8.7,18.1,627.0,56
1.0,64.0,11.9,4.2,8.18,16.6,612.0,62
1.1,64.0,11.5,4.0,9.19,17.6,582.0,55
1.1,68.0,10.5,3.6,8.67,17.9,660.0,55
1.2,70.0,9.0,3.2,8.36,17.0,549.0,60
1.4,68.0,9.6,3.2,7.82,16.9,471.0,61
1.3,68.0,9.1,3.3,8.06,16.9,386.0,57
1.4,67.0,8.5,3.4,7.01,16.2,267.0,60
1.6,64.0,8.2,3.2,6.52,15.6,157.0,64
1.7,63.0,8.1,3.5,6.37,14.6,45.0,68
1.7,60.0,9.8,3.5,5.8,13.9,1.0,72
1.6,59.0,10.6,3.8,5.72,13.4,0.0,74
1.6,57.0,12.4,4.2,6.0,13.1,0.0,74
1.7,58.0,12.8,4.6,5.69,12.9,0.0,76
1.6,56.0,12.5,4.4,5.68,12.8,0.0,78
1.5,56.0,12.4,4.5,5.86,12.6,0.0,79
1.5,56.0,11.9,4.6,6.01,12.4,0.0,79
1.5,56.0,12.0,4.4,5.89,12.3,0.0,79
1.6,55.0,11.5,4.5,6.57,12.6,3.0,74
1.9,53.0,10.9,4.9,6.61,12.9,61.0,73
2.6,59.0,11.8,5.1,5.61,14.1,166.0,71
2.1,64.0,12.9,5.5,6.67,15.2,306.0,67
1.7,66.0,12.6,5.4,8.74,16.5,457.0,58
1.4,68.0,12.2,5.2,8.46,18.0,468.0,51
1.3,67.0,12.4,5.2,6.93,16.3,351.0,66
1.6,66.0,10.9,5.0,8.28,18.4,627.0,60
1.8,68.0,8.8,4.1,6.46,16.7,340.0,69
1.8,68.0,8.2,4.2,7.64,16.4,256.0,70
1.9,69.0,9.2,4.6,7.42,17.2,381.0,61
1.8,69.0,9.4,4.7,7.4,17.2,485.0,68
1.9,67.0,8.5,5.1,6.67,17.0,247.0,64
1.9,64.0,8.5,5.0,6.2,17.1,232.0,64
2.0,65.0,8.2,4.7,5.86,16.6,145.0,68
2.3,63.0,9.4,4.9,5.29,15.6,43.0,73
2.4,63.0,10.1,5.2,4.96,14.8,1.0,77
2.3,62.0,10.4,5.5,4.67,14.4,0.0,80
2.3,61.0,11.1,6.1,4.37,13.9,0.0,83
2.3,61.0,11.5,6.1,4.11,13.8,0.0,85
2.1,60.0,11.3,6.1,3.99,13.5,0.0,87
2.4,58.0,11.5,6.3,3.8,13.0,0.0,90
2.9,57.0,11.3,6.6,3.83,13.0,0.0,91
3.0,54.0,11.9,6.7,3.8,12.9,0.0,91
3.1,51.0,11.9,6.8,3.47,12.6,2.0,93
4.5,50.0,11.8,6.6,3.32,13.4,51.0,90
4.2,56.0,11.8,6.4,3.4,14.8,169.0,84
3.6,59.0,11.2,5.8,3.58,15.4,162.0,79
3.0,61.0,10.7,5.7,3.94,16.2,224.0,73
2.8,63.0,9.4,5.4,4.74,17.5,397.0,67
2.7,73.0,8.8,5.3,5.01,17.6,265.0,64
2.7,76.0,9.0,5.6,4.65,17.5,208.0,66
3.0,78.0,9.0,5.7,4.57,18.2,385.0,64
3.6,82.0,10.4,5.9,4.53,18.8,305.0,65
3.7,83.0,12.9,6.1,4.5,19.1,324.0,59
3.4,92.0,11.7,6.7,4.25,19.0,226.0,61
3.5,96.0,14.5,7.3,4.41,19.6,297.0,54
4.1,93.0,13.9,7.4,4.67,19.2,205.0,58
4.4,93.0,15.3,7.9,4.03,18.3,100.0,68
5.6,93.0,16.1,9.4,3.54,17.1,35.0,75
6.3,91.0,18.6,11.0,3.42,15.9,0.0,81
7.1,84.0,18.6,10.2,3.8,15.2,0.0,85
5.3,78.0,17.2,8.9,3.75,14.6,0.0,89
5.1,77.0,17.1,9.0,3.49,14.2,0.0,92
4.4,74.0,15.1,9.3,3.44,13.9,0.0,92
4.0,73.0,15.1,9.6,3.1,13.7,0.0,93
4.1,70.0,15.8,10.0,2.99,13.4,0.0,93
4.2,68.0,16.5,10.4,2.9,13.0,0.0,94
4.4,67.0,16.3,10.3,3.26,12.9,2.0,95
5.5,64.0,16.5,10.3,3.49,13.9,57.0,93
5.7,67.0,16.5,10.4,2.73,15.5,171.0,88
5.0,68.0,15.9,9.7,2.97,17.1,292.0,83
4.3,71.0,13.2,8.1,3.6,18.9,433.0,76
3.8,76.0,10.3,6.3,3.75,20.0,520.0,73
3.4,85.0,8.2,4.7,4.17,19.2,413.0,72
2.8,86.0,6.7,4.9,3.43,20.0,511.0,71
2.6,86.0,7.4,5.2,3.58,20.5,360.0,67
2.4,88.0,7.5,5.5,3.85,21.5,638.0,65
2.6,84.0,6.6,4.9,4.97,21.5,604.0,56
2.3,79.0,6.0,4.4,4.71,21.5,520.0,55
2.5,77.0,5.9,4.5,4.32,21.0,404.0,54
2.6,73.0,6.3,4.8,4.1,20.2,253.0,54
2.9,72.0,6.9,5.0,4.1,19.0,133.0,63
3.3,70.0,7.9,5.1,3.99,17.2,39.0,70
3.8,68.0,8.2,5.2,3.54,15.8,0.0,78
4.3,65.0,8.6,5.6,3.34,15.1,0.0,84
4.5,61.0,8.5,6.0,3.41,14.2,0.0,90
4.2,59.0,9.4,6.2,3.4,13.7,0.0,93
3.8,57.0,10.4,6.1,3.02,13.2,0.0,94
3.6,55.0,10.5,6.2,2.66,11.8,0.0,93
3.6,54.0,10.3,6.1,2.71,11.5,0.0,93
3.5,55.0,10.5,6.1,2.78,11.2,0.0,92
3.5,55.0,10.8,6.3,2.8,10.9,2.0,91
3.5,53.0,11.3,6.3,3.01,11.6,58.0,89
3.2,58.0,11.6,6.5,2.7,13.2,178.0,84
2.7,61.0,10.5,6.2,2.64,15.4,323.0,77
2.3,66.0,9.0,5.2,3.07,17.1,464.0,68
1.8,71.0,8.1,4.8,3.73,18.5,586.0,60
1.9,73.0,7.9,4.6,3.51,19.7,662.0,53
1.6,75.0,7.6,4.4,4.16,20.1,644.0,53
1.5,77.0,7.2,4.2,4.03,20.5,547.0,51
1.7,79.0,6.7,4.3,3.88,21.2,482.0,48
1.8,83.0,5.9,4.1,4.13,22.1,562.0,43
2.0,89.0,6.0,4.4,4.59,21.7,425.0,48
2.3,91.0,6.9,4.6,3.85,21.4,372.0,55
2.6,90.0,7.9,5.2,3.76,20.5,236.0,63
2.6,92.0,9.0,6.4,3.69,20.0,130.0,66
2.7,91.0,10.4,7.7,3.77,18.0,32.0,75
4.2,86.0,12.1,7.9,4.24,17.0,0.0,79
4.5,72.0,11.7,7.2,4.31,15.6,0.0,85
3.4,67.0,10.5,5.9,4.23,14.9,0.0,88
2.6,66.0,10.9,6.0,4.2,14.1,0.0,90
2.3,66.0,10.8,6.1,4.5,14.1,0.0,90
2.3,66.0,10.4,5.9,4.56,13.9,0.0,90
2.2,66.0,10.0,5.8,4.32,13.6,0.0,91
2.2,65.0,10.0,5.5,3.91,13.2,0.0,92
2.4,63.0,10.3,5.1,3.86,13.0,1.0,92
2.3,61.0,10.0,4.9,4.3,13.8,53.0,87
2.0,63.0,9.7,4.8,4.1,15.1,169.0,80
1.7,65.0,10.0,4.6,5.0,16.5,311.0,71
1.5,64.0,9.6,4.3,5.81,17.7,448.0,63
1.2,64.0,8.3,3.9,4.9,18.7,535.0,57
1.2,64.0,6.9,3.4,5.54,19.7,641.0,50
1.2,63.0,6.2,3.0,5.83,19.7,561.0,51
1.2,63.0,6.4,2.9,6.04,19.7,418.0,50
1.2,63.0,6.4,2.9,6.19,20.2,582.0,46
1.2,64.0,6.1,2.9,6.31,20.1,512.0,45
1.2,65.0,5.9,2.9,6.38,19.5,346.0,47
1.3,65.0,6.6,3.1,6.11,19.0,301.0,50
1.3,65.0,7.1,3.2,5.57,18.1,243.0,55
1.6,65.0,7.4,3.4,4.49,17.1,141.0,61
2.0,62.0,7.7,3.9,3.8,15.6,36.0,69
2.4,61.0,8.4,4.2,3.24,14.4,0.0,76
2.7,60.0,9.1,4.4,3.34,13.4,0.0,81
2.7,58.0,9.6,4.6,3.3,12.8,0.0,86
3.1,57.0,9.5,4.6,3.19,12.1,0.0,90
3.5,57.0,10.1,4.5,3.2,11.7,0.0,92
3.6,56.0,10.5,4.5,3.44,10.6,0.0,91
3.2,55.0,10.4,4.5,3.44,10.6,0.0,91
3.1,54.0,10.0,4.6,3.11,10.4,0.0,91
3.5,53.0,9.6,4.7,3.13,10.4,1.0,91
5.4,53.0,9.7,5.0,3.21,11.2,42.0,88
5.4,57.0,10.0,5.3,2.93,12.7,112.0,83
4.8,62.0,10.0,5.0,2.98,14.6,218.0,77
4.2,63.0,9.7,4.5,3.58,15.8,314.0,70
3.2,63.0,9.1,4.4,3.7,16.1,222.0,67
2.9,67.0,8.5,4.3,3.62,16.5,265.0,65
2.9,69.0,7.5,3.9,3.68,18.0,529.0,59
2.9,70.0,6.7,3.6,3.91,19.0,574.0,54
2.6,72.0,6.0,3.4,4.08,20.1,565.0,53
3.0,72.0,5.6,3.4,4.57,20.0,310.0,55
3.2,73.0,5.5,3.7,4.32,20.5,239.0,54
3.7,73.0,6.3,3.9,3.76,20.0,120.0,57
3.5,73.0,7.0,4.4,3.95,19.7,142.0,59
3.1,76.0,7.7,4.7,4.27,18.9,118.0,64
3.3,76.0,8.9,4.9,4.13,17.5,30.0,72
3.8,77.0,9.6,5.4,4.02,16.5,0.0,76
4.0,78.0,11.0,6.3,4.14,15.9,0.0,78
3.6,78.0,11.9,6.8,4.12,15.2,0.0,81
3.3,77.0,12.7,7.4,3.99,14.9,0.0,86
3.3,73.0,13.2,8.2,3.72,14.4,0.0,91
3.4,69.0,13.4,9.1,3.39,14.6,0.0,94
3.5,65.0,13.8,9.6,3.0,14.9,0.0,96
3.3,61.0,12.9,8.8,2.77,15.1,0.0,96
3.8,58.0,11.6,8.5,2.57,15.1,0.0,97
5.0,53.0,11.1,8.4,2.62,15.2,25.0,95
6.2,49.0,11.0,8.5,2.13,15.9,87.0,90
6.7,48.0,10.9,7.9,1.65,16.6,145.0,84
6.7,51.0,10.1,7.2,0.78,17.5,225.0,80
6.6,54.0,9.5,6.8,1.72,18.3,260.0,77
6.5,55.0,9.6,7.1,1.79,20.4,465.0,65
5.7,56.0,9.8,7.0,1.71,21.4,455.0,59
5.6,58.0,8.3,6.2,2.86,20.8,357.0,67
5.4,58.0,8.4,6.1,2.58,18.9,175.0,77
6.0,60.0,9.1,6.6,1.7,18.5,176.0,75
6.5,60.0,9.6,6.7,1.13,18.0,106.0,75
7.1,60.0,10.0,6.8,1.32,17.9,129.0,76
7.0,63.0,10.3,7.2,1.61,18.1,181.0,72
8.1,59.0,10.1,7.3,1.53,17.8,121.0,73
9.1,56.0,9.5,7.2,1.43,16.5,27.0,82
10.1,57.0,9.9,7.5,1.7,16.0,0.0,86
11.2,55.0,11.7,8.1,2.14,16.1,0.0,88
12.4,50.0,13.5,8.8,2.4,16.0,0.0,92
14.2,45.0,14.7,9.7,2.42,16.1,0.0,93
16.2,48.0,13.5,9.5,2.48,16.2,0.0,92
15.3,47.0,12.7,10.3,2.44,15.9,0.0,91
14.4,47.0,14.5,11.2,2.53,15.9,0.0,93
14.7,44.0,14.1,11.0,2.62,15.9,0.0,93
14.8,50.0,14.9,11.4,2.72,15.6,0.0,93
13.7,56.0,13.4,9.8,3.07,16.2,44.0,91
12.0,62.0,12.7,10.1,3.2,17.5,156.0,83
9.4,65.0,12.6,9.7,3.27,18.5,291.0,77
8.2,67.0,12.8,8.8,3.22,19.5,429.0,71
8.1,67.0,12.7,8.1,3.18,20.5,550.0,65
8.2,69.0,12.9,7.8,3.46,21.5,643.0,60
8.2,70.0,11.7,8.0,3.56,22.4,701.0,57
7.6,72.0,10.8,7.6,3.7,23.1,719.0,54
6.7,81.0,11.1,7.2,3.93,24.0,695.0,49
5.3,89.0,11.1,7.2,3.81,24.2,630.0,49
4.5,98.0,10.5,7.1,3.6,24.1,530.0,50
5.1,102.0,9.5,7.0,3.7,23.9,405.0,51
5.9,101.0,9.1,6.7,3.17,23.1,267.0,54
7.2,97.0,8.9,6.3,2.93,21.9,131.0,62
9.4,87.0,8.5,6.1,3.19,20.3,27.0,70
11.3,82.0,8.4,6.0,2.71,19.6,0.0,75
12.5,82.0,10.3,6.9,3.08,19.5,0.0,76
11.3,72.0,10.2,6.8,3.22,19.2,0.0,75
10.8,67.0,10.4,6.5,2.98,18.8,0.0,76
10.5,64.0,10.3,6.4,2.83,18.2,0.0,77
11.1,60.0,10.0,6.8,2.8,17.3,0.0,81
12.9,57.0,10.6,7.0,3.0,17.0,0.0,84
14.4,55.0,10.9,7.1,3.15,16.9,0.0,85
14.7,55.0,11.1,7.4,3.55,17.0,0.0,85
14.3,54.0,11.6,7.6,3.44,17.7,27.0,82
13.5,60.0,12.2,8.0,3.18,18.5,111.0,80
12.4,65.0,12.7,8.5,3.19,19.1,161.0,77
12.0,68.0,13.7,8.9,3.44,20.7,356.0,71
11.8,70.0,13.8,9.0,3.26,20.5,239.0,73
11.4,70.0,14.2,9.2,3.19,21.9,363.0,67
12.0,72.0,14.0,9.2,3.23,22.5,351.0,65
13.6,72.0,13.8,9.1,1.78,21.5,96.0,71
13.5,74.0,13.7,9.0,1.05,23.6,231.0,64
12.5,92.0,13.6,8.9,2.53,24.5,325.0,60
10.7,100.0,12.8,9.1,3.36,25.2,491.0,57
10.0,103.0,13.4,9.3,3.12,24.8,361.0,60
8.2,105.0,14.4,9.4,3.33,24.4,257.0,63
8.8,103.0,14.4,9.4,3.07,23.4,127.0,68
9.7,96.0,14.0,9.6,2.47,22.0,23.0,74
10.3,88.0,15.2,11.5,1.72,21.1,0.0,79
10.6,86.0,17.5,13.7,1.1,20.4,0.0,84
10.7,84.0,20.2,16.0,0.81,19.9,0.0,86
10.2,89.0,21.8,17.6,0.43,19.5,0.0,88
10.7,71.0,20.7,15.3,0.5,18.9,0.0,89
11.0,67.0,20.2,14.4,1.6,17.4,0.0,94
12.6,59.0,22.0,15.0,2.01,17.1,0.0,94
11.6,52.0,21.6,15.6,2.33,17.0,0.0,95
10.8,48.0,20.3,15.4,2.73,16.9,0.0,96
11.7,51.0,19.6,14.9,2.82,17.5,39.0,95
11.1,60.0,19.3,14.4,2.54,19.0,150.0,86
10.2,71.0,20.1,13.1,2.73,21.0,267.0,74
6.2,75.0,19.8,13.8,3.72,22.6,411.0,66
3.8,85.0,18.5,11.4,4.6,23.6,540.0,63
2.6,83.0,13.2,8.2,4.6,24.4,625.0,57
2.4,87.0,13.3,6.9,4.75,25.3,692.0,52
2.2,89.0,10.1,6.6,5.63,26.6,684.0,45
2.4,88.0,11.4,6.7,6.84,23.8,459.0,59
2.6,92.0,12.6,7.2,6.17,23.0,445.0,63
2.7,102.0,17.9,8.9,5.97,22.5,506.0,63
2.5,103.0,18.9,10.5,6.24,22.8,384.0,60
2.6,101.0,18.1,12.1,6.46,21.0,256.0,69
2.4,101.0,17.6,12.3,6.66,19.5,120.0,73
2.3,96.0,18.0,11.2,6.6,17.7,22.0,77
2.2,88.0,11.6,8.2,6.93,16.8,0.0,78
2.3,76.0,9.9,6.2,6.58,16.0,0.0,79
2.0,71.0,9.5,5.2,6.6,15.4,0.0,81
1.7,66.0,9.7,5.2,6.53,14.7,0.0,84
1.7,64.0,9.2,5.2,6.17,14.3,0.0,84
1.6,66.0,9.2,4.7,6.19,13.8,0.0,81
1.7,66.0,9.1,4.3,6.2,13.5,0.0,80
1.7,64.0,8.2,3.9,6.04,13.4,0.0,78
1.8,61.0,7.8,3.3,5.79,13.2,0.0,79
2.0,57.0,8.5,3.3,5.48,13.4,36.0,80
2.2,57.0,8.5,3.2,4.92,14.4,154.0,76
2.2,58.0,6.8,3.2,4.9,16.1,297.0,69
2.1,59.0,5.2,3.2,4.53,18.0,439.0,61
2.0,62.0,4.7,3.0,3.78,19.5,563.0,53
1.8,67.0,4.6,2.9,3.5,20.5,658.0,48
1.8,73.0,4.3,2.7,3.34,21.2,713.0,45
2.0,76.0,4.3,2.6,3.61,21.6,723.0,44
2.6,77.0,4.1,2.5,3.85,21.6,699.0,43
2.3,77.0,3.8,2.7,4.16,21.5,617.0,44
1.5,74.0,4.6,2.7,4.92,20.6,496.0,48
1.6,71.0,5.8,2.3,5.48,19.5,363.0,53
1.7,71.0,6.8,2.5,5.4,18.2,226.0,59
1.9,69.0,6.8,2.4,5.04,17.2,121.0,62
2.5,66.0,6.4,2.6,3.92,16.1,21.0,68
3.0,64.0,6.4,2.5,3.84,15.1,0.0,73
3.5,62.0,7.1,2.7,4.05,14.2,0.0,78
3.7,60.0,8.3,3.2,4.36,13.4,0.0,84
3.7,56.0,9.5,3.8,4.33,13.0,0.0,88
3.9,52.0,9.2,3.8,3.89,12.6,0.0,89
3.9,52.0,8.9,3.7,3.62,11.4,0.0,91
3.9,50.0,8.4,3.7,3.3,11.1,0.0,92
4.1,48.0,8.1,3.9,3.11,10.9,0.0,93
4.6,46.0,7.9,4.2,2.53,10.9,0.0,93
5.3,45.0,7.8,4.1,2.32,11.3,36.0,92
5.8,42.0,8.0,4.0,1.91,13.1,149.0,85
4.7,43.0,7.2,4.0,1.49,15.8,287.0,73
3.8,50.0,6.9,3.6,1.99,18.0,431.0,58
3.3,56.0,5.9,3.0,2.28,19.2,551.0,55
3.2,64.0,5.0,2.8,2.71,20.4,643.0,51
3.0,69.0,4.3,2.7,3.72,21.0,700.0,41
2.3,75.0,3.6,2.3,3.71,20.9,716.0,42
2.0,78.0,3.4,2.2,3.62,22.0,690.0,38
1.9,81.0,3.3,1.9,3.24,22.2,624.0,39
2.1,82.0,2.9,1.9,2.67,22.5,523.0,39
2.4,81.0,2.8,1.8,2.6,22.5,395.0,39
2.9,79.0,3.0,1.9,2.91,21.6,251.0,43
3.5,77.0,3.3,2.0,3.68,19.8,115.0,49
3.9,73.0,3.6,2.1,3.0,18.5,18.0,52
4.7,68.0,3.5,2.3,3.07,18.0,0.0,54
5.8,63.0,3.6,2.4,3.15,17.2,0.0,59
6.3,60.0,3.9,2.7,3.01,16.3,0.0,67
6.6,57.0,4.2,2.5,2.89,15.7,0.0,68
5.8,58.0,4.2,2.8,2.62,15.2,0.0,65
7.0,54.0,4.4,3.0,1.88,12.8,0.0,72
7.7,49.0,4.5,3.3,1.53,12.3,0.0,72
8.1,45.0,5.2,3.6,1.39,11.6,0.0,75
9.8,41.0,6.0,4.1,1.75,10.8,0.0,80
12.5,37.0,6.5,4.6,2.15,11.4,33.0,78
13.4,43.0,7.4,4.9,1.77,13.9,144.0,67
11.4,47.0,6.2,4.7,1.43,16.8,283.0,55
9.3,53.0,5.3,3.8,1.3,19.0,422.0,46
7.2,65.0,4.9,3.6,1.13,20.5,545.0,43
6.9,73.0,5.2,3.7,0.76,21.8,639.0,41
7.5,80.0,5.0,3.8,0.55,22.7,696.0,39
6.4,85.0,4.8,4.0,1.2,23.3,712.0,38
5.0,86.0,4.5,4.1,1.76,23.8,684.0,38
3.9,91.0,4.5,4.0,2.24,24.0,617.0,39
3.5,89.0,4.3,3.7,2.5,23.9,515.0,41
3.5,87.0,4.1,3.7,3.08,23.4,387.0,42
3.8,82.0,3.9,3.4,3.48,22.4,246.0,41
4.2,77.0,4.2,3.2,3.58,20.9,111.0,45
4.7,70.0,5.1,3.5,3.38,19.4,16.0,50
5.0,67.0,6.0,3.8,2.96,18.5,0.0,58
4.6,62.0,7.2,4.3,3.23,17.3,0.0,74
4.0,60.0,7.1,4.4,3.64,15.9,0.0,81
3.3,62.0,6.9,4.5,3.81,14.5,0.0,88
3.2,58.0,7.2,4.7,3.95,13.8,0.0,92
3.1,57.0,7.4,4.9,4.31,13.4,0.0,94
2.8,57.0,7.4,4.5,4.76,13.6,0.0,94
2.5,60.0,8.4,4.5,5.07,13.9,0.0,89
2.4,67.0,8.4,5.0,5.05,13.6,0.0,89
2.5,69.0,9.2,5.3,5.21,13.8,31.0,87
3.8,67.0,10.2,5.7,5.15,14.9,137.0,80
3.3,65.0,11.0,5.6,5.6,16.3,283.0,73
2.4,66.0,10.6,6.0,5.71,17.9,424.0,65
2.0,68.0,10.3,5.4,5.7,19.2,539.0,60
1.9,73.0,9.3,5.3,5.7,20.4,619.0,57
1.7,76.0,9.4,5.2,5.61,21.2,683.0,54
1.6,77.0,9.4,5.1,5.25,22.0,687.0,51
1.7,76.0,10.1,5.2,4.6,22.4,670.0,52
2.6,77.0,9.5,5.2,4.08,23.1,595.0,49
2.5,83.0,9.6,5.5,4.34,23.6,457.0,46
3.0,82.0,9.2,5.6,5.91,19.5,337.0,68
3.2,82.0,9.3,6.4,6.04,19.1,174.0,67
3.3,79.0,8.5,5.5,5.53,18.3,89.0,66
2.9,70.0,6.7,4.0,4.51,17.9,12.0,64
3.1,65.0,5.9,3.4,4.15,17.0,0.0,67
3.6,61.0,5.8,3.1,4.0,16.5,0.0,68
3.4,59.0,5.5,2.8,4.14,15.9,0.0,69
2.6,61.0,4.9,2.6,3.93,15.8,0.0,68
2.8,60.0,4.2,2.0,3.77,15.4,0.0,63
2.9,61.0,3.7,1.9,3.71,13.9,0.0,73
3.2,61.0,3.6,1.8,3.71,13.5,0.0,71
3.5,55.0,3.5,1.9,3.72,12.8,0.0,77
4.3,52.0,3.7,2.0,3.85,12.6,0.0,81
4.6,50.0,3.7,2.3,4.01,13.4,30.0,77
4.0,51.0,3.6,2.1,3.59,14.9,141.0,69
2.5,54.0,2.7,1.8,4.35,16.4,284.0,60
1.8,57.0,2.4,1.5,4.32,17.4,425.0,55
1.4,59.0,2.4,1.3,4.28,18.2,548.0,49
1.1,63.0,2.4,1.3,4.27,18.8,643.0,46
1.2,65.0,2.4,1.3,4.35,19.2,701.0,40
1.2,69.0,2.4,1.4,4.62,19.4,718.0,37
1.2,69.0,2.2,1.5,4.35,19.7,690.0,33
1.4,69.0,2.3,1.5,3.93,19.8,622.0,34
1.6,70.0,2.5,1.5,3.42,20.0,516.0,35
1.8,68.0,2.8,1.6,3.05,19.4,359.0,38
2.2,68.0,2.9,1.8,2.94,18.4,226.0,41
3.3,70.0,2.9,1.8,2.3,17.4,97.0,45
4.6,64.0,3.4,1.9,1.55,15.9,13.0,55
6.4,54.0,3.8,2.1,0.56,14.8,0.0,71
10.1,44.0,5.0,2.6,0.6,14.1,0.0,70
10.6,43.0,5.1,2.8,2.55,13.0,0.0,73
7.4,49.0,4.6,2.8,3.11,12.6,0.0,69
5.2,53.0,4.7,2.7,3.34,12.4,0.0,68
3.8,55.0,6.0,2.9,3.91,12.6,0.0,73
3.2,57.0,7.4,3.4,4.15,11.4,0.0,85
2.9,55.0,9.5,3.7,4.16,10.9,0.0,89
2.7,54.0,9.4,3.7,4.11,10.6,0.0,88
4.0,51.0,9.2,3.6,4.47,11.1,26.0,80
4.1,51.0,8.4,3.4,4.56,12.9,136.0,70
3.1,53.0,8.0,3.5,6.07,14.5,264.0,59
2.1,56.0,6.0,3.0,6.76,15.7,395.0,50
1.8,60.0,5.2,2.9,5.58,16.8,471.0,46
1.6,64.0,4.4,2.5,5.17,16.9,312.0,50
1.6,67.0,4.2,2.4,4.73,17.0,407.0,50
1.7,70.0,3.3,1.9,4.75,17.9,567.0,46
1.7,70.0,3.5,2.2,4.87,18.4,584.0,49
2.0,73.0,3.6,2.2,5.07,18.5,542.0,46
2.4,72.0,3.4,2.1,5.22,18.0,454.0,47
2.3,70.0,3.3,2.1,5.16,17.4,336.0,49
2.4,66.0,3.2,2.1,4.9,16.5,205.0,51
2.5,62.0,3.0,2.0,4.26,15.5,90.0,54
2.8,61.0,2.9,2.0,3.85,14.2,11.0,59
3.7,58.0,3.0,2.0,3.91,13.1,0.0,64
3.8,55.0,3.1,2.1,3.9,12.2,0.0,68
3.6,54.0,3.3,2.1,3.68,11.6,0.0,73
3.2,54.0,4.4,2.2,3.57,10.9,0.0,78
2.7,58.0,5.9,2.6,4.4,10.7,0.0,81
2.7,56.0,7.8,2.7,5.26,10.1,0.0,81
2.3,56.0,8.7,2.8,5.43,10.7,0.0,80
2.1,54.0,7.9,2.4,5.33,10.8,0.0,78
2.1,57.0,7.9,2.6,4.86,10.8,0.0,78
2.5,59.0,7.4,2.8,5.52,11.6,24.0,74
3.0,62.0,7.7,3.2,5.81,13.0,116.0,67
2.2,60.0,7.6,3.0,7.98,14.1,254.0,62
1.7,61.0,5.8,2.5,8.17,15.0,355.0,56
1.4,63.0,4.8,2.3,7.83,16.1,497.0,50
1.2,66.0,5.2,2.3,7.81,16.9,586.0,45
1.1,68.0,5.4,2.3,7.85,17.4,605.0,42
1.1,71.0,6.0,2.5,8.23,17.6,615.0,40
1.2,74.0,6.4,2.5,7.98,17.6,570.0,39
1.4,76.0,6.8,2.7,7.85,17.4,490.0,39
1.5,75.0,7.3,2.9,7.56,16.9,406.0,41
1.6,74.0,7.8,2.9,7.43,16.4,331.0,43
1.6,73.0,7.9,2.9,6.97,15.2,214.0,50
1.7,71.0,9.0,3.2,6.07,14.1,89.0,58
1.9,68.0,9.3,3.3,5.57,13.1,9.0,64
2.0,65.0,9.0,3.6,5.47,12.4,0.0,67
2.0,62.0,9.4,3.6,5.47,12.1,0.0,68
2.1,60.0,9.6,3.4,5.37,11.7,0.0,70
2.0,55.0,9.5,3.1,5.37,11.5,0.0,71
2.0,52.0,7.8,2.8,5.4,11.2,0.0,73
2.0,51.0,8.0,2.6,5.14,10.3,0.0,79
2.1,49.0,7.8,2.5,5.07,10.1,0.0,81
2.5,47.0,6.8,2.6,4.77,9.9,0.0,84
3.0,44.0,5.6,2.6,3.71,9.5,0.0,88
3.5,42.0,5.0,2.8,3.51,9.6,22.0,88
4.0,43.0,4.6,2.8,3.3,10.9,124.0,82
3.3,45.0,3.7,2.2,3.87,12.6,265.0,68
2.5,46.0,2.8,1.4,4.25,13.7,361.0,61
1.7,51.0,2.5,1.4,5.82,15.0,523.0,49
1.2,53.0,2.5,1.1,5.73,15.9,552.0,44
1.1,55.0,2.4,1.3,6.0,17.1,613.0,37
1.3,59.0,2.5,1.5,4.89,17.8,580.0,34
1.2,62.0,2.3,1.3,4.73,18.6,627.0,31
1.1,62.0,2.1,1.1,4.97,18.5,581.0,33
1.1,61.0,2.1,1.1,5.31,17.8,444.0,36
1.2,61.0,2.2,1.1,5.38,17.0,369.0,39
1.6,61.0,2.1,1.0,4.84,16.2,225.0,42
2.1,61.0,2.1,1.1,3.57,14.9,96.0,47
3.0,56.0,2.1,1.4,3.39,13.1,8.0,54
3.5,52.0,2.3,1.4,3.79,12.1,0.0,56
4.7,51.0,2.9,1.5,4.32,11.4,0.0,62
3.9,52.0,3.3,1.8,4.4,10.9,0.0,74
3.3,48.0,3.5,2.0,4.47,10.8,0.0,83
3.0,50.0,4.4,2.3,4.45,10.7,0.0,87
2.5,51.0,5.1,2.4,4.5,9.0,0.0,88
2.4,52.0,6.4,2.4,4.77,9.1,0.0,89
2.3,51.0,6.9,2.7,4.92,9.5,0.0,88
2.3,53.0,8.4,3.1,4.93,9.9,0.0,86
2.4,53.0,8.2,3.2,5.01,10.6,21.0,83
2.4,53.0,8.0,3.2,4.29,12.2,123.0,78
2.0,56.0,8.0,2.9,4.82,14.1,262.0,73
1.6,58.0,7.0,2.7,5.56,16.0,404.0,65
1.5,61.0,5.9,2.6,5.5,17.5,532.0,56
1.3,61.0,5.5,2.5,5.3,18.6,627.0,51
1.3,65.0,5.0,2.3,5.19,19.6,676.0,47
1.1,66.0,4.2,1.8,5.28,20.0,647.0,46
1.0,66.0,4.0,1.8,5.48,20.1,579.0,40
1.0,67.0,4.0,1.9,5.88,19.7,444.0,41
1.1,68.0,4.1,2.0,6.62,19.0,391.0,44
1.5,69.0,4.6,2.0,6.65,17.3,266.0,55
1.6,70.0,5.1,2.0,6.18,16.4,210.0,57
1.8,68.0,5.7,2.1,5.23,15.4,88.0,62
2.3,66.0,6.6,2.7,4.99,14.4,7.0,66
2.5,64.0,7.4,2.6,4.88,13.5,0.0,72
2.5,62.0,8.0,2.6,4.7,13.0,0.0,75
2.3,62.0,7.9,2.7,4.72,12.4,0.0,79
2.5,61.0,8.2,2.8,4.98,12.0,0.0,83
2.3,59.0,9.2,3.0,5.11,11.6,0.0,84
2.3,60.0,8.5,3.1,4.89,11.4,0.0,80
2.3,60.0,7.7,2.9,4.87,11.3,0.0,81
2.1,60.0,9.0,3.0,4.9,11.1,0.0,82
2.2,61.0,8.3,2.9,4.68,11.0,0.0,83
2.8,61.0,7.8,3.0,4.67,11.4,19.0,80
3.2,62.0,7.8,3.1,5.07,13.0,123.0,71
2.8,64.0,7.4,2.7,6.45,14.4,253.0,65
2.1,68.0,7.0,2.6,7.03,15.8,373.0,56
1.9,68.0,6.4,2.7,6.53,17.0,461.0,51
1.7,70.0,5.8,2.6,6.09,17.9,551.0,50
1.6,71.0,5.5,2.5,6.13,18.9,684.0,47
1.5,73.0,5.3,2.6,5.81,19.5,690.0,45
1.7,74.0,5.1,2.8,5.09,20.2,570.0,41
2.3,74.0,5.0,2.6,5.12,20.5,506.0,40
2.3,74.0,4.5,2.7,5.13,20.2,388.0,41
2.7,75.0,4.4,2.6,5.71,19.8,278.0,42
3.0,74.0,4.9,2.8,5.27,18.6,156.0,50
3.4,70.0,5.2,3.0,3.55,17.1,74.0,61
5.2,66.0,5.4,3.0,2.55,15.9,4.0,68
6.7,60.0,5.7,3.2,2.3,14.7,0.0,74
7.2,55.0,5.9,3.4,2.51,13.5,0.0,79
6.6,52.0,6.4,3.7,3.04,12.1,0.0,84
6.6,46.0,6.2,4.0,3.02,11.2,0.0,88
5.3,49.0,6.4,4.0,2.98,10.6,0.0,92
5.2,56.0,7.0,4.3,2.55,9.1,0.0,94
5.6,53.0,6.5,4.5,2.42,8.6,0.0,95
6.2,50.0,6.5,4.5,2.4,8.4,0.0,96
6.9,48.0,6.5,4.9,1.93,8.1,0.0,96
11.4,42.0,7.6,5.1,1.9,8.4,17.0,96
13.2,39.0,7.9,5.6,1.58,10.2,110.0,91
11.9,46.0,8.4,5.1,1.48,13.2,243.0,80
8.9,58.0,7.8,4.5,1.68,15.5,382.0,73
5.5,67.0,7.5,3.7,2.19,17.6,491.0,63
4.9,74.0,6.5,3.6,1.88,18.6,440.0,59
4.4,77.0,6.7,3.9,1.58,19.5,435.0,56
4.2,78.0,7.7,4.4,2.46,20.0,489.0,56
4.6,81.0,9.5,5.4,2.67,19.4,348.0,64
4.3,83.0,9.2,6.2,3.08,19.9,386.0,62
4.3,85.0,8.0,6.0,3.32,19.8,324.0,63
4.3,85.0,8.0,5.2,3.41,18.8,178.0,70
5.1,83.0,8.1,4.9,3.31,18.0,135.0,74
6.4,81.0,7.8,4.7,2.8,17.1,51.0,78
7.5,80.0,7.7,4.6,2.8,16.4,3.0,84
7.9,77.0,8.2,4.9,2.38,16.2,0.0,87
8.9,75.0,9.7,5.7,2.44,15.8,0.0,92
7.8,69.0,9.8,6.1,2.54,16.0,0.0,90
6.2,70.0,11.0,7.4,3.38,15.9,0.0,89
6.8,72.0,11.1,8.5,3.67,15.4,0.0,90
5.7,72.0,10.0,7.0,3.62,15.7,0.0,90
5.9,73.0,10.9,7.1,3.79,15.8,0.0,87
5.9,72.0,10.0,6.6,4.24,15.8,0.0,86
6.6,69.0,9.3,5.1,4.67,16.2,0.0,82
8.0,67.0,7.9,4.5,4.84,16.2,8.0,80
7.2,68.0,7.8,4.6,5.06,16.8,71.0,76
6.9,69.0,7.7,4.3,4.92,17.4,118.0,72
6.4,70.0,7.5,4.2,5.15,17.4,91.0,74
6.7,71.0,7.5,4.2,5.97,18.4,178.0,65
6.5,73.0,7.8,4.4,6.9,19.7,466.0,60
6.2,75.0,8.5,4.9,6.74,20.0,450.0,58
5.6,80.0,9.0,5.8,6.17,20.7,533.0,58
5.9,84.0,10.2,7.2,5.52,21.5,524.0,56
6.0,88.0,12.7,7.6,4.92,22.1,525.0,57
5.5,95.0,11.3,7.0,3.6,21.9,338.0,60
6.2,81.0,10.6,7.2,4.07,20.0,208.0,67
6.8,74.0,10.8,6.5,1.95,20.2,148.0,68
7.9,69.0,11.2,6.3,1.27,19.9,48.0,70
8.4,65.0,10.4,6.4,2.7,18.6,3.0,77
8.2,63.0,10.9,5.7,3.82,17.5,0.0,83
7.6,63.0,11.4,6.0,2.83,16.7,0.0,92
7.5,61.0,12.8,6.2,2.8,16.5,0.0,93
8.8,57.0,12.9,7.3,2.83,15.8,0.0,94
10.1,49.0,15.3,9.8,2.33,15.2,0.0,94
10.0,49.0,19.4,12.7,2.12,13.9,0.0,96
9.9,49.0,19.5,14.1,1.71,13.3,0.0,96
10.2,43.0,20.2,14.8,1.29,12.8,0.0,98
11.8,39.0,21.8,15.7,0.8,12.1,0.0,99
15.0,30.0,21.5,16.6,0.72,12.1,12.0,98
19.4,28.0,20.6,15.5,1.28,13.4,84.0,98
16.5,33.0,19.1,14.4,1.22,15.8,201.0,92
14.3,51.0,18.8,12.7,1.95,17.9,335.0,83
11.7,54.0,18.9,13.7,3.32,19.0,429.0,76
12.8,58.0,19.1,13.4,3.38,19.5,434.0,71
10.6,61.0,20.2,12.9,3.52,20.0,478.0,70
7.7,69.0,20.7,11.9,3.64,20.0,450.0,70
6.6,80.0,21.0,12.4,4.8,20.0,465.0,72
6.0,84.0,19.9,11.6,4.01,20.2,350.0,69
6.9,89.0,16.6,10.8,4.35,19.8,219.0,71
7.1,89.0,15.3,9.8,3.24,19.2,97.0,75
7.3,88.0,14.1,8.7,4.5,18.5,49.0,83
8.0,90.0,11.3,7.7,3.18,18.4,39.0,83
9.2,94.0,10.9,7.2,3.8,17.8,1.0,86
10.8,88.0,9.7,8.2,4.5,17.5,0.0,89
11.7,86.0,9.7,8.0,3.38,17.4,0.0,91
11.2,80.0,10.6,8.9,3.55,17.0,0.0,95
11.1,74.0,12.5,10.2,3.2,16.8,0.0,96
11.9,69.0,13.6,10.9,2.62,16.5,0.0,98
11.5,66.0,15.8,13.1,2.21,16.1,0.0,98
10.2,61.0,17.7,15.4,1.45,15.8,0.0,98
9.3,61.0,19.7,17.0,0.51,14.9,0.0,99
9.6,59.0,20.7,18.3,1.76,14.6,0.0,99
11.1,56.0,21.6,18.4,1.98,14.9,10.0,98
13.9,52.0,22.6,18.7,2.27,15.6,75.0,95
9.7,56.0,21.9,19.8,3.09,16.5,185.0,89
7.8,64.0,17.3,12.8,3.56,17.6,287.0,83
6.2,67.0,12.8,9.9,3.39,18.9,402.0,74
5.2,74.0,10.0,3.9,3.4,19.7,536.0,67
4.7,79.0,7.8,3.5,2.82,20.4,563.0,62
4.5,79.0,8.1,3.7,2.65,21.3,610.0,55
4.5,78.0,8.3,4.1,2.91,21.1,436.0,51
4.8,79.0,9.3,4.6,3.45,20.2,232.0,59
5.5,75.0,11.7,5.6,3.04,20.0,174.0,59
5.4,73.0,11.7,6.4,3.03,19.8,235.0,60
6.5,71.0,13.1,6.4,2.62,18.9,140.0,71
7.6,63.0,12.8,6.1,2.34,17.6,59.0,79
8.3,66.0,12.3,6.1,2.55,16.7,2.0,81
8.6,70.0,11.0,6.2,2.21,16.1,0.0,82
9.0,67.0,11.2,6.5,1.8,15.8,0.0,84
8.6,64.0,12.2,7.9,2.37,15.4,0.0,86
8.5,63.0,12.9,8.0,1.91,15.0,0.0,87
8.5,59.0,12.4,7.5,1.56,14.6,0.0,90
9.7,58.0,10.1,6.8,3.01,15.4,0.0,89
11.1,52.0,9.8,6.3,3.21,15.4,0.0,90
11.1,58.0,9.8,6.2,3.57,15.4,0.0,88
8.2,62.0,12.7,7.7,3.92,15.4,0.0,89
7.7,63.0,12.1,10.6,3.86,15.7,9.0,85
7.9,64.0,12.0,9.4,4.26,16.4,66.0,81
7.1,68.0,10.5,8.2,3.97,17.0,144.0,81
6.6,69.0,10.0,8.1,5.04,17.8,282.0,81
6.9,72.0,10.4,7.4,3.15,17.4,282.0,85
6.5,72.0,11.8,9.1,3.86,18.4,331.0,79
5.4,79.0,12.8,10.7,3.57,19.7,543.0,73
4.0,86.0,10.8,7.0,3.81,20.3,471.0,66
3.2,86.0,9.8,7.0,2.91,19.9,455.0,71
3.4,83.0,8.9,6.4,1.93,19.1,439.0,74
3.7,82.0,7.9,5.2,2.51,20.0,391.0,62
4.0,80.0,6.4,3.6,3.29,19.5,289.0,66
4.1,77.0,5.6,3.7,3.16,18.8,165.0,70
6.0,71.0,5.9,3.7,2.64,17.8,48.0,75
6.1,64.0,7.2,4.2,2.95,16.5,1.0,80
7.3,58.0,9.2,4.7,2.73,15.8,0.0,83
7.0,59.0,10.1,5.2,2.63,15.1,0.0,87
5.5,58.0,10.3,5.7,2.8,14.6,0.0,90
5.2,57.0,10.1,5.9,2.71,14.1,0.0,92
5.6,51.0,13.2,8.0,2.64,13.9,0.0,93
5.9,49.0,13.1,6.9,2.55,13.6,0.0,91
6.3,48.0,13.2,8.1,2.48,13.7,0.0,92
6.6,48.0,13.3,8.4,2.57,13.9,0.0,93
6.7,49.0,13.2,9.7,3.1,14.2,0.0,93
6.6,50.0,12.7,9.9,3.4,14.9,8.0,93
6.2,55.0,12.6,11.4,3.58,15.8,35.0,91
6.4,61.0,11.8,11.1,3.44,16.8,96.0,88
5.7,65.0,11.7,9.8,4.07,18.0,233.0,83
5.7,66.0,11.3,7.6,4.37,18.9,311.0,76
6.1,67.0,12.5,6.5,4.7,20.1,481.0,70
6.0,69.0,11.2,7.1,4.76,20.5,404.0,67
5.6,71.0,11.5,5.9,3.74,19.5,158.0,74
5.8,74.0,12.5,5.3,4.6,21.4,470.0,57
6.0,78.0,10.6,5.5,4.5,21.5,385.0,55
6.4,80.0,10.3,5.3,3.44,20.8,216.0,62
6.7,79.0,8.6,4.8,3.1,20.8,253.0,65
7.2,79.0,8.0,4.8,2.47,20.2,122.0,71
7.7,78.0,7.2,4.2,2.83,19.4,34.0,75
8.9,77.0,6.9,4.0,3.51,19.0,0.0,75
8.5,79.0,6.8,4.6,3.62,18.9,0.0,75
6.3,77.0,6.2,4.2,2.55,18.2,0.0,81
6.1,75.0,6.9,4.5,2.88,17.8,0.0,84
6.6,71.0,8.2,5.4,3.14,17.5,0.0,85
7.0,71.0,8.2,5.1,3.93,17.7,0.0,83
7.3,69.0,7.8,4.8,4.51,18.1,0.0,81
7.6,66.0,7.2,4.9,4.72,18.2,0.0,80
7.4,61.0,6.8,4.3,5.22,18.0,0.0,80
7.2,58.0,6.5,4.0,5.22,18.0,0.0,80
7.5,60.0,6.7,3.9,5.51,17.9,7.0,80
7.9,63.0,6.9,4.0,5.76,18.5,58.0,77
7.4,66.0,7.0,4.1,5.63,18.8,142.0,77
6.3,70.0,7.7,4.3,5.73,19.4,241.0,72
6.2,72.0,8.2,4.4,6.03,20.0,332.0,69
5.3,77.0,9.0,4.5,6.23,20.5,348.0,67
4.9,85.0,10.5,5.4,6.98,21.0,453.0,64
4.7,93.0,11.0,6.7,7.13,21.2,452.0,63
4.3,94.0,11.7,7.8,4.35,21.6,310.0,66
4.4,92.0,11.4,7.6,3.96,21.5,295.0,62
4.4,90.0,9.0,6.8,4.58,19.0,91.0,77
6.3,80.0,5.0,4.2,3.37,17.2,30.0,92
7.2,69.0,3.5,3.0,3.23,17.0,18.0,90
8.0,60.0,2.9,2.5,3.31,16.5,10.0,93
9.7,53.0,3.3,2.8,2.92,16.1,0.0,95
10.9,45.0,3.3,2.9,1.25,15.3,0.0,97
12.1,43.0,3.4,3.0,0.96,14.1,0.0,98
10.3,50.0,4.2,3.6,1.1,13.9,0.0,98
9.5,48.0,5.1,3.5,1.59,13.6,0.0,99
9.3,47.0,4.0,3.3,1.76,13.6,0.0,98
9.8,47.0,5.3,4.3,1.21,12.8,0.0,98
8.7,47.0,5.6,4.6,1.29,12.8,0.0,98
7.5,46.0,5.8,4.5,1.36,12.9,0.0,96
8.2,45.0,6.4,4.7,1.65,13.2,0.0,96
10.3,45.0,6.3,4.8,2.01,13.9,6.0,95
12.7,41.0,7.1,5.2,2.76,15.0,62.0,95
9.8,45.0,6.6,5.3,2.65,16.3,149.0,91
7.3,47.0,7.4,6.3,2.85,17.6,318.0,85
6.2,51.0,9.5,8.3,2.77,18.6,401.0,79
4.9,65.0,10.8,9.4,2.97,19.4,490.0,75
4.4,66.0,11.2,9.3,3.52,19.5,480.0,75
4.4,74.0,12.0,10.1,4.0,19.2,464.0,78
4.3,82.0,12.1,10.4,4.75,19.0,429.0,71
4.6,85.0,11.8,9.6,4.61,17.9,353.0,79
5.4,89.0,12.2,10.3,3.15,18.3,392.0,80
5.8,87.0,10.3,8.8,2.74,18.3,249.0,81
5.8,88.0,12.5,10.2,1.55,16.8,116.0,86
6.4,83.0,10.6,9.1,1.4,16.0,39.0,92
7.4,73.0,9.4,6.1,2.42,15.4,0.0,93
8.9,64.0,8.9,7.2,2.73,14.9,0.0,93
9.4,60.0,9.1,7.3,2.41,14.2,0.0,94
8.8,54.0,10.3,7.7,2.76,13.7,0.0,94
8.0,51.0,10.7,8.8,2.53,13.3,0.0,94
6.8,50.0,11.1,8.8,2.27,12.9,0.0,95
6.5,49.0,11.3,9.0,2.57,12.5,0.0,92
6.7,49.0,11.6,9.0,2.47,12.8,0.0,92
6.9,50.0,11.1,8.5,2.7,13.6,0.0,91
5.9,59.0,9.7,7.8,3.48,14.2,0.0,91
5.9,61.0,8.9,7.3,3.46,14.4,6.0,92
5.9,62.0,9.9,8.3,4.24,15.6,85.0,89
5.1,69.0,10.6,8.9,4.2,17.0,221.0,84
4.7,72.0,11.2,8.6,5.17,17.9,263.0,78
5.1,74.0,9.7,7.5,6.07,19.2,465.0,68
3.9,77.0,9.1,6.6,6.76,20.0,544.0,66
3.6,80.0,8.2,6.3,7.09,20.6,578.0,58
2.8,79.0,8.1,5.1,7.47,20.8,563.0,56
3.4,76.0,7.4,4.7,7.4,20.7,412.0,58
4.2,70.0,7.4,4.7,6.93,19.6,144.0,65
5.2,69.0,8.3,4.9,7.65,20.1,202.0,64
5.4,69.0,8.2,4.6,7.13,20.5,213.0,64
5.4,71.0,7.5,4.2,6.56,19.1,86.0,72
5.2,69.0,6.2,4.1,6.21,18.5,15.0,79
4.8,66.0,5.9,3.9,6.49,19.4,0.0,71
4.9,62.0,6.0,3.8,6.78,19.6,0.0,68
4.7,60.0,6.1,3.8,6.59,19.5,0.0,70
4.8,58.0,5.9,3.7,6.93,19.6,0.0,71
4.9,54.0,5.8,3.8,6.75,19.5,0.0,71
5.0,52.0,5.3,3.9,6.73,19.4,0.0,73
4.0,51.0,5.4,3.8,6.71,19.4,0.0,75
3.8,53.0,5.3,4.0,6.08,18.9,0.0,77
4.5,54.0,5.4,3.8,5.32,18.6,0.0,79
4.4,53.0,5.9,3.6,5.1,18.0,0.0,82
4.9,52.0,6.4,3.6,4.81,17.5,5.0,86
5.0,52.0,6.4,3.7,4.73,18.0,69.0,86
4.9,53.0,6.6,3.6,5.57,18.7,181.0,83
4.3,54.0,7.3,3.7,5.55,19.0,301.0,82
4.1,54.0,8.3,3.7,5.37,20.0,416.0,76
4.2,56.0,9.1,4.0,5.22,20.9,521.0,67
3.8,59.0,9.1,3.7,5.12,21.5,567.0,61
3.7,59.0,9.0,3.8,5.34,21.2,560.0,62
3.6,61.0,9.9,3.8,4.83,21.1,474.0,63
3.7,62.0,9.5,3.7,4.3,21.2,455.0,63
3.8,62.0,8.4,3.7,3.94,20.9,365.0,64
4.3,63.0,9.0,4.2,3.89,19.5,203.0,69
7.3,58.0,9.4,4.3,3.29,19.0,121.0,73
8.0,56.0,9.8,4.2,2.67,18.0,32.0,79
8.7,53.0,10.6,4.6,2.25,17.0,0.0,85
9.8,51.0,11.1,4.9,2.29,16.2,0.0,88
10.4,48.0,11.6,5.2,1.75,15.7,0.0,90
10.0,45.0,11.4,5.7,2.1,15.7,0.0,90
9.6,49.0,10.6,5.8,2.82,16.0,0.0,90
6.4,58.0,10.6,5.1,3.13,16.8,0.0,87
7.6,57.0,9.6,5.0,3.05,16.5,0.0,89
10.1,55.0,8.6,5.0,2.96,16.4,0.0,90
9.6,60.0,8.8,4.9,2.77,16.8,0.0,89
7.9,61.0,9.7,5.0,2.78,16.8,0.0,89
8.9,59.0,9.8,5.2,2.75,16.5,1.0,90
10.4,52.0,10.4,6.3,3.05,16.5,17.0,91
11.4,48.0,11.5,7.1,2.47,16.4,41.0,96
10.9,49.0,11.6,6.9,2.15,16.5,77.0,96
9.7,53.0,11.1,6.5,1.82,16.5,96.0,95
8.1,58.0,8.3,5.5,2.45,17.3,198.0,89
7.8,57.0,7.7,5.7,2.43,17.3,121.0,88
7.4,56.0,7.8,6.0,2.92,18.4,274.0,77
6.9,57.0,8.7,4.4,3.4,18.8,375.0,71
7.1,63.0,8.9,4.3,3.56,19.3,411.0,67
6.1,69.0,9.1,4.0,4.07,19.4,374.0,65
4.9,71.0,8.5,3.4,4.65,18.9,269.0,63
5.3,66.0,6.3,3.4,3.86,18.0,136.0,67
4.9,64.0,5.2,3.0,3.42,16.7,34.0,74
4.7,61.0,6.3,2.7,3.32,15.6,0.0,80
5.0,61.0,5.7,3.2,3.3,14.6,0.0,85
5.3,60.0,5.9,3.2,3.4,13.9,0.0,89
4.8,59.0,5.4,3.4,3.41,13.5,0.0,91
4.4,60.0,5.8,3.8,3.45,13.2,0.0,92
3.9,62.0,7.4,4.1,3.5,12.9,0.0,93
3.5,59.0,7.2,3.7,3.5,12.2,0.0,92
3.5,56.0,7.9,3.8,3.35,11.9,0.0,93
3.4,55.0,7.3,3.9,3.4,11.7,0.0,94
3.5,55.0,6.6,3.9,3.55,11.6,0.0,95
3.7,56.0,6.3,3.6,3.56,11.6,4.0,95
4.0,58.0,6.2,3.4,3.51,12.6,76.0,94
2.8,59.0,5.6,2.8,2.8,14.2,207.0,88
2.2,63.0,4.7,2.4,3.18,15.9,346.0,81
1.9,66.0,4.2,2.1,3.47,17.3,456.0,69
1.7,70.0,3.9,2.0,3.7,18.3,535.0,61
1.6,71.0,3.9,2.0,3.65,19.1,568.0,55
1.7,73.0,3.9,2.1,3.42,19.6,552.0,51
2.0,75.0,4.0,2.1,2.64,20.0,535.0,50
2.4,77.0,4.0,2.1,2.52,20.2,455.0,48
2.9,76.0,4.0,2.0,1.93,20.0,307.0,48
3.8,74.0,4.1,2.1,1.6,19.8,238.0,49
4.8,72.0,4.3,2.3,1.3,18.9,120.0,56
5.9,68.0,4.8,3.0,1.46,17.0,30.0,67
7.2,61.0,5.7,3.3,2.26,15.6,0.0,75
7.9,54.0,6.0,3.6,2.09,14.6,0.0,79
8.3,53.0,6.5,3.9,1.95,13.8,0.0,81
8.5,50.0,6.8,4.1,1.95,13.1,0.0,83
9.1,47.0,6.9,4.2,1.3,12.2,0.0,87
8.9,37.0,6.6,3.7,0.98,12.3,0.0,87
9.2,32.0,6.4,4.1,1.37,11.6,0.0,90
9.3,28.0,6.3,3.9,1.49,11.6,0.0,90
8.3,31.0,5.6,3.6,1.48,11.8,0.0,91
8.1,35.0,5.3,3.2,1.49,11.4,0.0,94
8.3,34.0,4.8,3.2,1.42,11.8,3.0,96
8.5,33.0,5.0,3.0,1.4,13.9,74.0,96
7.7,52.0,4.8,3.1,2.21,15.8,198.0,85
5.9,55.0,5.2,3.0,2.66,16.8,339.0,75
4.4,70.0,5.6,3.0,2.8,17.8,462.0,72
4.9,72.0,6.2,3.6,3.06,18.6,559.0,64
3.7,75.0,6.2,3.1,3.66,19.0,615.0,59
2.5,81.0,5.6,3.2,3.78,19.0,629.0,59
3.0,84.0,5.4,3.0,4.13,19.4,590.0,52
3.4,87.0,5.2,2.7,4.27,19.1,524.0,54
3.4,88.0,5.0,2.6,4.22,18.8,410.0,59
4.0,87.0,4.9,2.6,4.19,18.2,267.0,62
4.5,88.0,5.4,2.8,3.93,17.5,138.0,70
4.4,88.0,5.5,3.0,4.4,16.6,30.0,77
4.2,86.0,5.7,3.2,4.56,16.5,0.0,80
5.3,84.0,6.1,3.1,4.2,16.4,0.0,80
6.2,80.0,5.0,2.5,4.09,16.1,0.0,71
6.2,79.0,4.3,2.3,4.18,15.8,0.0,75
5.4,77.0,4.3,2.4,4.2,15.6,0.0,80
5.9,73.0,4.9,2.7,3.94,15.2,0.0,81
5.5,73.0,5.4,2.7,3.92,14.6,0.0,82
5.4,74.0,5.2,2.8,4.13,14.5,0.0,86
5.3,74.0,5.0,2.7,4.26,14.4,0.0,89
5.7,71.0,5.9,3.5,4.33,14.4,0.0,92
5.7,69.0,6.4,3.8,4.63,14.6,2.0,94
5.9,66.0,6.3,3.6,5.26,15.4,69.0,92
5.1,66.0,6.3,3.8,6.18,16.5,186.0,83
4.4,70.0,6.0,3.6,6.08,17.4,300.0,79
4.4,73.0,5.8,3.2,5.6,17.9,370.0,77
4.4,77.0,5.8,3.6,5.11,18.6,461.0,73
3.8,81.0,5.6,3.5,4.99,19.2,515.0,68
3.3,85.0,5.3,3.3,4.27,19.5,490.0,69
3.3,86.0,5.1,3.3,4.74,20.0,547.0,68
4.1,86.0,5.7,3.4,4.45,20.0,486.0,67
4.3,90.0,5.9,3.5,3.96,20.0,398.0,68
5.0,89.0,5.3,3.8,3.33,19.5,270.0,70
6.4,85.0,5.3,3.8,2.71,18.7,133.0,76
8.0,81.0,4.8,3.6,2.35,17.5,25.0,85
9.6,71.0,5.1,3.6,2.53,17.1,0.0,87
9.3,66.0,5.5,3.7,2.76,17.0,0.0,86
7.2,65.0,5.9,4.1,3.76,16.9,0.0,88
6.2,68.0,5.9,4.2,3.5,16.5,0.0,92
6.4,71.0,6.7,4.1,2.86,16.1,0.0,94
6.0,70.0,7.1,5.3,2.34,15.9,0.0,95
6.5,69.0,7.4,5.9,2.64,15.6,0.0,95
6.9,69.0,8.0,6.2,2.51,15.5,0.0,96
7.2,70.0,7.9,6.5,2.33,15.4,0.0,96
8.0,69.0,8.1,6.7,1.93,15.2,0.0,95
9.4,65.0,8.6,7.0,1.94,15.1,2.0,95
10.8,62.0,9.2,6.8,2.72,15.9,66.0,96
9.1,64.0,9.6,7.3,3.3,17.4,190.0,90
7.5,69.0,9.1,6.6,2.36,18.1,322.0,83
7.3,72.0,9.3,6.6,2.22,19.1,432.0,74
7.6,74.0,9.1,6.5,2.68,19.8,519.0,69
6.7,76.0,8.1,6.7,2.87,20.1,557.0,67
6.1,78.0,7.5,6.2,3.23,20.3,589.0,66
5.3,85.0,6.4,5.1,5.57,19.9,551.0,74
4.4,86.0,7.3,5.1,3.87,19.9,463.0,79
5.8,91.0,8.1,5.7,3.73,19.2,283.0,80
6.5,88.0,10.7,7.5,3.07,19.2,232.0,80
7.5,88.0,11.2,8.6,3.3,18.6,106.0,84
7.9,91.0,11.2,8.6,3.68,18.3,17.0,87
7.6,89.0,12.2,9.2,3.7,18.1,0.0,88
8.9,90.0,13.2,9.4,4.22,18.3,0.0,85
9.3,83.0,14.0,8.5,4.68,18.2,0.0,82
9.5,77.0,13.2,8.0,4.87,17.6,0.0,86
8.1,77.0,14.1,8.8,4.6,17.1,0.0,91
6.9,78.0,17.4,9.8,4.11,16.9,0.0,93
5.2,78.0,18.1,10.8,4.47,16.9,0.0,96
5.2,77.0,19.7,10.7,3.75,16.8,0.0,97
5.2,76.0,19.2,11.7,3.04,16.9,0.0,96
5.6,75.0,17.4,12.0,3.38,16.9,0.0,95
6.1,74.0,16.9,11.3,4.25,17.1,1.0,93
6.6,71.0,16.6,10.6,5.14,17.6,34.0,91
6.0,70.0,17.1,11.1,4.96,18.0,92.0,89
5.9,70.0,16.6,11.7,4.93,18.2,182.0,87
6.2,69.0,15.6,11.9,5.44,19.0,309.0,79
6.2,70.0,14.6,12.3,5.33,19.5,336.0,79
6.2,72.0,14.4,10.3,6.38,19.1,332.0,78
4.3,76.0,13.0,11.5,3.54,17.7,289.0,89
4.1,79.0,10.9,9.9,5.88,17.1,301.0,87
4.7,75.0,9.2,8.3,4.91,18.2,373.0,85
5.9,78.0,8.4,6.7,6.19,17.1,224.0,86
6.9,77.0,7.6,6.8,3.99,16.7,64.0,89
6.0,83.0,7.7,6.9,3.08,16.8,43.0,90
5.5,78.0,9.9,7.6,3.44,16.5,6.0,93
6.0,75.0,11.7,10.6,2.89,16.1,0.0,93
6.8,76.0,14.3,11.3,2.45,15.9,0.0,93
6.3,70.0,12.4,9.5,2.45,15.6,0.0,94
5.4,67.0,11.1,8.0,2.01,15.1,0.0,95
5.7,62.0,9.7,7.7,2.15,14.8,0.0,96
4.6,64.0,7.5,5.5,2.1,14.7,0.0,95
4.8,65.0,8.2,6.5,1.3,14.9,0.0,96
5.0,64.0,9.2,7.3,1.91,14.6,0.0,96
5.6,62.0,10.3,8.8,2.26,14.1,0.0,94
6.2,64.0,12.0,10.6,2.33,13.9,0.0,94
7.5,63.0,13.0,11.8,2.52,13.8,1.0,94
7.4,71.0,13.1,12.2,3.36,14.8,59.0,92
4.8,75.0,18.6,16.3,3.7,16.2,187.0,87
4.3,81.0,17.5,15.6,4.22,17.1,323.0,78
3.8,83.0,17.2,13.6,4.29,17.9,438.0,70
3.7,89.0,15.4,11.9,4.61,18.6,526.0,67
3.1,93.0,13.5,10.5,5.41,19.0,545.0,66
3.0,85.0,12.2,9.6,5.91,19.3,537.0,63
3.5,81.0,10.0,6.9,5.38,18.0,375.0,77
4.4,73.0,5.5,4.7,6.17,18.5,311.0,71
4.6,72.0,4.6,2.9,6.22,18.0,327.0,72
3.6,72.0,6.9,2.8,4.99,17.3,188.0,71
3.3,69.0,8.9,3.2,4.42,16.6,111.0,74
3.4,65.0,9.0,3.2,4.21,15.4,16.0,77
3.5,61.0,10.1,3.4,3.69,14.4,0.0,80
4.3,61.0,10.0,3.7,3.45,13.8,0.0,82
4.0,60.0,9.5,3.6,3.75,13.6,0.0,82
3.8,61.0,9.9,3.8,4.38,13.9,0.0,78
3.4,63.0,8.9,4.0,4.21,13.6,0.0,79
3.3,62.0,8.0,3.8,4.44,13.4,0.0,83
3.7,55.0,8.0,4.3,4.5,13.2,0.0,85
4.5,58.0,6.3,4.7,4.91,13.1,0.0,89
4.6,56.0,6.6,4.7,5.21,13.1,0.0,88
4.8,57.0,6.1,4.6,5.39,13.0,0.0,87
4.9,56.0,6.7,4.3,5.55,12.6,0.0,88
5.0,56.0,7.4,5.4,5.93,12.8,46.0,87
5.4,55.0,5.7,4.0,5.69,13.6,154.0,84
4.1,53.0,5.2,3.9,6.65,14.6,248.0,76
3.5,52.0,5.8,3.3,5.63,15.6,369.0,70
3.2,51.0,5.0,2.7,6.08,16.5,494.0,63
3.4,52.0,5.3,3.3,6.06,16.4,517.0,66
3.6,53.0,5.3,3.1,6.96,16.9,455.0,59
4.4,53.0,5.3,2.6,6.73,16.1,508.0,61
4.1,56.0,6.8,2.6,6.69,15.9,378.0,62
4.3,59.0,7.1,2.3,6.66,15.4,310.0,65
2.8,62.0,7.1,2.2,5.3,15.2,185.0,71
2.7,64.0,6.2,2.2,4.88,14.6,98.0,70
3.1,62.0,5.9,2.4,4.67,13.6,13.0,76
2.8,62.0,6.6,2.6,4.5,13.0,0.0,79
3.2,62.0,6.9,2.7,4.63,12.4,0.0,82
2.8,62.0,6.9,2.6,4.76,12.4,0.0,82
2.6,64.0,6.2,2.8,4.81,12.0,0.0,85
2.7,64.0,5.2,2.8,4.81,11.8,0.0,87
2.6,65.0,6.9,2.9,4.94,11.5,0.0,90
3.0,56.0,7.2,3.3,5.31,11.7,0.0,83
3.8,53.0,6.7,5.0,4.81,12.1,0.0,87
4.3,56.0,8.0,5.6,4.87,12.5,0.0,88
3.6,57.0,10.3,6.2,5.82,12.9,0.0,84
4.0,57.0,10.4,6.1,5.62,12.8,0.0,85
4.3,56.0,10.1,6.7,5.64,13.2,46.0,84
4.4,54.0,10.0,6.5,5.27,14.4,163.0,78
4.1,58.0,9.5,5.7,6.11,15.1,286.0,74
3.7,64.0,9.0,5.1,5.94,15.9,368.0,70
3.7,69.0,9.3,4.5,5.55,16.5,405.0,69
3.0,71.0,8.6,4.4,6.59,17.4,544.0,64
2.5,77.0,8.5,4.7,7.5,17.0,548.0,64
2.1,78.0,7.7,4.7,3.47,16.7,453.0,70
2.2,78.0,7.0,4.0,3.76,15.4,323.0,77
3.3,75.0,7.1,3.7,5.45,14.8,190.0,74
3.8,72.0,6.0,3.1,4.56,14.6,142.0,79
4.1,68.0,5.4,2.7,4.62,14.4,83.0,82
3.9,65.0,4.9,2.8,4.23,13.9,12.0,83
4.1,63.0,4.4,3.3,3.9,13.6,0.0,85
4.3,62.0,5.0,3.8,4.4,13.5,0.0,85
4.3,62.0,5.3,4.0,4.41,13.3,0.0,90
4.0,64.0,4.9,4.0,4.1,13.2,0.0,90
3.6,64.0,5.7,4.2,4.1,13.2,0.0,92
3.1,68.0,5.6,3.8,3.95,13.1,0.0,89
3.3,65.0,5.6,4.1,3.65,13.6,0.0,86
3.2,65.0,6.3,4.5,3.72,13.6,0.0,87
3.1,65.0,6.9,5.0,3.7,13.7,0.0,85
3.4,62.0,7.0,5.1,3.59,13.2,0.0,85
3.6,60.0,6.4,5.1,3.67,12.6,0.0,87
4.4,57.0,6.5,5.0,3.62,12.6,31.0,89
4.1,57.0,6.0,4.6,3.23,13.3,147.0,88
3.9,57.0,6.0,4.3,3.76,14.4,265.0,82
3.5,59.0,6.8,4.4,3.5,15.2,325.0,77
3.1,61.0,7.3,4.4,3.37,15.9,419.0,71
2.9,65.0,7.4,4.7,4.04,16.6,534.0,67
2.7,69.0,6.5,4.9,3.76,17.1,553.0,67
2.8,72.0,6.5,4.7,3.09,16.7,416.0,63
3.1,69.0,6.1,3.5,2.84,16.6,275.0,61
2.9,70.0,5.0,3.2,3.23,16.1,255.0,64
2.8,70.0,3.6,2.3,2.88,15.8,196.0,66
3.4,68.0,4.4,2.6,2.02,14.9,93.0,73
3.6,62.0,5.2,3.3,2.16,13.5,10.0,80
4.5,57.0,5.9,3.5,2.56,12.8,0.0,82
4.3,55.0,6.0,3.9,3.41,12.1,0.0,84
4.0,55.0,7.0,4.1,3.01,11.6,0.0,86
3.7,55.0,7.4,3.7,3.04,11.4,0.0,89
3.8,57.0,6.9,3.4,3.58,11.9,0.0,89
2.8,62.0,6.5,2.8,3.57,12.4,0.0,88
2.9,64.0,6.8,3.1,3.88,12.8,0.0,91
3.0,61.0,8.9,4.1,4.47,13.4,0.0,88
3.9,64.0,11.8,6.4,5.81,14.1,0.0,85
3.4,64.0,9.6,7.5,8.3,15.1,0.0,78
3.0,69.0,9.3,5.0,7.95,14.6,0.0,75
2.9,71.0,7.2,3.9,8.42,13.9,10.0,86
3.4,67.0,5.6,3.2,9.09,14.2,34.0,85
3.7,57.0,6.0,3.1,9.0,14.4,62.0,88
5.2,55.0,5.9,3.3,7.42,15.6,182.0,86
4.2,53.0,7.5,3.4,7.05,16.4,277.0,86
3.0,59.0,8.2,3.6,7.96,16.5,406.0,75
2.1,65.0,7.4,3.3,8.24,17.0,480.0,74
2.0,70.0,6.5,3.0,7.78,15.6,357.0,77
2.3,71.0,6.8,2.9,7.06,16.1,326.0,76
2.0,73.0,6.8,3.0,5.91,15.9,248.0,78
2.2,76.0,7.2,3.0,7.41,15.1,144.0,81
2.2,77.0,7.2,3.0,7.32,14.5,75.0,84
2.2,77.0,6.7,3.0,6.82,13.7,7.0,86
2.1,77.0,6.1,2.9,6.98,13.2,0.0,88
2.2,76.0,6.1,2.8,7.24,13.2,0.0,87
2.2,76.0,6.3,2.6,7.57,12.9,0.0,87
2.1,76.0,6.3,2.7,7.63,12.7,0.0,87
2.0,75.0,6.7,2.8,7.38,12.7,0.0,88
1.9,68.0,6.1,2.5,7.4,12.9,0.0,88
1.9,67.0,5.7,2.5,6.98,13.0,0.0,90
2.0,65.0,5.2,2.3,6.18,12.9,0.0,91
2.1,63.0,5.2,2.4,6.2,12.8,0.0,91
2.2,61.0,5.3,2.4,5.27,12.1,0.0,94
3.0,59.0,5.9,2.5,5.47,11.9,0.0,94
3.5,53.0,6.5,2.5,5.95,12.4,40.0,91
3.2,56.0,7.2,3.0,5.56,12.8,113.0,89
2.1,61.0,8.3,2.8,8.5,13.9,93.0,87
1.8,58.0,7.7,3.1,9.16,14.6,183.0,88
1.9,61.0,5.0,2.3,8.61,15.6,340.0,79
1.9,64.0,4.6,2.2,8.6,16.2,314.0,68
1.6,68.0,6.2,2.6,7.88,17.1,486.0,60
1.3,75.0,6.7,2.6,8.47,16.9,512.0,61
1.5,72.0,7.8,2.4,7.75,16.8,416.0,60
1.6,73.0,8.1,2.9,7.9,16.2,324.0,63
1.9,72.0,8.7,2.9,7.25,15.6,203.0,66
1.9,71.0,9.2,3.0,6.56,14.6,75.0,73
2.3,71.0,10.3,3.1,6.32,13.8,7.0,77
2.1,68.0,9.6,3.1,6.14,13.4,0.0,78
2.0,68.0,8.5,3.0,6.52,13.1,0.0,76
1.9,68.0,8.2,3.1,6.39,12.8,0.0,75
1.8,68.0,7.9,2.9,6.74,12.6,0.0,78
1.7,67.0,7.2,2.8,7.26,12.4,0.0,81
1.6,65.0,8.6,2.9,6.82,12.4,0.0,84
1.6,63.0,8.5,2.9,6.63,12.4,0.0,86
1.5,62.0,8.3,3.1,6.2,12.4,0.0,86
1.5,62.0,8.4,3.3,6.07,12.5,0.0,86
1.7,63.0,8.1,2.9,5.8,12.2,0.0,84
2.2,66.0,8.4,2.9,5.96,12.2,0.0,82
2.6,64.0,10.3,3.3,6.32,12.9,35.0,79
2.7,63.0,9.4,3.4,6.15,13.9,113.0,75
2.1,64.0,8.8,3.1,5.98,14.8,242.0,74
1.7,66.0,8.2,3.1,8.26,15.9,318.0,68
1.6,65.0,7.9,3.2,7.65,16.4,392.0,65
1.4,65.0,8.2,3.3,7.62,16.6,390.0,67
1.5,65.0,8.0,3.4,7.35,17.4,485.0,66
1.6,65.0,7.7,3.4,6.76,17.1,402.0,61
1.7,66.0,7.7,3.3,7.06,17.0,413.0,62
2.0,69.0,7.9,3.1,6.21,16.6,296.0,64
2.5,70.0,7.7,3.0,5.67,16.1,201.0,66
2.9,69.0,7.6,3.0,4.76,15.1,80.0,72
3.0,68.0,7.0,2.8,4.22,14.1,6.0,77
3.5,63.0,6.9,2.7,3.57,13.2,0.0,81
3.8,59.0,6.5,2.9,3.5,12.6,0.0,85
3.9,56.0,6.7,3.2,3.35,12.5,0.0,86
4.4,62.0,6.9,3.8,3.64,13.3,0.0,84
4.2,63.0,7.2,3.5,4.21,13.6,0.0,87
6.1,51.0,7.5,3.6,5.41,14.1,0.0,91
6.0,49.0,7.7,4.7,5.68,14.1,0.0,91
6.6,49.0,6.1,4.6,4.73,14.3,0.0,93
6.8,47.0,5.9,3.9,4.53,14.7,0.0,94
4.6,53.0,6.3,3.5,4.96,15.0,0.0,93
4.6,54.0,7.0,3.8,5.04,15.2,0.0,95
4.9,49.0,8.2,4.5,4.83,15.8,18.0,95
4.7,51.0,9.8,4.5,5.08,16.5,69.0,92
3.6,54.0,9.7,4.3,5.53,17.3,175.0,86
2.9,58.0,10.1,4.5,6.18,18.2,315.0,79
2.3,59.0,10.1,4.4,7.05,18.8,393.0,73
1.8,64.0,10.9,4.2,7.04,19.4,441.0,67
1.6,71.0,12.1,4.1,7.26,19.7,507.0,61
1.7,75.0,11.7,4.2,7.83,19.2,478.0,62
1.8,77.0,12.1,4.3,7.7,19.0,432.0,61
2.1,77.0,13.0,4.3,7.22,18.6,327.0,61
2.4,77.0,13.3,4.9,6.53,18.0,211.0,64
2.9,76.0,13.5,5.0,6.09,16.8,81.0,70
2.8,72.0,13.3,5.1,5.82,15.8,5.0,77
3.0,74.0,13.2,4.9,6.17,15.1,0.0,83
2.9,73.0,11.2,4.0,6.12,14.6,0.0,87
2.9,70.0,10.5,3.7,6.11,14.4,0.0,86
2.7,69.0,9.5,3.7,5.25,14.2,0.0,85
2.8,70.0,11.6,3.6,4.79,14.1,0.0,86
2.7,71.0,11.5,4.1,5.49,14.4,0.0,90
2.7,69.0,8.4,3.8,4.67,14.4,0.0,91
2.7,65.0,7.7,3.6,4.47,14.6,0.0,91
2.9,61.0,6.8,3.5,4.51,15.0,0.0,92
3.1,55.0,6.3,3.2,4.4,15.3,0.0,93
4.3,49.0,6.4,3.1,4.45,15.9,0.0,93
4.9,44.0,8.1,3.4,4.36,16.6,12.0,92
5.2,44.0,8.8,4.1,4.47,17.2,42.0,92
3.6,43.0,7.9,4.2,4.81,18.4,140.0,88
4.0,46.0,7.5,4.5,6.75,19.9,304.0,76
3.2,52.0,8.0,4.5,7.08,20.9,387.0,70
2.8,54.0,8.1,4.2,7.02,21.3,402.0,69
2.6,59.0,8.3,4.3,6.42,21.0,284.0,70
3.2,61.0,8.6,4.2,6.99,21.0,298.0,68
3.5,60.0,8.1,4.2,6.44,20.6,231.0,71
3.6,58.0,8.6,4.2,6.65,20.1,192.0,74
3.6,60.0,7.7,4.4,5.31,19.5,133.0,79
4.1,56.0,9.7,4.6,5.3,18.4,60.0,82
5.0,54.0,9.2,4.8,4.95,17.2,3.0,87
4.9,53.0,9.7,4.8,5.01,16.6,0.0,90
4.5,56.0,9.4,4.7,4.83,16.2,0.0,91
3.6,61.0,9.7,4.9,4.63,15.8,0.0,92
4.8,58.0,12.7,8.0,4.44,15.6,0.0,92
6.8,52.0,13.9,9.6,4.23,15.6,0.0,94
5.1,57.0,16.5,12.9,4.41,15.6,0.0,93
6.0,61.0,15.7,13.4,4.07,15.5,0.0,93
5.9,62.0,15.7,13.3,3.8,15.4,0.0,93
6.1,59.0,16.2,14.1,3.32,15.2,0.0,93
6.8,53.0,17.8,15.3,2.78,14.6,0.0,95
8.0,51.0,19.5,16.6,2.73,14.2,0.0,95
9.2,47.0,21.9,17.7,3.15,14.6,30.0,96
8.7,53.0,22.3,19.4,3.45,15.9,127.0,93
7.5,54.0,22.0,19.0,3.54,17.5,246.0,87
7.0,61.0,20.9,18.2,4.35,18.0,183.0,85
7.1,68.0,19.2,17.0,3.81,19.1,207.0,81
6.5,75.0,18.0,14.5,5.04,20.9,532.0,73
4.0,88.0,18.8,11.5,5.09,22.0,536.0,70
3.0,95.0,16.2,9.9,5.86,23.3,488.0,65
3.1,97.0,13.5,8.0,6.47,23.0,418.0,64
3.4,97.0,14.0,8.1,6.77,21.9,197.0,65
4.5,97.0,14.9,8.3,6.81,20.4,104.0,69
5.4,94.0,15.0,8.8,5.86,18.5,16.0,77
6.6,93.0,15.3,9.4,4.38,17.0,0.0,88
7.3,85.0,13.3,8.1,5.32,16.2,0.0,89
7.0,79.0,12.9,7.6,4.94,15.7,0.0,90
5.8,83.0,8.6,7.3,5.21,15.6,0.0,90
5.7,83.0,7.9,6.2,5.06,15.4,0.0,92
5.3,86.0,8.4,5.6,4.74,15.4,0.0,92
4.7,79.0,9.2,7.1,4.44,15.2,0.0,92
4.6,74.0,10.9,8.1,4.58,15.4,0.0,94
4.6,71.0,12.1,8.1,5.25,15.9,0.0,95
4.9,72.0,12.7,8.5,6.08,16.5,0.0,95
4.5,71.0,12.8,8.6,6.32,17.0,0.0,95
4.0,69.0,9.7,7.5,6.96,17.4,0.0,92
3.8,65.0,10.4,6.9,7.57,17.7,11.0,86
3.5,64.0,8.7,5.3,7.95,17.7,86.0,81
3.8,61.0,8.2,4.0,7.84,17.7,219.0,73
3.1,62.0,9.4,3.0,9.25,18.0,335.0,67
3.1,65.0,9.5,2.9,9.66,18.1,332.0,66
3.4,66.0,8.4,2.9,8.8,17.4,277.0,71
3.0,67.0,6.7,2.4,6.8,16.2,220.0,75
2.4,67.0,7.1,2.6,6.91,14.3,150.0,71
1.9,66.0,5.4,1.8,6.22,13.4,100.0,69
1.6,66.0,5.7,1.7,7.64,13.6,98.0,57
1.4,69.0,6.6,2.2,6.69,13.3,136.0,55
1.5,69.0,7.3,2.3,6.27,12.4,49.0,59
1.8,67.0,7.5,2.4,6.11,11.2,2.0,65
1.8,65.0,7.8,2.3,5.8,10.8,0.0,67
1.9,63.0,8.0,2.2,6.1,10.7,0.0,67
1.8,59.0,8.6,2.5,6.45,10.9,0.0,65
1.5,58.0,10.2,2.7,6.76,11.0,0.0,67
1.4,57.0,9.2,2.8,7.23,11.1,0.0,67
1.2,58.0,10.7,3.0,7.21,10.8,0.0,70
1.2,59.0,10.1,3.0,7.56,9.9,0.0,74
1.3,61.0,10.6,3.1,7.13,9.8,0.0,74
1.4,64.0,10.6,3.0,7.02,9.6,0.0,73
1.6,64.0,10.5,3.0,6.66,9.3,0.0,73
2.1,62.0,10.9,3.0,6.19,9.0,0.0,74
2.7,60.0,11.6,3.2,5.86,9.1,28.0,73
2.4,61.0,11.9,3.0,5.63,10.1,140.0,67
1.8,63.0,11.0,2.6,6.68,11.2,275.0,62
1.3,65.0,10.0,2.6,7.33,12.1,384.0,57
1.0,69.0,9.9,2.8,8.07,12.8,451.0,51
1.0,71.0,9.8,2.6,8.37,13.3,488.0,47
1.0,74.0,9.9,2.5,7.98,13.2,419.0,50
1.1,79.0,9.6,2.6,7.32,12.7,316.0,56
1.4,80.0,8.7,2.7,6.46,13.0,337.0,56
1.5,77.0,8.1,2.6,6.42,12.6,272.0,58
1.6,72.0,7.7,2.5,4.89,11.7,136.0,66
2.0,72.0,7.3,2.4,4.01,10.8,35.0,75
2.2,70.0,6.8,2.3,4.36,10.2,1.0,76
2.3,67.0,7.1,2.4,4.22,9.9,0.0,81
2.4,64.0,7.3,2.3,4.31,9.4,0.0,84
2.5,63.0,7.2,2.5,4.46,9.4,0.0,84
2.4,63.0,7.4,2.3,4.3,9.1,0.0,86
2.4,62.0,7.0,2.6,4.14,8.6,0.0,88
2.3,59.0,7.3,2.2,4.32,8.4,0.0,88
2.5,58.0,6.1,2.1,4.44,7.2,0.0,88
2.6,55.0,5.5,2.0,4.12,7.1,0.0,89
3.0,54.0,5.0,2.1,3.76,6.8,0.0,90
3.5,52.0,4.3,2.4,3.49,6.6,0.0,90
5.7,49.0,4.4,2.6,3.6,6.3,0.0,91
7.8,46.0,4.8,3.1,3.8,6.8,25.0,89
6.4,48.0,5.1,2.6,4.07,8.4,138.0,86
5.1,49.0,4.9,2.1,3.29,10.6,274.0,77
3.3,52.0,4.0,2.1,3.68,12.5,395.0,66
2.5,57.0,3.6,1.8,3.55,13.6,486.0,56
2.0,62.0,3.2,1.6,2.95,14.3,538.0,51
1.9,64.0,2.9,1.5,2.67,14.9,533.0,47
2.0,67.0,2.9,1.4,1.63,15.1,482.0,44
2.2,69.0,3.2,1.4,1.8,15.2,404.0,41
2.5,72.0,3.0,1.5,2.48,14.9,258.0,42
2.9,70.0,2.9,1.5,3.56,13.8,148.0,53
3.7,69.0,3.1,1.6,3.77,12.1,57.0,63
4.8,65.0,3.3,1.8,3.23,11.1,1.0,70
5.2,57.0,3.5,1.9,2.8,10.4,0.0,74
5.6,51.0,3.4,2.1,2.21,9.8,0.0,75
6.2,46.0,3.5,1.9,1.84,9.2,0.0,77
6.7,45.0,3.3,1.8,1.92,8.6,0.0,78
6.8,42.0,3.3,1.7,2.32,7.7,0.0,80
6.7,45.0,3.6,2.1,2.46,7.0,0.0,82
6.1,46.0,3.7,2.2,2.64,5.7,0.0,85
6.1,46.0,3.9,2.3,2.33,5.8,0.0,85
6.1,45.0,4.3,2.5,2.3,6.0,0.0,85
6.6,44.0,4.4,2.8,2.19,6.1,0.0,85
7.9,42.0,4.4,3.2,2.12,6.2,0.0,86
10.6,37.0,5.1,3.8,2.45,6.8,23.0,86
8.0,43.0,4.7,3.2,2.28,8.9,127.0,83
5.8,49.0,4.0,2.0,1.85,11.0,244.0,78
3.8,54.0,3.0,1.5,2.38,12.6,382.0,65
2.4,61.0,2.1,1.1,2.78,13.4,474.0,57
1.8,64.0,1.9,1.1,2.7,13.9,523.0,56
1.8,65.0,2.0,1.2,2.61,14.1,532.0,56
2.2,65.0,2.3,1.3,2.87,14.3,496.0,51
2.6,65.0,2.4,1.4,2.79,14.1,419.0,53
3.0,65.0,2.5,1.4,2.52,13.6,309.0,57
3.5,64.0,2.5,1.4,2.25,13.0,176.0,61
4.8,64.0,2.6,1.4,2.55,11.8,53.0,69
4.7,64.0,2.8,1.5,3.03,10.9,0.0,70
4.6,59.0,2.8,1.5,2.84,10.3,0.0,71
4.4,58.0,2.6,1.6,2.9,9.9,0.0,73
4.6,59.0,3.0,1.5,2.83,9.6,0.0,72
4.2,60.0,2.7,1.4,2.66,9.6,0.0,74
4.6,59.0,2.9,1.4,2.62,9.7,0.0,77
5.6,53.0,3.1,1.4,2.48,9.9,0.0,79
5.7,51.0,3.1,1.4,2.69,8.9,0.0,83
5.8,49.0,3.9,1.5,2.65,9.1,0.0,86
6.0,48.0,4.1,1.7,2.58,9.2,0.0,87
6.0,49.0,4.0,1.7,2.15,9.2,0.0,87
7.0,50.0,3.3,1.7,1.64,8.9,0.0,85
8.7,49.0,3.2,1.8,1.41,9.2,20.0,84
8.8,52.0,2.9,1.5,1.65,11.1,126.0,77
5.7,55.0,2.7,1.4,1.25,12.7,257.0,66
4.3,62.0,2.5,1.4,1.64,13.6,375.0,57
3.4,65.0,2.6,1.5,2.11,14.2,465.0,53
2.9,67.0,2.7,1.6,2.83,14.6,517.0,50
2.5,68.0,2.7,1.7,3.35,14.9,525.0,48
2.4,69.0,2.6,1.6,4.08,14.9,490.0,46
2.2,70.0,2.6,1.7,4.37,14.9,414.0,46
2.1,70.0,2.5,1.6,4.79,14.4,302.0,47
2.4,71.0,2.8,1.6,4.44,13.6,173.0,55
3.0,69.0,3.0,1.7,4.02,12.6,50.0,64
3.2,68.0,3.2,1.8,3.77,11.9,0.0,72
3.8,64.0,3.6,1.7,4.32,12.4,0.0,70
4.0,67.0,3.1,1.4,3.8,12.4,0.0,72
4.0,69.0,3.1,1.4,4.01,12.3,0.0,75
3.7,71.0,3.0,1.3,4.5,12.5,0.0,72
3.6,71.0,2.9,1.2,4.25,12.4,0.0,74
3.7,71.0,3.5,1.5,4.25,12.2,0.0,77
3.7,68.0,3.4,1.4,4.82,11.6,0.0,85
3.7,67.0,3.4,1.5,4.93,11.8,0.0,86
3.4,68.0,3.5,1.5,4.87,11.8,0.0,86
3.4,68.0,3.6,1.5,4.96,11.8,0.0,86
3.6,67.0,3.3,1.5,5.14,11.8,0.0,86
4.0,66.0,3.3,1.4,5.23,12.1,18.0,82
3.6,66.0,3.4,1.4,5.78,12.9,120.0,77
3.1,67.0,3.5,1.6,6.73,13.5,249.0,72
3.2,65.0,4.2,2.1,6.91,13.9,367.0,68
3.5,64.0,4.5,2.3,6.59,14.1,450.0,67
3.6,64.0,4.7,2.5,6.94,14.4,507.0,65
3.2,73.0,4.5,2.6,6.6,14.9,474.0,62
2.8,78.0,4.4,2.4,6.64,15.1,454.0,57
2.5,78.0,4.4,2.7,6.5,15.1,393.0,55
2.7,78.0,4.4,2.7,6.38,14.9,287.0,56
3.2,78.0,4.4,2.4,5.8,14.5,165.0,59
4.0,78.0,4.5,2.0,6.13,13.9,45.0,62
4.5,76.0,4.7,2.3,6.58,13.6,0.0,64
4.4,74.0,4.9,2.4,6.94,13.4,0.0,64
3.8,72.0,5.1,2.7,7.31,13.2,0.0,65
3.7,73.0,5.2,2.5,6.95,13.2,0.0,69
3.7,71.0,5.2,2.5,6.06,12.8,0.0,75
4.2,71.0,5.4,2.6,5.84,12.6,0.0,77
4.4,71.0,5.5,2.8,5.5,12.6,0.0,79
4.2,71.0,5.3,3.1,5.47,12.1,0.0,84
3.9,70.0,5.1,3.3,5.72,12.1,0.0,85
3.9,69.0,5.4,3.3,6.01,12.1,0.0,84
3.6,69.0,5.1,3.3,6.47,12.1,0.0,83
3.6,68.0,5.0,3.3,6.36,12.1,0.0,81
4.3,66.0,5.3,3.5,5.98,12.1,17.0,80
4.2,66.0,5.5,3.4,6.12,12.8,120.0,77
3.9,66.0,6.1,3.4,6.42,13.2,252.0,74
3.6,67.0,6.4,3.4,6.42,13.8,370.0,72
3.4,68.0,6.2,3.5,6.37,14.4,458.0,68
3.2,71.0,6.2,3.6,6.51,14.8,508.0,67
2.7,77.0,6.2,3.7,6.45,15.2,504.0,66
2.5,85.0,6.4,3.8,6.89,15.8,476.0,56
2.5,86.0,6.0,3.8,6.76,15.8,401.0,52
3.0,85.0,5.7,3.6,6.48,15.5,292.0,53
3.7,84.0,5.3,3.4,5.75,14.9,163.0,59
4.5,82.0,5.3,3.3,5.22,14.0,42.0,64
4.9,80.0,5.3,3.3,5.18,13.6,0.0,66
4.8,77.0,5.1,3.2,5.28,13.1,0.0,67
4.8,75.0,5.4,3.3,5.12,12.7,0.0,73
4.9,73.0,5.8,3.6,4.87,12.4,0.0,80
4.7,70.0,6.4,3.7,4.43,12.1,0.0,86
5.1,70.0,6.6,4.0,4.03,11.9,0.0,89
5.3,69.0,6.9,4.6,4.01,11.9,0.0,90
5.8,69.0,7.9,4.8,4.07,11.7,0.0,91
6.1,67.0,7.8,4.8,4.18,11.7,0.0,92
5.8,65.0,7.6,4.8,4.16,11.7,0.0,93
5.5,62.0,8.0,5.3,4.03,11.6,0.0,94
5.7,60.0,8.8,5.5,4.27,11.6,0.0,94
6.2,58.0,8.8,5.2,4.37,11.9,15.0,94
5.9,58.0,8.4,5.1,4.55,12.7,114.0,91
5.6,60.0,8.2,4.9,4.98,13.4,244.0,84
5.3,63.0,8.1,5.1,4.69,14.1,339.0,79
5.0,65.0,7.9,5.5,4.35,14.6,442.0,75
5.2,66.0,8.0,5.7,4.4,14.9,499.0,74
4.8,68.0,8.0,5.9,4.15,15.2,500.0,73
4.8,71.0,8.8,5.7,3.97,16.0,457.0,67
4.7,74.0,8.5,5.6,3.64,16.1,374.0,67
4.6,74.0,8.2,4.7,3.65,15.8,263.0,70
5.0,75.0,7.0,4.4,4.18,15.2,130.0,73
6.7,71.0,5.6,3.9,4.59,14.6,31.0,76
9.0,69.0,4.9,3.1,4.68,14.4,0.0,73
6.3,72.0,5.1,2.8,4.12,14.0,0.0,75
5.6,70.0,5.3,2.9,4.41,13.8,0.0,80
6.5,67.0,5.8,3.3,4.85,13.4,0.0,83
6.1,67.0,6.3,3.2,4.44,13.1,0.0,85
5.8,66.0,6.3,3.2,4.91,13.0,0.0,86
5.1,66.0,6.2,3.0,4.77,13.0,0.0,85
5.2,62.0,5.6,3.0,4.25,12.4,0.0,89
4.8,65.0,4.8,2.6,4.46,12.4,0.0,90
4.7,64.0,4.7,2.5,4.88,12.6,0.0,86
4.9,60.0,5.0,2.4,4.9,12.6,0.0,87
5.4,58.0,5.0,2.6,4.62,12.4,0.0,91
5.9,57.0,5.1,2.9,4.39,12.6,10.0,91
5.4,60.0,5.3,2.9,4.89,13.4,75.0,87
5.3,60.0,5.4,2.7,5.59,13.9,156.0,73
5.2,61.0,5.5,2.7,5.71,14.0,284.0,82
5.4,60.0,5.5,2.8,5.68,14.6,359.0,76
5.9,58.0,5.9,2.9,5.33,14.9,398.0,72
6.9,58.0,5.1,2.9,4.84,14.6,372.0,71
6.2,59.0,4.5,2.7,4.63,13.6,134.0,77
5.6,59.0,4.9,2.9,4.41,13.9,123.0,73
4.6,60.0,5.7,3.2,4.47,13.6,76.0,73
4.0,64.0,5.6,2.6,4.22,13.5,40.0,70
4.0,63.0,4.6,2.5,4.39,13.2,16.0,68
4.4,61.0,4.3,2.8,4.79,12.9,0.0,66
4.3,62.0,4.9,2.7,5.06,12.5,0.0,69
4.1,60.0,5.0,2.9,5.54,12.1,0.0,70
3.5,58.0,5.1,3.4,5.71,11.5,0.0,74
3.7,58.0,5.6,2.8,5.28,11.6,0.0,78
3.9,62.0,5.1,2.7,5.28,11.3,0.0,80
3.4,63.0,4.5,2.4,5.18,11.1,0.0,80
3.7,58.0,4.7,2.7,4.49,10.9,0.0,78
4.0,56.0,4.7,2.7,4.45,10.6,0.0,80
4.1,57.0,4.5,2.8,4.18,10.6,0.0,81
4.2,61.0,4.5,2.7,4.0,10.4,0.0,81
4.4,61.0,4.4,2.7,4.15,10.4,0.0,80
4.6,58.0,4.4,2.8,4.41,10.6,11.0,79
3.4,61.0,4.5,2.8,4.8,11.6,104.0,74
3.0,62.0,4.8,2.8,5.44,12.3,226.0,68
2.9,61.0,5.3,3.1,5.46,12.6,311.0,65
2.9,60.0,5.7,3.7,5.23,12.9,341.0,66
3.7,58.0,6.0,4.3,4.83,13.1,401.0,65
4.6,58.0,6.6,4.5,4.54,13.5,419.0,62
4.5,59.0,6.5,4.8,4.14,13.6,393.0,60
4.8,64.0,6.2,4.7,3.96,13.8,345.0,58
4.6,65.0,5.6,4.0,3.93,13.4,237.0,58
4.9,67.0,4.8,3.5,3.4,12.9,111.0,62
5.0,69.0,4.7,3.1,2.96,11.9,26.0,68
5.2,66.0,4.9,3.1,3.18,11.5,0.0,69
5.6,63.0,5.6,3.2,3.3,11.3,0.0,70
5.5,63.0,5.3,3.3,3.51,11.1,0.0,72
4.6,63.0,4.8,3.4,3.43,10.9,0.0,75
4.1,63.0,4.7,3.4,3.2,10.4,0.0,77
4.1,62.0,4.6,3.3,2.74,10.1,0.0,78
4.2,64.0,4.3,3.4,2.66,9.5,0.0,79
4.4,64.0,4.1,3.5,2.75,9.1,0.0,81
5.2,62.0,4.8,3.8,2.99,9.1,0.0,82
6.4,56.0,5.4,4.0,2.8,9.1,0.0,84
6.5,51.0,5.9,4.6,2.66,9.1,0.0,86
6.7,48.0,5.6,4.3,2.44,9.1,0.0,87
7.6,45.0,5.8,4.3,2.09,8.9,9.0,88
6.3,43.0,5.5,4.5,2.38,10.1,88.0,87
4.9,46.0,5.2,4.2,2.59,11.2,200.0,77
4.4,48.0,5.0,4.1,3.31,11.9,292.0,73
4.0,49.0,5.0,4.0,3.63,12.2,345.0,70
3.8,51.0,5.1,3.9,3.58,12.9,430.0,66
3.8,53.0,5.0,3.9,3.5,13.1,462.0,62
4.0,54.0,5.1,4.1,3.82,13.2,437.0,58
4.4,55.0,5.4,4.3,3.91,13.1,356.0,56
4.8,56.0,5.6,4.7,3.6,12.8,242.0,58
5.2,58.0,6.0,4.9,2.75,12.2,121.0,61
6.8,59.0,6.2,4.9,2.55,11.1,25.0,67
6.7,61.0,6.3,4.9,2.9,10.9,0.0,67
6.0,63.0,6.2,4.8,2.67,10.1,0.0,72
6.0,59.0,6.2,5.2,2.6,9.4,0.0,77
6.3,58.0,6.6,5.9,2.75,9.2,0.0,78
6.1,57.0,7.5,6.9,2.55,9.1,0.0,76
5.3,58.0,7.5,6.6,2.46,8.9,0.0,76
5.7,58.0,7.6,6.3,1.95,8.0,0.0,78
5.4,60.0,6.9,5.8,2.25,8.0,0.0,80
4.8,63.0,6.5,5.7,2.25,8.2,0.0,82
4.5,61.0,7.0,5.8,2.35,8.6,0.0,83
4.8,57.0,7.7,6.2,2.85,8.9,0.0,83
7.0,53.0,9.1,7.8,3.06,9.1,0.0,83
9.6,50.0,10.9,9.8,2.92,9.5,7.0,81
8.4,50.0,11.8,10.6,3.13,10.4,80.0,77
4.2,58.0,12.0,10.5,4.01,11.9,204.0,65
3.5,62.0,11.6,10.0,4.92,12.5,313.0,61
3.0,65.0,11.2,9.5,5.02,12.7,357.0,60
3.0,68.0,11.7,9.9,5.05,13.1,456.0,59
3.2,71.0,11.1,9.2,5.0,13.1,449.0,61
3.3,72.0,10.4,8.5,5.05,13.1,333.0,59
2.9,78.0,9.8,7.7,4.94,13.1,288.0,59
2.8,79.0,9.6,7.4,4.9,13.2,248.0,57
3.6,78.0,9.5,7.3,3.96,12.7,119.0,60
4.6,75.0,9.5,7.5,3.44,11.5,21.0,67
5.3,72.0,9.0,7.2,3.7,10.5,0.0,73
5.3,72.0,8.8,7.1,4.0,10.1,0.0,74
4.7,74.0,9.2,7.1,4.57,10.2,0.0,73
3.7,77.0,8.8,7.0,4.83,10.2,0.0,75
2.9,77.0,9.0,7.1,4.78,10.2,0.0,75
2.6,74.0,10.4,8.4,5.3,10.3,0.0,75
2.6,75.0,10.9,7.3,5.64,10.4,0.0,78
3.1,71.0,10.6,8.5,5.43,10.2,0.0,83
3.3,67.0,10.7,7.4,5.54,10.3,0.0,84
3.2,66.0,11.5,7.0,5.73,10.4,0.0,81
3.1,66.0,11.3,7.2,5.55,10.3,0.0,82
3.3,65.0,12.5,7.5,5.57,10.2,0.0,81
3.2,64.0,13.0,8.2,5.79,10.7,7.0,78
3.2,68.0,12.9,8.7,6.41,11.6,93.0,72
2.6,70.0,12.9,8.5,6.64,12.4,220.0,66
2.5,73.0,13.0,8.4,7.5,13.0,321.0,61
2.5,74.0,13.1,8.3,7.96,13.4,403.0,57
2.2,75.0,13.2,8.1,8.33,13.6,450.0,60
1.9,77.0,12.5,7.9,8.35,14.4,469.0,52
2.2,81.0,13.0,7.4,8.74,14.4,390.0,50
2.3,82.0,12.5,7.1,8.44,14.3,358.0,50
2.5,82.0,13.0,7.1,8.04,13.8,232.0,51
2.6,82.0,12.0,7.2,7.85,13.1,89.0,56
2.8,82.0,11.3,6.5,8.42,12.5,15.0,61
2.7,81.0,11.3,6.2,9.03,12.6,0.0,66
2.5,80.0,12.0,6.3,9.42,12.6,0.0,65
2.6,80.0,12.4,6.9,10.23,12.5,0.0,70
2.9,79.0,11.1,8.0,10.87,12.4,0.0,71
2.9,77.0,11.8,8.3,11.05,12.2,0.0,71
2.8,77.0,11.1,8.8,11.33,12.1,0.0,70
2.4,75.0,12.6,9.5,11.79,11.8,0.0,75
2.4,75.0,11.8,7.2,12.68,11.1,0.0,83
2.3,73.0,10.7,6.3,13.36,10.6,0.0,86
2.1,76.0,9.1,6.3,13.84,10.6,0.0,83
2.2,77.0,7.6,4.5,13.54,9.9,0.0,92
2.5,75.0,6.1,3.4,13.16,9.9,0.0,93
2.1,73.0,6.2,3.0,11.08,10.2,0.0,90
2.3,70.0,4.1,2.5,9.58,10.3,3.0,94
2.8,68.0,3.0,2.1,7.29,10.6,8.0,95
3.5,63.0,2.9,1.5,6.1,10.9,31.0,96
4.2,57.0,3.2,1.7,6.25,11.8,56.0,94
4.3,54.0,3.7,2.0,6.17,11.7,89.0,91
2.8,56.0,3.3,2.0,5.88,12.4,116.0,86
2.4,60.0,6.4,2.4,5.69,11.4,125.0,92
2.1,68.0,6.8,2.6,4.65,11.2,51.0,92
2.1,69.0,7.3,2.8,5.3,11.7,156.0,88
2.2,66.0,8.3,2.6,5.98,11.0,85.0,85
2.2,64.0,8.5,2.8,5.55,10.1,14.0,85
2.4,64.0,9.1,2.9,5.45,9.4,0.0,87
2.8,64.0,9.4,2.6,5.44,9.2,0.0,87
2.5,63.0,7.4,2.6,5.2,8.9,0.0,88
2.2,62.0,5.9,2.4,4.97,8.8,0.0,91
2.1,59.0,6.8,2.5,4.85,8.9,0.0,91
1.9,58.0,5.3,2.3,4.92,9.4,0.0,90
1.5,57.0,4.7,2.1,5.34,9.8,0.0,90
1.7,60.0,4.7,2.1,5.8,9.8,0.0,90
1.5,60.0,5.4,2.3,6.25,9.8,0.0,89
1.4,60.0,5.8,2.3,6.22,9.8,0.0,90
1.4,60.0,6.5,2.4,6.34,9.8,0.0,91
1.6,63.0,7.3,2.7,6.32,9.6,0.0,93
1.6,66.0,7.7,2.7,6.23,9.9,4.0,91
1.7,66.0,7.6,2.6,6.12,10.6,58.0,89
1.7,67.0,7.3,2.8,5.73,11.4,165.0,86
1.5,68.0,7.0,2.9,7.3,12.1,244.0,81
1.4,66.0,7.4,2.4,8.96,12.6,277.0,76
1.4,65.0,7.7,2.3,8.16,12.6,235.0,81
1.4,65.0,8.7,2.5,8.72,12.8,312.0,83
1.5,64.0,8.6,2.3,8.48,12.9,224.0,83
1.5,64.0,9.1,2.8,7.94,12.1,132.0,85
1.6,61.0,9.4,2.8,9.03,11.9,99.0,86
1.8,60.0,7.6,2.8,7.12,11.8,21.0,88
1.9,59.0,9.1,2.6,8.99,12.0,7.0,82
2.1,57.0,5.8,2.5,9.31,12.1,0.0,88
2.1,56.0,5.3,2.5,8.92,12.4,0.0,87
2.2,55.0,5.0,2.3,9.77,12.8,0.0,83
2.4,54.0,6.3,2.3,9.71,13.1,0.0,78
2.3,55.0,6.8,2.2,9.72,12.7,0.0,78
2.0,55.0,6.4,2.1,9.42,12.1,0.0,81
2.1,54.0,6.1,2.0,8.47,12.1,0.0,84
2.1,51.0,6.2,2.1,7.82,11.5,0.0,85
1.9,52.0,7.7,2.3,7.31,11.1,0.0,85
2.0,55.0,9.1,2.8,7.39,10.8,0.0,84
2.0,56.0,9.5,2.9,7.12,10.6,0.0,83
2.5,57.0,9.1,2.9,6.77,10.4,0.0,83
3.3,57.0,9.2,3.0,5.7,10.4,4.0,85
4.0,57.0,9.3,3.1,5.34,10.8,55.0,83
3.2,60.0,9.1,2.9,4.97,11.8,145.0,80
2.7,61.0,8.7,2.9,5.41,12.9,272.0,75
2.3,63.0,8.1,2.9,5.52,13.9,389.0,71
2.1,66.0,7.7,2.8,5.73,14.7,428.0,64
2.0,71.0,7.1,2.7,5.59,15.1,418.0,62
2.3,74.0,6.9,2.8,4.88,15.0,361.0,63
3.2,78.0,7.2,2.9,4.53,14.9,333.0,62
3.7,75.0,7.5,3.2,3.79,14.5,233.0,65
5.9,68.0,8.0,3.9,3.04,13.4,98.0,72
6.6,60.0,8.9,4.1,2.27,12.4,9.0,77
8.3,52.0,10.0,4.6,2.16,12.4,0.0,84
9.2,47.0,10.2,5.8,2.42,12.1,0.0,88
9.1,43.0,10.7,6.5,2.65,12.1,0.0,91
8.0,42.0,11.5,6.6,2.26,11.9,0.0,93
7.6,41.0,11.4,6.7,2.1,11.2,0.0,95
8.1,38.0,10.7,6.7,2.55,11.0,0.0,96
7.0,38.0,9.5,6.4,2.44,11.1,0.0,96
6.6,40.0,8.3,5.6,2.73,10.9,0.0,96
5.7,42.0,7.1,4.6,2.45,11.4,0.0,96
5.4,40.0,6.6,5.2,2.38,11.3,0.0,96
5.8,39.0,7.2,5.4,2.51,11.5,0.0,97
7.6,36.0,7.1,5.2,2.87,11.9,0.0,97
10.1,33.0,7.4,5.0,3.11,12.1,1.0,97
10.4,31.0,7.2,5.2,3.55,12.1,14.0,98
9.1,33.0,6.9,4.7,3.43,12.9,61.0,97
8.6,36.0,6.0,4.4,3.69,13.9,128.0,96
8.3,37.0,4.3,3.6,3.35,13.9,73.0,98
7.4,42.0,3.4,2.8,3.51,13.9,57.0,99
6.3,46.0,3.1,2.4,3.48,14.1,34.0,99
5.8,48.0,4.2,2.8,3.38,15.1,94.0,96
6.5,48.0,6.1,4.0,3.82,16.1,165.0,87
6.7,50.0,7.1,4.2,3.01,15.7,84.0,91
7.1,48.0,8.2,4.5,3.66,15.1,24.0,93
7.7,47.0,10.0,5.0,3.92,14.5,6.0,94
7.1,44.0,12.0,5.9,4.24,14.5,0.0,95
7.1,47.0,13.4,6.6,4.01,14.1,0.0,94
6.1,52.0,13.6,6.4,3.85,13.9,0.0,94
4.9,56.0,12.3,5.8,3.99,13.4,0.0,94
3.9,58.0,11.1,5.3,3.97,13.0,0.0,90
3.4,58.0,10.7,5.0,4.03,12.4,0.0,91
3.1,59.0,10.2,4.1,4.07,12.4,0.0,92
3.1,59.0,7.9,3.6,4.02,12.6,0.0,92
3.0,60.0,7.7,3.6,3.87,12.9,0.0,92
3.0,59.0,8.6,3.5,3.86,13.0,0.0,92
3.1,58.0,8.4,3.8,3.81,13.2,0.0,92
4.7,56.0,7.0,3.9,3.7,13.4,0.0,92
7.7,51.0,7.0,3.8,3.58,13.4,1.0,92
8.0,50.0,8.1,4.0,3.46,13.6,43.0,92
5.8,55.0,7.1,3.5,3.4,14.1,125.0,88
4.8,55.0,5.9,3.3,4.07,14.8,266.0,81
3.5,60.0,5.4,3.0,4.15,15.1,327.0,75
3.0,66.0,5.0,2.8,4.44,15.4,414.0,70
3.1,69.0,4.5,2.6,4.71,14.9,385.0,66
2.9,71.0,4.5,2.7,4.17,14.6,293.0,64
3.5,75.0,4.6,2.7,3.57,14.4,244.0,64
4.1,75.0,4.6,2.9,2.87,13.9,174.0,65
5.3,71.0,5.0,3.1,1.93,12.9,81.0,73
6.3,65.0,6.1,3.2,2.13,11.4,8.0,80
7.3,63.0,7.5,4.3,2.35,10.6,0.0,83
7.4,61.0,7.7,4.7,2.75,10.3,0.0,82
5.5,62.0,7.2,4.0,2.93,10.4,0.0,82
5.7,58.0,7.8,4.3,3.03,10.4,0.0,84
5.7,55.0,7.9,4.6,3.35,9.6,0.0,87
5.1,56.0,8.6,4.4,3.4,9.1,0.0,88
4.6,56.0,9.1,4.4,3.22,8.4,0.0,89
5.2,54.0,9.0,4.3,3.2,7.9,0.0,90
4.6,53.0,9.0,4.2,3.31,7.7,0.0,90
4.3,52.0,8.8,4.3,3.21,7.6,0.0,90
4.7,51.0,8.4,4.5,3.32,7.7,0.0,90
6.8,50.0,8.4,4.7,3.18,8.2,0.0,88
9.8,46.0,8.8,5.0,3.77,8.4,2.0,88
8.9,47.0,8.6,5.2,3.95,9.2,61.0,87
5.8,56.0,8.3,5.3,3.94,10.9,162.0,85
5.0,60.0,8.0,4.7,4.11,12.6,252.0,81
4.0,61.0,8.3,4.5,4.9,13.5,211.0,80
3.2,66.0,9.9,4.7,6.65,14.6,244.0,76
3.0,68.0,9.1,4.6,6.19,14.1,194.0,80
3.1,68.0,9.0,4.6,6.73,14.3,148.0,80
3.6,67.0,9.5,4.7,5.6,13.9,61.0,84
4.2,68.0,8.9,4.6,5.89,13.7,42.0,86
4.1,69.0,8.1,4.5,6.12,13.6,19.0,87
3.9,69.0,8.4,4.6,6.24,13.1,3.0,90
3.4,69.0,9.3,4.9,5.95,12.2,0.0,90
2.8,69.0,10.2,5.2,6.28,11.9,0.0,87
2.5,69.0,11.4,5.3,6.36,11.7,0.0,85
2.4,71.0,12.5,5.5,6.28,11.5,0.0,83
1.9,72.0,13.5,5.7,6.55,11.2,0.0,80
1.6,72.0,15.5,6.1,7.06,11.2,0.0,77
1.5,69.0,16.6,5.9,7.03,11.2,0.0,78
1.4,70.0,15.4,5.7,7.24,11.1,0.0,79
1.3,68.0,15.7,5.5,6.94,11.0,0.0,81
1.3,69.0,15.6,6.1,6.87,11.3,0.0,79
1.9,69.0,16.4,6.2,6.59,11.6,0.0,78
2.3,68.0,16.2,6.2,5.69,12.1,0.0,79
3.5,68.0,13.0,5.8,5.65,11.9,0.0,85
3.2,69.0,12.7,5.6,6.43,12.5,15.0,84
2.6,72.0,12.7,5.6,5.79,13.1,75.0,83
2.2,71.0,12.1,5.5,7.67,13.9,181.0,81
2.0,71.0,10.4,4.8,8.56,14.6,240.0,77
2.0,72.0,9.1,4.6,8.46,14.9,251.0,76
2.1,79.0,8.9,5.0,8.45,14.6,174.0,77
2.2,82.0,9.4,5.3,7.94,14.4,143.0,76
2.5,80.0,10.2,5.4,6.9,14.1,83.0,81
2.6,79.0,10.3,5.6,7.64,14.0,67.0,83
2.7,77.0,10.8,5.9,7.59,13.9,20.0,84
2.4,79.0,11.3,6.0,7.25,13.6,3.0,85
2.4,76.0,11.6,5.8,7.02,13.1,0.0,86
2.4,74.0,11.3,5.9,7.02,13.2,0.0,86
2.2,76.0,11.0,5.9,7.01,13.2,0.0,87
1.9,78.0,10.4,5.7,7.24,13.3,0.0,87
1.5,79.0,10.2,5.2,7.32,13.2,0.0,87
1.3,79.0,11.6,4.8,7.59,13.1,0.0,86
1.5,77.0,11.6,4.0,7.94,12.4,0.0,84
1.5,75.0,11.4,3.6,7.58,12.3,0.0,80
1.4,76.0,12.0,3.9,7.53,11.9,0.0,81
1.5,75.0,12.5,3.9,7.68,11.9,0.0,81
1.5,76.0,12.7,3.9,8.07,11.6,0.0,82
1.5,75.0,11.9,3.8,8.07,11.4,0.0,82
1.6,75.0,11.8,3.8,7.21,11.4,1.0,85
1.7,76.0,12.0,3.9,7.38,11.8,57.0,84
1.6,77.0,11.4,3.9,7.21,12.6,168.0,81
1.5,78.0,10.3,3.9,9.52,13.5,271.0,73
1.5,78.0,10.0,3.8,8.71,14.1,318.0,70
1.5,77.0,10.4,3.7,8.09,14.1,254.0,69
1.6,78.0,10.5,3.7,7.98,13.9,247.0,78
1.7,79.0,9.9,4.0,7.85,14.1,152.0,75
1.8,79.0,9.5,4.2,7.22,14.0,137.0,77
1.9,80.0,9.3,3.9,6.51,13.8,152.0,78
2.3,77.0,9.1,3.9,6.57,13.1,52.0,79
2.4,77.0,8.7,3.6,6.64,12.1,4.0,82
2.4,76.0,8.7,3.6,6.48,11.6,0.0,87
2.3,74.0,8.6,3.5,7.24,11.4,0.0,89
2.2,73.0,8.0,3.6,6.82,11.5,0.0,90
2.0,71.0,7.6,3.3,6.52,12.0,0.0,89
1.8,70.0,6.5,3.1,6.39,11.9,0.0,90
1.9,66.0,5.6,2.8,6.13,12.1,0.0,90
1.8,64.0,5.3,2.9,6.22,12.4,0.0,90
1.5,63.0,5.2,2.8,6.49,12.6,0.0,90
1.4,61.0,5.1,2.7,6.88,12.8,0.0,90
1.4,60.0,5.5,2.8,7.11,12.8,0.0,91
1.4,63.0,6.0,3.0,7.23,12.9,0.0,88
1.4,63.0,5.4,2.8,7.05,12.7,0.0,89
1.7,65.0,5.4,2.9,6.55,12.6,0.0,89
2.0,66.0,5.6,2.6,6.11,13.0,24.0,88
2.3,66.0,5.5,2.5,6.16,13.6,107.0,86
2.4,68.0,5.6,2.3,5.29,14.8,264.0,81
2.5,69.0,4.7,2.3,4.72,15.7,340.0,79
2.5,69.0,4.1,2.3,5.06,16.5,382.0,72
2.6,70.0,3.5,2.0,3.73,16.6,361.0,70
2.9,70.0,3.2,1.8,3.37,16.2,210.0,73
3.5,69.0,3.2,1.8,2.29,16.0,192.0,74
4.4,68.0,3.3,1.8,1.68,15.6,146.0,74
5.8,62.0,3.4,1.9,1.94,14.3,60.0,81
6.2,56.0,3.3,2.2,2.66,12.7,3.0,80
6.2,53.0,3.4,2.2,2.44,11.6,0.0,82
6.3,54.0,3.8,2.2,2.45,10.9,0.0,85
6.5,54.0,3.9,2.1,1.96,10.6,0.0,85
6.8,54.0,4.0,2.6,1.1,9.6,0.0,86
6.9,51.0,4.0,2.4,1.0,8.9,0.0,86
7.6,44.0,4.1,2.2,2.11,8.9,0.0,86
6.4,43.0,4.6,2.2,1.41,8.1,0.0,87
6.7,42.0,4.6,2.2,1.15,7.7,0.0,88
8.3,38.0,5.2,2.4,0.91,7.1,0.0,90
9.4,33.0,5.7,2.4,0.61,6.9,0.0,90
10.8,31.0,6.0,2.9,0.25,6.7,0.0,90
14.0,27.0,6.4,3.8,0.38,6.1,0.0,91
19.8,23.0,7.4,4.2,0.11,5.1,0.0,95
21.8,18.0,8.3,4.5,1.15,5.9,51.0,95
18.4,24.0,8.5,4.7,1.79,8.8,164.0,88
11.7,35.0,8.3,4.4,1.33,10.9,255.0,80
7.9,47.0,6.6,4.0,2.01,12.4,286.0,70
5.6,57.0,4.6,3.3,3.08,13.1,303.0,68
4.1,62.0,4.1,2.7,3.73,14.9,346.0,65
4.1,63.0,4.5,2.7,3.72,15.4,329.0,63
4.3,63.0,5.8,3.1,4.01,15.3,222.0,63
5.3,59.0,6.2,3.6,3.12,14.6,107.0,75
6.0,61.0,6.1,3.5,2.86,13.4,55.0,81
6.2,56.0,6.1,3.5,3.68,12.2,2.0,86
6.8,53.0,6.9,3.9,3.91,12.0,0.0,89
6.5,52.0,7.6,4.5,4.41,12.6,0.0,90
5.8,48.0,7.3,3.6,4.43,12.7,0.0,93
5.5,45.0,8.0,3.5,4.6,12.8,0.0,93
5.1,45.0,7.9,3.6,5.08,12.6,0.0,92
4.5,47.0,6.7,3.6,5.13,11.8,0.0,95
4.0,49.0,6.2,3.7,4.67,11.8,0.0,96
4.0,48.0,6.1,3.7,4.22,11.4,0.0,96
4.0,49.0,6.6,3.6,3.99,10.9,0.0,95
4.1,51.0,7.2,3.6,3.64,10.2,0.0,96
4.4,50.0,7.1,3.9,3.18,9.9,0.0,96
6.6,46.0,6.1,4.5,2.45,9.4,0.0,97
12.8,42.0,6.8,5.0,2.09,9.7,0.0,98
16.0,35.0,8.3,5.5,1.86,10.4,26.0,97
11.3,34.0,8.6,5.9,1.81,11.2,69.0,95
8.2,43.0,8.1,5.7,1.76,12.0,132.0,92
7.0,49.0,8.2,5.2,1.68,13.1,213.0,85
6.6,56.0,6.5,4.7,1.69,14.0,259.0,79
7.2,55.0,7.0,4.8,2.42,14.8,336.0,75
7.2,54.0,6.2,3.6,2.9,15.1,258.0,73
7.9,58.0,5.7,3.6,3.01,14.8,224.0,73
7.5,59.0,5.1,2.9,2.45,14.2,159.0,76
9.1,54.0,5.6,3.8,1.09,12.7,62.0,86
11.1,53.0,6.8,4.3,0.25,11.6,2.0,88
14.0,41.0,7.8,5.6,0.11,10.7,0.0,91
14.3,40.0,9.5,7.0,1.26,10.1,0.0,94
12.6,36.0,10.5,7.9,2.25,9.3,0.0,96
12.9,34.0,10.5,8.7,2.35,9.2,0.0,95
12.1,32.0,9.4,8.6,2.3,9.1,0.0,95
11.6,31.0,9.9,8.6,2.37,9.1,0.0,94
9.3,31.0,10.3,9.1,2.4,8.7,0.0,95
8.6,35.0,10.4,9.1,2.53,8.6,0.0,96
6.6,37.0,10.2,8.6,2.93,9.1,0.0,96
5.5,37.0,10.3,8.3,3.11,9.9,0.0,97
4.9,40.0,9.8,7.6,3.25,10.5,0.0,96
5.9,42.0,8.6,5.4,3.67,11.2,0.0,95
7.7,45.0,8.2,4.2,3.49,11.2,0.0,96
6.9,50.0,7.3,3.6,3.74,11.6,16.0,95
4.9,61.0,7.3,3.3,3.98,12.1,56.0,92
3.4,68.0,7.3,3.1,5.17,12.9,142.0,83
2.6,76.0,7.0,2.7,5.49,13.2,150.0,77
2.5,77.0,6.7,2.5,5.65,13.2,166.0,74
2.6,81.0,7.4,2.6,5.66,13.1,190.0,76
2.8,83.0,7.2,2.9,5.61,13.4,149.0,73
3.1,78.0,7.1,3.1,5.2,13.4,107.0,74
3.8,82.0,6.9,3.2,4.8,13.2,93.0,73
3.7,81.0,7.1,3.3,4.75,12.6,35.0,74
3.5,78.0,6.6,3.3,4.85,11.8,1.0,78
3.3,76.0,6.6,3.2,4.06,11.2,0.0,84
3.4,71.0,6.5,3.2,4.22,10.2,0.0,90
3.6,71.0,6.5,3.2,4.26,9.7,0.0,92
4.0,69.0,6.8,3.6,3.95,9.2,0.0,93
4.2,66.0,7.3,3.4,4.11,8.9,0.0,94
3.8,64.0,6.9,3.5,4.43,9.1,0.0,93
3.5,65.0,6.8,3.8,4.1,8.8,0.0,94
3.4,65.0,7.0,3.9,4.21,8.8,0.0,95
3.2,65.0,7.1,4.2,4.23,8.7,0.0,96
3.2,62.0,7.2,4.4,4.33,8.6,0.0,96
3.4,60.0,8.1,4.4,4.47,8.7,0.0,96
4.2,58.0,8.1,4.5,4.64,8.5,0.0,96
5.3,55.0,7.8,4.8,4.6,8.8,0.0,95
5.1,58.0,7.4,4.4,5.33,10.0,41.0,95
4.0,60.0,6.6,3.7,5.6,11.6,142.0,92
3.1,63.0,7.8,3.9,6.11,12.5,247.0,84
2.7,70.0,6.7,3.7,7.35,13.4,309.0,73
2.5,72.0,6.0,3.2,6.99,14.1,339.0,68
2.5,76.0,5.6,3.0,6.57,13.9,312.0,70
2.5,79.0,5.8,2.8,6.78,14.2,306.0,67
3.3,77.0,6.1,2.7,6.93,13.9,252.0,67
3.6,74.0,6.2,2.9,6.34,13.2,163.0,71
3.9,73.0,6.6,3.6,5.98,12.3,52.0,75
3.6,70.0,6.7,3.7,5.87,11.4,1.0,80
3.5,68.0,6.5,3.7,5.22,10.8,0.0,86
3.4,68.0,6.7,3.6,5.44,10.4,0.0,88
3.5,66.0,7.0,3.6,6.22,10.3,0.0,87
3.5,64.0,6.6,3.5,5.77,9.9,0.0,85
3.4,63.0,6.4,3.4,5.46,9.4,0.0,84
3.3,61.0,6.6,3.2,5.41,9.1,0.0,83
3.0,60.0,6.1,3.3,5.33,8.1,0.0,80
2.7,59.0,5.8,3.4,5.33,7.4,0.0,82
2.6,62.0,5.8,3.5,5.27,6.9,0.0,84
2.5,63.0,6.0,3.3,5.39,6.8,0.0,85
2.7,63.0,6.3,3.1,5.43,6.8,0.0,87
3.6,60.0,6.8,2.9,4.91,7.1,0.0,89
5.3,56.0,6.7,3.1,4.21,7.4,0.0,91
5.7,53.0,6.2,3.3,4.32,7.7,19.0,89
5.6,50.0,5.9,3.2,4.06,8.6,87.0,83
5.3,50.0,5.9,2.9,4.66,9.2,215.0,72
4.0,59.0,5.5,3.0,5.51,9.4,335.0,62
2.6,68.0,4.7,2.0,6.37,9.9,349.0,56
2.1,69.0,4.1,1.8,6.22,10.2,363.0,57
2.6,67.0,3.9,1.9,6.34,9.9,265.0,58
2.8,68.0,3.6,2.0,6.33,9.9,132.0,59
4.1,67.0,3.9,2.7,6.23,9.0,138.0,66
5.2,65.0,3.4,1.7,5.27,7.4,43.0,77
5.5,65.0,3.5,1.8,4.5,6.8,0.0,80
5.0,67.0,3.5,1.8,4.26,6.2,0.0,79
4.0,66.0,3.6,2.1,3.78,5.4,0.0,80
4.1,64.0,3.4,2.2,4.14,4.8,0.0,78
4.8,59.0,3.4,2.2,4.29,4.8,0.0,76
5.5,56.0,3.4,2.4,4.15,5.0,0.0,78
5.8,51.0,4.0,2.8,3.71,4.6,0.0,79
5.7,52.0,4.9,2.9,2.77,3.0,0.0,83
5.6,51.0,4.2,2.8,2.94,2.5,0.0,84
5.4,50.0,4.2,2.6,3.05,2.3,0.0,83
5.2,50.0,3.9,2.5,3.19,2.2,0.0,83
5.2,48.0,3.8,2.6,3.5,2.0,0.0,82
6.0,45.0,4.1,3.0,3.43,2.0,0.0,81
8.0,41.0,5.0,3.9,2.48,1.0,0.0,81
8.7,40.0,5.3,4.3,2.59,1.5,37.0,81
7.2,56.0,5.3,4.2,2.46,3.5,147.0,78
6.5,58.0,5.7,3.7,1.98,5.8,256.0,73
5.2,60.0,4.7,2.7,1.57,7.5,334.0,64
3.8,65.0,3.9,2.2,1.13,8.3,368.0,60
3.9,66.0,3.8,2.2,0.56,9.4,377.0,52
4.9,66.0,3.6,2.2,0.86,9.7,350.0,53
5.2,66.0,3.6,2.2,1.42,9.6,270.0,55
5.5,67.0,4.2,2.3,1.67,8.9,162.0,63
7.1,65.0,4.9,2.8,1.91,7.2,49.0,73
8.0,63.0,5.3,3.4,2.27,6.1,0.0,77
8.9,56.0,5.9,4.2,1.97,4.7,0.0,79
11.4,53.0,6.6,4.5,2.09,4.2,0.0,80
11.3,53.0,7.0,4.8,2.38,3.8,0.0,81
10.2,49.0,6.8,4.9,2.17,3.2,0.0,83
8.5,46.0,6.8,4.9,1.95,2.8,0.0,84
7.2,46.0,6.9,4.7,1.72,2.3,0.0,85
7.0,46.0,6.9,4.6,1.86,1.5,0.0,86
6.7,47.0,7.0,5.4,1.68,1.0,0.0,86
6.9,48.0,7.4,5.6,1.8,1.5,0.0,84
6.7,50.0,7.9,5.5,1.91,2.0,0.0,83
6.1,51.0,8.0,5.9,1.84,2.5,0.0,83
6.0,56.0,7.8,6.7,2.4,3.6,0.0,84
7.2,59.0,8.3,6.5,2.32,3.2,0.0,86
7.2,61.0,7.9,5.5,3.0,4.3,32.0,89
4.7,61.0,7.4,5.4,3.8,6.4,125.0,86
3.0,69.0,4.8,3.1,4.16,8.0,241.0,73
2.1,73.0,3.3,2.1,4.94,8.6,332.0,63
2.1,77.0,3.5,2.1,5.25,9.1,378.0,61
2.2,76.0,3.6,2.5,5.43,9.6,384.0,64
2.4,74.0,4.0,2.8,5.92,9.6,340.0,67
2.5,75.0,4.5,2.8,6.04,9.4,261.0,68
2.9,77.0,4.5,2.7,5.52,8.9,155.0,71
3.4,74.0,4.9,3.5,5.42,8.2,45.0,73
3.7,73.0,5.4,3.5,5.84,7.9,0.0,74
3.9,75.0,5.4,2.9,6.2,7.8,0.0,72
4.1,70.0,5.8,2.8,6.25,7.6,0.0,77
4.1,70.0,6.2,3.2,6.22,7.8,0.0,79
4.2,70.0,7.1,3.4,6.38,7.9,0.0,80
4.0,68.0,8.0,4.0,6.33,8.0,0.0,81
4.0,67.0,8.1,4.4,6.24,7.9,0.0,82
4.3,66.0,8.8,5.1,6.24,7.8,0.0,83
4.6,64.0,9.3,5.9,6.35,7.7,0.0,84
4.4,61.0,9.6,6.3,6.51,7.7,0.0,84
4.3,59.0,9.6,6.2,6.65,7.6,0.0,85
4.3,57.0,9.5,6.2,6.67,7.7,0.0,86
4.6,55.0,10.0,6.4,6.97,7.8,0.0,84
5.1,54.0,10.4,6.8,7.04,7.8,0.0,82
6.0,55.0,10.5,7.2,7.32,8.1,26.0,84
6.3,55.0,10.3,7.4,8.2,8.8,117.0,81
5.8,57.0,10.1,7.5,8.14,9.4,186.0,79
5.3,59.0,10.4,7.6,7.62,9.9,250.0,78
5.1,59.0,10.8,7.8,7.41,10.2,266.0,78
5.1,58.0,11.0,8.2,6.44,10.5,163.0,79
5.6,60.0,11.3,8.4,6.61,10.8,115.0,78
6.7,63.0,11.5,8.8,6.48,10.6,59.0,82
7.3,64.0,11.4,8.6,6.48,10.7,74.0,83
7.9,64.0,10.3,8.2,7.06,10.7,7.0,84
8.0,65.0,10.5,8.5,7.15,10.2,0.0,92
8.2,65.0,11.1,8.6,7.61,10.5,0.0,89
7.6,63.0,11.8,8.9,7.76,10.6,0.0,90
8.0,61.0,11.2,8.6,7.01,10.9,0.0,89
8.3,60.0,11.3,9.3,6.63,10.9,0.0,90
8.2,60.0,12.0,9.8,6.13,10.8,0.0,90
8.0,61.0,13.0,9.6,5.75,10.6,0.0,91
7.0,63.0,12.4,9.5,5.82,10.6,0.0,93
6.7,62.0,12.2,9.1,5.87,10.4,0.0,94
6.6,60.0,12.0,8.7,5.71,10.4,0.0,96
6.5,59.0,10.8,8.3,6.06,10.4,0.0,96
6.1,58.0,11.0,9.0,6.23,10.7,0.0,95
5.8,58.0,11.8,8.4,6.32,10.9,0.0,95
6.0,58.0,12.6,9.3,6.04,11.1,0.0,95
6.4,59.0,13.6,8.8,6.53,11.4,14.0,95
6.3,59.0,13.4,8.5,6.46,11.6,61.0,91
5.9,57.0,12.7,8.1,6.74,11.9,146.0,89
5.6,57.0,10.9,7.8,7.32,12.4,215.0,87
5.8,59.0,11.4,7.3,6.69,12.6,142.0,86
5.8,59.0,10.7,7.2,7.79,12.1,231.0,88
6.1,59.0,9.6,6.9,7.66,11.9,104.0,89
6.6,58.0,8.9,6.0,7.78,11.8,67.0,92
7.0,55.0,7.6,4.7,7.35,12.1,30.0,92
8.7,51.0,6.6,4.0,7.45,12.1,19.0,92
10.1,45.0,5.7,3.5,7.05,12.1,0.0,91
9.9,46.0,5.3,3.1,6.69,12.2,0.0,93
7.2,52.0,6.2,3.5,5.94,11.6,0.0,95
5.1,55.0,6.5,3.1,7.03,12.1,0.0,95
3.8,55.0,7.5,3.8,6.14,11.8,0.0,95
3.5,53.0,8.7,4.2,5.55,11.4,0.0,95
4.4,52.0,7.8,4.4,5.59,11.3,0.0,94
5.7,47.0,8.3,4.7,4.9,11.4,0.0,94
6.2,46.0,7.6,4.0,5.16,11.2,0.0,94
8.0,42.0,9.3,5.9,5.52,11.4,0.0,95
8.5,42.0,8.3,6.0,5.19,11.2,0.0,96
8.6,42.0,8.0,6.7,5.73,11.5,0.0,95
8.4,41.0,8.5,7.0,5.58,11.2,0.0,96
8.2,41.0,9.7,8.5,5.3,11.0,0.0,95
8.1,42.0,9.6,8.4,5.38,11.4,14.0,95
7.7,41.0,10.0,7.9,5.64,11.9,76.0,93
7.8,42.0,10.3,7.3,6.61,12.4,143.0,89
7.9,44.0,8.5,6.2,6.77,12.9,192.0,86
8.0,45.0,7.4,5.6,6.34,13.3,208.0,82
6.7,46.0,5.9,4.0,4.56,13.9,189.0,83
4.4,54.0,7.4,2.6,4.51,14.1,212.0,80
3.9,59.0,7.4,2.9,4.57,13.9,179.0,77
5.0,61.0,7.7,3.2,4.42,13.2,113.0,79
5.5,62.0,8.4,3.3,4.21,12.0,29.0,83
6.0,56.0,7.6,3.6,3.86,11.2,0.0,87
6.6,53.0,8.6,3.9,3.37,10.6,0.0,91
7.2,51.0,8.9,4.2,3.12,10.1,0.0,93
7.1,50.0,9.7,4.4,3.04,9.5,0.0,94
7.5,49.0,10.8,4.6,2.9,8.9,0.0,95
7.4,47.0,11.3,4.8,2.91,8.5,0.0,96
6.3,45.0,11.5,4.9,2.26,8.1,0.0,96
6.9,43.0,10.6,4.7,2.2,7.9,0.0,96
7.1,38.0,12.1,4.5,2.07,7.9,0.0,96
7.4,39.0,12.8,4.4,1.85,8.1,0.0,97
7.8,39.0,12.5,4.3,2.62,8.4,0.0,96
7.6,40.0,10.9,4.0,3.11,8.8,0.0,97
7.3,50.0,10.2,3.4,4.01,9.2,0.0,95
8.2,48.0,9.9,4.7,4.99,9.9,0.0,94
8.3,53.0,9.5,5.5,5.91,10.2,15.0,95
7.2,53.0,10.5,6.9,6.88,10.4,46.0,94
5.6,54.0,12.6,8.0,7.4,10.9,62.0,93
9.0,48.0,13.8,10.4,8.41,11.2,35.0,93
9.9,45.0,13.4,9.5,9.5,11.6,36.0,93
8.5,47.0,12.8,7.6,8.95,11.9,87.0,94
9.1,49.0,12.2,5.7,8.96,11.8,30.0,97
7.0,50.0,9.6,5.2,8.84,11.9,23.0,95
7.5,49.0,8.9,4.0,8.92,11.6,31.0,97
9.4,44.0,7.1,4.1,8.5,11.6,3.0,97
9.2,41.0,5.6,3.6,7.88,11.8,0.0,97
10.2,40.0,4.9,3.3,6.39,12.3,0.0,97
10.4,40.0,4.6,3.3,4.39,12.2,0.0,97
11.2,39.0,4.3,3.5,3.51,11.9,0.0,96
12.2,38.0,3.9,3.6,3.93,11.7,0.0,95
13.5,35.0,4.0,3.7,5.6,11.8,0.0,92
14.5,36.0,4.4,3.7,5.34,10.9,0.0,94
14.0,45.0,5.1,3.6,4.47,11.1,0.0,91
9.8,49.0,5.6,3.0,5.7,11.1,0.0,88
7.0,50.0,6.8,2.7,6.23,10.8,0.0,87
5.5,57.0,7.6,2.7,6.19,10.6,0.0,88
5.1,53.0,7.0,3.1,5.32,10.1,0.0,91
5.9,49.0,5.0,3.6,5.56,10.1,0.0,90
6.7,42.0,6.5,4.2,6.82,10.4,0.0,87
8.4,38.0,7.0,4.6,7.87,11.1,12.0,85
8.5,45.0,7.3,4.7,7.44,11.4,52.0,85
6.4,49.0,6.7,3.9,7.29,11.8,133.0,84
5.5,48.0,7.0,3.3,6.97,12.1,239.0,79
4.5,48.0,5.9,2.4,7.39,11.9,282.0,78
3.9,56.0,6.4,2.6,6.47,11.9,162.0,78
3.6,57.0,7.8,2.9,4.34,12.1,114.0,80
5.0,54.0,7.4,3.3,5.45,11.8,174.0,81
6.0,52.0,7.2,3.3,5.76,11.3,68.0,86
6.9,52.0,5.2,3.4,5.64,10.4,19.0,88
4.6,51.0,6.5,2.8,7.42,10.4,0.0,88
3.5,59.0,7.0,2.9,6.64,9.9,0.0,84
2.9,62.0,7.7,2.7,7.58,10.1,0.0,78
2.3,64.0,6.3,2.5,8.46,10.1,0.0,79
1.9,66.0,5.9,2.4,8.41,10.1,0.0,82
1.9,68.0,6.7,2.3,8.7,10.0,0.0,82
2.1,65.0,8.0,2.5,8.03,9.6,0.0,86
2.5,60.0,9.8,3.1,8.4,9.4,0.0,89
2.5,56.0,8.8,3.1,7.81,9.2,0.0,88
2.7,57.0,8.4,3.1,7.84,9.2,0.0,87
3.1,57.0,8.7,3.0,7.99,9.2,0.0,86
3.5,57.0,8.5,3.3,7.87,9.1,0.0,85
3.9,56.0,7.8,3.3,7.87,8.8,0.0,86
4.4,57.0,7.6,3.6,7.97,9.1,0.0,88
4.5,58.0,7.6,3.6,8.25,9.4,9.0,85
4.2,57.0,6.7,3.5,8.35,9.6,45.0,83
3.9,55.0,5.9,3.3,9.06,9.6,108.0,80
3.9,55.0,5.2,3.1,8.35,9.1,37.0,90
4.2,54.0,4.0,2.5,7.82,9.7,61.0,87
4.3,52.0,3.2,2.0,8.05,9.8,106.0,86
4.4,51.0,3.0,1.7,5.51,10.6,92.0,87
4.6,49.0,3.0,2.0,4.34,11.3,121.0,84
5.0,47.0,3.1,2.2,3.53,10.9,94.0,85
5.8,46.0,3.3,2.3,3.4,9.5,16.0,96
5.2,46.0,3.8,2.3,2.95,9.6,0.0,95
4.9,51.0,7.7,2.6,5.22,9.9,0.0,94
3.5,58.0,10.3,3.3,5.98,9.4,0.0,94
3.0,61.0,11.2,3.3,5.84,9.2,0.0,93
2.3,62.0,11.0,3.4,5.5,8.8,0.0,93
1.9,62.0,10.8,3.3,5.29,8.4,0.0,93
1.6,61.0,11.1,3.3,5.38,8.6,0.0,91
1.6,61.0,10.4,3.3,5.6,8.1,0.0,89
1.5,61.0,9.3,3.1,5.35,8.1,0.0,88
1.5,62.0,9.1,2.8,5.64,8.1,0.0,86
1.5,62.0,9.2,2.5,5.74,8.3,0.0,84
1.5,62.0,7.6,2.4,5.58,8.6,0.0,83
1.5,62.0,7.4,2.3,5.76,8.7,0.0,83
1.9,60.0,6.8,2.2,5.79,9.0,0.0,84
2.7,56.0,6.0,2.2,5.0,8.8,3.0,87
3.7,52.0,5.7,2.3,3.34,8.8,21.0,88
4.9,47.0,6.1,2.9,0.74,9.2,57.0,87
3.8,46.0,6.1,3.1,2.56,9.6,98.0,86
3.3,47.0,5.9,3.5,3.31,9.7,64.0,85
3.7,50.0,6.1,3.4,3.48,9.6,94.0,84
4.2,46.0,6.4,4.0,3.26,9.5,44.0,86
5.0,46.0,5.2,3.2,4.1,9.5,50.0,89
5.2,40.0,3.6,2.7,4.82,9.5,62.0,90
4.5,42.0,4.0,2.4,4.49,8.6,16.0,91
4.5,43.0,4.7,3.0,4.3,8.0,0.0,93
4.9,44.0,5.4,4.3,4.18,7.6,0.0,94
5.4,46.0,6.4,5.1,3.82,6.9,0.0,94
5.0,48.0,6.3,5.0,3.45,6.4,0.0,94
4.7,44.0,6.4,4.0,3.18,6.2,0.0,94
3.5,50.0,7.0,3.8,3.41,6.3,0.0,95
2.5,57.0,8.7,3.7,4.0,6.8,0.0,95
2.0,62.0,9.2,3.8,5.11,7.6,0.0,94
1.8,62.0,9.3,3.8,5.07,7.7,0.0,93
1.9,63.0,8.8,3.8,4.73,7.1,0.0,94
1.9,62.0,8.8,3.7,4.57,6.8,0.0,94
2.0,62.0,8.9,3.6,4.33,6.8,0.0,94
2.3,63.0,8.4,3.7,4.22,6.6,0.0,94
3.1,61.0,8.1,3.8,5.09,6.3,0.0,93
4.9,58.0,7.8,3.9,5.03,6.4,8.0,90
5.7,58.0,8.0,3.9,4.67,6.9,60.0,90
4.7,61.0,8.0,3.8,5.36,7.8,73.0,86
3.8,64.0,7.3,3.3,4.65,8.5,118.0,85
3.1,64.0,6.5,2.9,6.25,9.4,200.0,79
2.9,63.0,6.7,2.8,5.64,9.6,192.0,75
2.7,63.0,6.8,2.8,5.28,9.8,161.0,75
3.2,62.0,6.0,2.6,5.16,9.9,165.0,75
5.4,60.0,5.2,2.5,4.33,9.3,92.0,78
6.7,55.0,5.5,2.8,3.85,8.3,16.0,81
6.5,51.0,5.7,3.0,3.85,7.4,0.0,86
6.8,46.0,5.6,3.4,3.9,7.2,0.0,92
6.7,40.0,5.7,3.7,3.68,7.1,0.0,93
6.6,36.0,5.9,4.1,4.07,7.1,0.0,94
6.8,34.0,6.5,4.1,4.12,7.1,0.0,94
6.7,37.0,6.4,4.0,4.05,6.9,0.0,94
5.4,39.0,5.4,4.3,4.4,6.7,0.0,95
4.9,40.0,5.7,3.6,5.09,7.6,0.0,92
4.7,43.0,7.0,3.1,5.74,7.8,0.0,91
2.3,58.0,8.2,3.3,6.16,7.7,0.0,89
1.7,64.0,8.4,3.7,5.75,7.3,0.0,87
1.8,65.0,12.1,3.5,5.86,7.2,0.0,86
2.2,67.0,12.3,3.8,5.5,6.8,0.0,84
3.0,65.0,10.3,3.9,5.09,6.1,0.0,86
5.0,64.0,10.0,3.7,4.57,6.1,10.0,85
4.5,66.0,10.6,3.6,4.32,6.7,62.0,83
4.0,67.0,9.5,3.2,3.36,7.3,132.0,84
3.0,72.0,9.6,3.2,3.82,8.2,208.0,80
2.7,74.0,9.6,3.0,3.94,7.9,120.0,84
3.2,71.0,7.2,3.0,3.84,8.9,57.0,78
3.7,65.0,7.4,2.9,3.86,8.7,167.0,78
4.7,63.0,6.9,2.9,3.97,8.1,63.0,81
5.9,62.0,6.4,2.9,4.05,7.8,29.0,83
6.3,60.0,6.1,3.0,3.79,7.4,4.0,88
6.2,58.0,5.1,3.2,3.26,7.1,0.0,92
6.9,60.0,3.8,3.0,3.29,6.3,0.0,95
6.4,57.0,3.4,2.8,2.93,6.1,0.0,96
7.6,51.0,3.9,2.9,2.7,6.5,0.0,97
7.6,51.0,5.6,2.9,2.33,6.2,0.0,97
5.3,60.0,7.0,2.9,2.3,5.6,0.0,97
3.4,60.0,6.9,3.1,2.01,5.7,0.0,96
3.1,62.0,8.0,3.4,0.66,6.7,0.0,95
4.3,59.0,7.6,3.4,1.46,7.3,0.0,95
4.5,56.0,7.6,3.2,2.9,7.2,0.0,96
4.4,52.0,8.1,3.4,3.24,7.1,0.0,98
4.8,49.0,7.4,3.6,3.44,7.2,0.0,97
5.1,47.0,7.5,3.5,3.8,7.6,0.0,96
5.5,43.0,7.8,3.5,4.79,8.4,0.0,94
7.6,48.0,7.3,3.3,5.46,8.2,8.0,93
6.9,57.0,8.1,3.8,5.25,8.8,64.0,92
4.4,59.0,9.0,3.3,4.08,9.8,139.0,88
4.3,58.0,9.5,3.7,3.79,10.7,191.0,85
4.5,61.0,10.4,4.0,4.41,10.9,187.0,80
4.3,60.0,10.2,4.6,4.47,9.9,171.0,89
4.8,68.0,8.9,4.2,5.44,10.3,60.0,90
5.4,63.0,6.7,3.8,4.77,9.9,51.0,96
6.9,61.0,5.1,3.4,4.75,9.9,15.0,95
10.1,54.0,4.2,3.3,4.32,9.8,2.0,96
11.0,50.0,3.7,3.5,3.37,9.6,0.0,97
9.4,48.0,4.5,4.3,2.86,9.9,0.0,97
10.1,50.0,4.8,3.3,2.33,9.4,0.0,97
8.8,53.0,4.1,3.2,2.25,9.2,0.0,97
6.5,55.0,4.2,2.9,2.99,9.1,0.0,96
6.0,55.0,4.3,2.8,3.54,9.4,0.0,97
6.2,53.0,4.3,2.9,3.42,9.6,0.0,97
6.9,47.0,4.4,3.3,2.81,9.5,0.0,96
8.0,50.0,4.4,3.4,2.57,9.6,0.0,97
7.7,47.0,5.4,4.4,3.11,9.8,0.0,97
9.7,45.0,5.4,5.0,3.69,9.6,0.0,97
8.6,44.0,5.4,5.2,2.13,9.3,0.0,97
9.9,39.0,3.5,3.3,1.85,9.2,0.0,98
10.7,39.0,3.6,3.2,2.4,8.8,0.0,95
9.4,49.0,2.4,1.7,3.78,8.5,1.0,96
6.3,42.0,2.6,1.5,3.96,8.6,18.0,97
6.2,38.0,2.6,1.7,5.38,8.9,41.0,92
5.8,47.0,3.1,2.8,5.17,9.1,119.0,90
5.0,56.0,3.3,2.6,6.37,9.6,168.0,86
4.2,58.0,2.8,1.3,6.39,9.9,225.0,79
3.2,64.0,3.5,1.4,6.42,10.1,245.0,76
3.7,66.0,3.2,1.7,5.55,9.6,160.0,75
4.8,62.0,3.6,2.0,5.12,9.1,85.0,78
6.0,62.0,3.9,2.3,4.99,8.2,12.0,82
6.7,56.0,4.4,2.6,4.43,7.4,0.0,85
7.3,53.0,5.1,3.1,4.39,6.9,0.0,91
6.8,49.0,5.7,3.7,4.01,6.4,0.0,92
6.7,46.0,6.5,4.4,3.53,5.9,0.0,93
6.9,43.0,6.0,4.9,3.04,5.7,0.0,93
7.3,43.0,6.7,5.5,2.14,5.4,0.0,93
7.5,43.0,7.5,5.7,2.0,4.8,0.0,94
7.4,41.0,7.6,5.9,2.04,4.7,0.0,94
7.2,41.0,7.0,4.9,2.12,4.4,0.0,94
6.7,42.0,6.9,5.0,2.31,4.3,0.0,93
6.4,43.0,7.0,4.2,2.02,4.1,0.0,93
8.6,42.0,6.6,4.0,1.44,3.0,0.0,95
9.5,37.0,6.8,4.0,1.43,2.3,0.0,96
15.2,30.0,6.9,4.5,1.13,3.0,0.0,97
15.9,27.0,7.3,5.3,1.2,3.5,6.0,96
14.1,35.0,8.1,5.6,2.01,6.1,54.0,91
9.0,38.0,7.1,4.5,2.83,8.4,105.0,92
5.8,53.0,7.0,3.7,3.58,9.7,166.0,91
6.1,51.0,8.2,4.5,4.41,10.1,214.0,89
7.5,55.0,9.7,6.8,3.59,10.6,239.0,84
7.1,56.0,10.5,6.9,4.0,10.6,229.0,83
7.5,55.0,11.0,7.5,4.13,10.2,154.0,87
9.3,52.0,11.4,7.3,4.52,9.8,73.0,89
11.1,51.0,11.8,7.9,4.88,9.2,9.0,91
12.0,51.0,12.8,8.7,5.3,9.2,0.0,91
9.5,47.0,14.8,10.5,5.64,9.2,0.0,90
10.5,44.0,15.6,11.7,5.47,9.1,0.0,89
9.8,43.0,14.9,10.9,5.24,9.2,0.0,90
9.7,45.0,14.8,10.6,4.87,9.4,0.0,89
9.1,47.0,14.0,10.3,4.94,9.4,0.0,87
8.7,47.0,14.3,10.2,5.34,9.4,0.0,88
8.3,46.0,13.6,9.7,4.87,9.1,0.0,89
8.4,45.0,13.5,10.1,4.25,8.8,0.0,91
8.2,44.0,14.2,10.6,4.41,8.7,0.0,92
8.3,43.0,15.2,11.5,4.68,9.1,0.0,91
8.5,42.0,16.2,12.6,4.64,8.6,0.0,92
8.3,41.0,16.5,13.0,4.65,8.2,0.0,93
8.0,40.0,16.6,12.7,5.03,8.4,0.0,93
8.0,39.0,17.1,12.2,5.42,8.8,6.0,94
8.0,40.0,16.7,12.3,5.59,9.4,75.0,93
8.4,40.0,15.5,11.7,5.55,10.1,118.0,91
9.0,42.0,14.0,10.0,5.66,10.6,187.0,90
8.7,45.0,12.6,8.9,5.52,10.8,155.0,89
9.0,49.0,11.9,10.1,5.19,11.0,134.0,90
7.9,48.0,11.0,8.2,6.18,11.1,66.0,89
8.5,46.0,10.1,8.5,5.99,11.3,48.0,88
9.0,44.0,9.7,8.3,6.03,11.2,22.0,90
9.0,45.0,7.7,6.0,5.15,10.9,2.0,95
9.7,44.0,6.6,4.5,5.99,11.2,0.0,96
7.1,46.0,6.7,4.0,4.95,11.3,0.0,95
7.7,46.0,4.2,4.2,4.65,10.9,0.0,93
6.3,46.0,4.2,3.7,4.77,10.3,0.0,94
5.3,55.0,4.5,3.0,4.97,10.1,0.0,95
5.1,55.0,5.6,3.0,5.01,9.9,0.0,95
5.0,52.0,8.4,3.6,4.9,9.6,0.0,95
5.1,54.0,10.4,4.2,4.17,9.9,0.0,95
4.9,55.0,10.1,4.2,3.99,9.4,0.0,96
4.7,54.0,9.9,4.5,4.38,9.1,0.0,97
4.6,53.0,10.4,4.7,4.25,8.8,0.0,97
4.9,51.0,11.6,4.9,4.36,8.6,0.0,98
5.7,47.0,12.2,5.4,4.99,8.8,0.0,97
6.3,47.0,12.4,5.5,4.87,9.6,0.0,96
6.1,48.0,11.5,6.7,5.43,9.8,3.0,96
6.0,50.0,11.0,7.6,6.32,10.2,45.0,94
5.6,49.0,8.6,6.4,6.05,10.5,80.0,92
5.6,48.0,6.5,4.9,5.67,10.8,141.0,90
5.8,48.0,7.1,4.0,5.04,11.4,181.0,84
5.2,52.0,6.6,3.7,4.6,11.6,228.0,77
3.8,56.0,6.4,3.2,4.43,11.8,224.0,74
4.6,55.0,6.8,3.4,3.67,11.6,147.0,74
5.1,53.0,7.7,3.9,3.76,10.6,61.0,79
5.4,50.0,8.8,4.4,3.68,9.7,6.0,83
6.1,49.0,10.4,4.9,3.18,8.9,0.0,86
6.6,47.0,11.2,5.4,3.38,8.4,0.0,91
6.9,45.0,11.6,5.9,3.35,8.1,0.0,92
7.4,43.0,11.4,6.1,3.65,7.8,0.0,92
7.6,46.0,11.7,6.3,4.05,7.8,0.0,94
8.7,44.0,12.7,6.6,4.37,7.8,0.0,94
9.9,42.0,11.4,7.6,3.98,7.7,0.0,94
8.9,43.0,13.5,9.6,3.11,7.1,0.0,94
7.5,39.0,13.7,9.7,2.95,6.8,0.0,95
8.1,35.0,13.3,10.0,2.78,6.8,0.0,95
7.9,34.0,11.4,9.6,3.36,7.3,0.0,95
6.9,33.0,11.2,9.8,3.52,7.3,0.0,96
6.7,34.0,10.1,8.5,3.48,7.1,0.0,96
7.6,41.0,7.9,4.7,3.74,7.1,0.0,96
8.2,48.0,8.4,3.2,3.85,6.8,4.0,96
7.0,47.0,9.3,3.5,3.91,7.4,64.0,95
5.5,59.0,8.1,4.0,3.76,8.6,157.0,92
4.8,55.0,8.5,4.0,4.14,9.8,225.0,87
4.2,57.0,8.4,3.8,4.18,10.2,189.0,82
4.1,59.0,8.1,4.3,4.51,10.8,166.0,79
4.5,65.0,8.6,4.0,4.61,10.8,117.0,82
5.6,62.0,8.1,4.1,5.59,10.2,37.0,85
8.3,58.0,6.8,4.2,6.89,9.7,11.0,92
9.6,59.0,5.4,3.7,8.44,9.7,1.0,93
9.4,58.0,6.0,3.7,7.78,9.7,0.0,93
9.7,56.0,5.4,4.0,7.37,9.9,0.0,94
10.1,54.0,7.3,4.8,6.65,10.8,0.0,94
8.6,60.0,8.0,4.7,6.52,11.4,0.0,95
5.7,64.0,9.0,4.6,6.45,11.8,0.0,95
4.4,63.0,10.0,4.8,6.52,12.1,0.0,97
4.2,63.0,11.6,5.4,6.3,12.6,0.0,96
4.0,62.0,10.7,4.7,6.45,12.6,0.0,96
3.5,63.0,9.5,4.9,6.64,12.8,0.0,96
3.2,63.0,10.6,5.5,6.91,12.7,0.0,95
3.2,64.0,11.2,5.5,7.22,12.8,0.0,94
3.2,67.0,10.2,5.0,7.22,12.8,0.0,93
3.2,66.0,9.6,4.9,7.69,12.7,0.0,93
3.9,62.0,12.8,5.5,7.01,12.6,0.0,95
5.4,62.0,14.8,5.9,6.72,12.9,1.0,93
5.8,63.0,13.6,6.0,6.89,13.3,22.0,92
5.5,61.0,13.8,6.3,6.86,13.7,55.0,89
5.5,59.0,13.5,5.7,6.62,14.1,72.0,87
5.6,60.0,13.1,4.9,6.47,14.2,67.0,87
6.4,60.0,13.1,5.0,6.23,13.7,68.0,89
6.7,58.0,13.3,5.6,6.42,13.8,59.0,88
6.8,58.0,13.3,6.3,6.34,13.6,38.0,88
7.0,57.0,13.1,6.3,6.36,13.4,20.0,87
9.2,54.0,12.5,6.6,6.56,13.2,1.0,86
11.2,55.0,12.2,7.2,6.23,13.0,0.0,84
9.7,55.0,11.3,7.8,5.62,12.6,0.0,85
7.3,55.0,11.5,8.4,5.45,12.1,0.0,86
6.1,60.0,10.7,6.8,5.28,11.6,0.0,88
5.3,60.0,11.1,8.6,5.0,11.2,0.0,90
5.2,59.0,11.3,9.8,5.05,11.6,0.0,86
5.7,53.0,12.3,10.1,5.22,11.6,0.0,85
8.7,43.0,15.7,10.7,4.84,11.8,0.0,85
10.0,43.0,16.3,11.6,4.97,11.6,0.0,84
9.3,45.0,15.0,11.2,5.12,11.4,0.0,83
8.5,47.0,13.8,10.5,5.38,11.2,0.0,84
8.5,47.0,12.4,8.9,4.98,11.2,0.0,83
7.7,44.0,12.0,8.7,4.8,11.1,0.0,83
8.4,43.0,12.1,9.0,4.6,10.6,0.0,87
9.8,39.0,12.6,9.2,3.96,10.7,1.0,86
11.0,40.0,11.6,8.9,4.07,11.1,22.0,83
10.9,40.0,12.9,9.3,4.46,11.9,50.0,80
10.8,41.0,13.6,9.8,3.98,12.8,139.0,79
9.9,44.0,13.8,9.8,4.45,13.2,129.0,78
9.9,46.0,12.9,8.8,4.19,13.6,175.0,78
10.5,47.0,12.5,8.3,4.22,13.6,171.0,78
10.6,47.0,12.2,7.9,4.66,13.5,91.0,78
12.5,45.0,11.8,7.4,3.9,12.9,54.0,80
13.8,43.0,11.8,7.5,3.65,12.1,4.0,83
14.9,40.0,11.9,7.8,3.58,11.5,0.0,85
15.8,38.0,11.9,8.3,3.29,11.1,0.0,87
14.9,37.0,11.9,8.9,3.02,11.4,0.0,86
14.6,35.0,12.3,9.5,3.39,11.1,0.0,87
14.4,35.0,12.9,10.1,3.45,11.3,0.0,84
13.8,36.0,13.7,10.8,3.04,11.2,0.0,84
13.9,34.0,14.4,11.3,2.86,11.4,0.0,84
13.4,33.0,15.5,12.7,2.57,11.4,0.0,86
13.3,33.0,16.7,13.4,2.45,11.4,0.0,87
13.3,31.0,17.3,13.8,2.73,11.4,0.0,87
13.4,28.0,18.0,14.0,2.72,11.4,0.0,86
13.0,27.0,18.5,13.7,2.93,10.6,0.0,88
13.4,24.0,17.2,13.6,3.0,10.1,0.0,89
17.8,18.0,19.5,14.6,2.69,10.1,0.0,92
20.5,17.0,21.0,13.9,3.0,9.9,2.0,93
16.1,21.0,22.0,14.5,2.97,10.3,55.0,92
13.3,25.0,18.5,14.7,2.28,11.1,126.0,90
10.7,36.0,16.4,14.0,2.67,11.8,183.0,85
10.4,40.0,15.8,12.6,2.91,12.4,257.0,79
10.6,43.0,14.0,11.9,2.28,13.3,261.0,73
11.9,45.0,13.4,11.2,2.26,13.1,223.0,74
14.1,46.0,12.5,10.4,2.56,12.3,152.0,79
17.7,41.0,11.8,9.5,2.77,11.1,62.0,83
21.7,34.0,11.7,8.5,3.54,10.6,3.0,86
22.0,28.0,12.0,8.7,3.63,10.5,0.0,86
20.7,29.0,12.1,9.2,3.82,10.3,0.0,88
20.2,37.0,12.4,10.0,3.84,9.9,0.0,89
18.7,31.0,14.5,11.1,3.62,9.4,0.0,90
17.5,33.0,14.4,12.9,3.5,9.3,0.0,90
16.2,32.0,15.3,12.4,3.51,9.2,0.0,90
15.0,38.0,14.4,11.7,3.4,9.1,0.0,89
9.2,46.0,13.1,8.7,3.31,8.8,0.0,92
9.5,41.0,12.8,9.0,3.1,8.4,0.0,93
10.5,41.0,13.6,9.3,3.15,8.1,0.0,93
11.3,39.0,15.5,10.4,3.16,7.9,0.0,93
11.7,36.0,16.1,12.0,3.51,7.9,0.0,94
11.4,34.0,16.3,13.3,3.65,7.8,0.0,94
11.8,32.0,16.7,13.6,3.89,7.5,0.0,94
13.5,30.0,17.2,14.1,3.69,7.3,1.0,94
13.3,31.0,17.2,13.8,4.05,8.1,46.0,95
10.3,35.0,17.0,13.8,4.27,9.1,128.0,91
9.5,39.0,17.2,14.1,3.73,9.4,178.0,88
9.3,42.0,17.8,14.4,2.81,9.5,212.0,85
9.8,44.0,18.2,14.6,2.2,9.2,221.0,86
9.5,47.0,18.6,15.0,1.6,9.2,142.0,86
10.5,43.0,18.6,15.3,1.33,9.4,118.0,85
11.5,39.0,18.5,15.3,1.69,8.6,52.0,89
14.0,35.0,18.6,16.7,2.04,7.6,2.0,92
15.9,30.0,19.4,17.5,1.89,7.2,0.0,92
16.8,27.0,20.1,18.1,1.65,7.5,0.0,93
16.7,24.0,21.5,19.2,1.72,7.6,0.0,94
18.7,15.0,23.4,19.8,1.84,7.3,0.0,96
19.4,10.0,23.5,20.1,1.63,6.9,0.0,97
21.8,9.0,28.9,26.6,1.21,6.3,0.0,99
22.6,8.0,30.9,29.3,0.83,6.6,0.0,98
22.6,6.0,28.9,26.1,0.9,6.1,0.0,98
20.5,11.0,31.3,29.7,0.76,6.6,0.0,97
20.7,10.0,30.8,29.1,0.45,6.8,0.0,96
19.3,10.0,30.0,28.7,0.57,7.1,0.0,96
20.5,9.0,29.0,26.6,0.65,7.3,0.0,96
20.3,10.0,30.1,26.7,0.7,7.6,0.0,95
18.6,12.0,28.9,25.8,1.0,8.0,0.0,94
17.4,14.0,27.7,25.5,0.85,8.1,0.0,93
17.3,16.0,29.1,26.2,0.87,8.6,15.0,92
14.0,17.0,28.0,25.6,1.1,9.1,57.0,91
13.9,20.0,25.3,23.3,2.08,9.6,91.0,87
14.0,24.0,23.0,20.7,2.18,9.6,88.0,86
12.8,29.0,20.7,19.0,1.83,9.1,80.0,87
12.0,33.0,19.9,18.6,1.55,8.9,58.0,86
12.2,34.0,20.1,18.5,1.47,8.8,44.0,86
12.3,31.0,20.5,18.8,1.78,8.4,18.0,88
12.7,31.0,20.2,18.8,1.83,8.0,1.0,90
12.5,33.0,20.5,19.1,1.82,7.8,0.0,90
11.0,40.0,21.7,19.0,1.89,7.8,0.0,91
10.1,44.0,21.9,17.9,1.67,7.8,0.0,91
9.2,46.0,20.7,16.9,1.95,7.6,0.0,90
8.2,50.0,18.9,15.9,1.91,7.4,0.0,90
8.7,49.0,17.9,15.7,1.68,7.2,0.0,90
9.2,47.0,18.0,15.8,1.57,7.0,0.0,90
9.0,53.0,17.5,15.4,1.6,6.8,0.0,90
9.5,50.0,17.2,15.3,1.45,6.7,0.0,90
9.8,50.0,17.4,15.2,1.36,6.7,0.0,90
9.9,51.0,18.0,15.4,1.2,6.6,0.0,91
10.1,53.0,18.9,16.1,1.14,6.4,0.0,93
10.8,51.0,19.3,16.4,0.94,6.3,0.0,94
12.1,48.0,19.7,16.8,0.65,6.4,0.0,94
14.5,50.0,20.2,17.1,0.5,6.6,0.0,91
14.5,39.0,20.2,17.2,0.79,6.9,18.0,85
12.3,46.0,20.9,17.2,0.92,7.1,50.0,83
10.3,49.0,19.4,16.9,0.9,7.4,87.0,81
9.5,51.0,18.8,15.4,0.81,7.8,104.0,80
8.0,59.0,18.6,15.0,0.15,7.4,89.0,81
6.9,58.0,16.7,14.6,0.47,7.4,53.0,82
7.3,59.0,16.0,14.3,0.79,7.4,39.0,83
9.9,60.0,16.8,14.5,0.54,7.2,14.0,86
12.8,54.0,17.3,14.5,0.9,7.1,1.0,88
14.0,50.0,17.8,15.4,1.29,7.0,0.0,89
13.8,48.0,19.0,15.7,1.06,6.9,0.0,89
15.2,42.0,20.3,16.3,0.71,6.8,0.0,90
15.5,34.0,21.9,18.8,0.67,6.7,0.0,90
16.3,30.0,23.2,20.3,0.81,6.7,0.0,89
18.3,27.0,23.0,21.5,0.63,5.9,0.0,93
18.9,28.0,23.0,21.0,0.67,4.8,0.0,95
15.6,31.0,22.2,20.6,0.59,5.2,0.0,98
15.0,31.0,22.4,20.5,0.67,5.2,0.0,97
14.4,30.0,22.4,19.7,0.35,5.0,0.0,98
15.4,30.0,22.2,18.9,1.06,5.0,0.0,97
16.2,30.0,22.0,18.9,0.43,5.1,0.0,96
17.3,31.0,21.9,19.6,1.66,5.4,0.0,91
21.4,30.0,21.0,19.8,2.21,5.9,0.0,88
29.3,24.0,22.6,20.4,1.63,5.8,0.0,89
31.3,18.0,25.1,21.2,1.39,6.1,23.0,90
25.0,22.0,22.5,19.8,0.61,6.8,63.0,90
14.6,32.0,18.5,16.7,0.89,7.9,139.0,87
9.8,44.0,16.1,14.2,1.8,8.7,205.0,83
7.6,52.0,14.4,11.3,2.8,8.9,189.0,84
6.5,60.0,12.6,10.7,2.7,8.8,153.0,86
6.0,61.0,12.3,10.8,2.66,8.4,117.0,87
7.5,57.0,12.7,11.2,2.28,7.9,38.0,89
9.2,56.0,12.2,10.5,2.75,7.6,1.0,91
9.9,55.0,12.6,10.0,3.11,7.5,0.0,90
9.1,53.0,13.4,10.4,3.6,7.6,0.0,89
7.6,50.0,14.2,10.6,3.51,7.4,0.0,91
7.3,47.0,13.6,11.2,3.49,7.7,0.0,90
7.9,42.0,13.7,11.9,3.51,7.6,0.0,91
6.8,45.0,13.3,9.7,3.96,7.4,0.0,93
5.3,53.0,12.8,10.4,4.06,7.5,0.0,91
4.5,56.0,11.6,8.4,3.88,7.4,0.0,91
4.9,54.0,13.7,10.1,3.86,7.6,0.0,89
5.8,50.0,14.3,10.6,3.87,7.6,0.0,88
5.3,56.0,14.8,9.4,3.94,7.6,0.0,87
4.7,58.0,15.7,9.7,4.03,7.8,0.0,85
5.2,55.0,16.9,10.0,4.33,8.1,0.0,84
4.6,55.0,15.1,10.5,4.18,8.1,0.0,86
5.7,50.0,13.2,10.7,4.41,8.4,0.0,87
7.5,44.0,15.7,12.8,4.4,8.4,12.0,89
7.5,44.0,15.4,9.7,4.33,8.6,32.0,90
8.2,42.0,12.5,8.2,4.31,8.6,44.0,91
8.7,44.0,11.7,10.9,4.92,9.2,101.0,87
9.1,44.0,12.3,10.5,4.41,8.4,55.0,95
9.9,39.0,11.8,9.7,3.87,8.9,67.0,95
11.6,38.0,11.7,8.7,2.92,9.5,56.0,94
13.3,44.0,10.3,8.0,2.98,9.5,24.0,94
14.0,48.0,10.0,7.0,3.09,9.3,0.0,94
11.5,44.0,11.4,6.6,3.54,8.9,0.0,95
12.9,43.0,11.9,6.7,3.72,8.4,0.0,96
10.4,46.0,10.6,6.9,3.79,8.2,0.0,96
7.6,47.0,10.1,6.3,3.62,7.7,0.0,97
7.0,52.0,9.6,6.1,3.9,7.6,0.0,96
7.7,46.0,12.4,6.7,4.81,7.8,0.0,97
7.9,44.0,16.1,8.1,4.7,8.3,0.0,98
7.5,41.0,14.1,10.7,5.23,8.8,0.0,96
6.9,42.0,14.5,10.9,5.37,8.8,0.0,95
7.0,46.0,14.4,12.5,5.46,8.9,0.0,95
6.6,46.0,16.4,14.1,5.61,8.7,0.0,96
7.2,44.0,19.0,15.8,6.05,8.8,0.0,95
8.7,45.0,18.2,15.3,6.51,8.9,0.0,94
8.5,45.0,16.7,13.9,6.72,9.2,0.0,92
8.2,47.0,14.5,12.4,6.89,9.4,0.0,90
8.0,51.0,13.0,11.0,7.18,9.6,6.0,87
7.5,54.0,11.4,9.6,7.11,9.7,65.0,91
7.4,56.0,10.6,8.0,6.72,10.2,72.0,88
7.6,57.0,10.3,6.8,7.01,10.8,99.0,86
7.3,58.0,10.2,6.3,7.0,11.6,65.0,82
7.1,59.0,10.3,6.1,6.51,12.2,55.0,79
8.0,60.0,10.0,5.9,6.14,12.1,24.0,80
9.2,57.0,8.4,5.6,6.31,11.8,19.0,82
9.0,56.0,8.6,5.7,5.99,11.2,0.0,87
8.7,57.0,8.1,5.2,5.97,10.8,0.0,93
9.5,55.0,8.5,6.0,6.04,10.9,0.0,92
9.2,53.0,9.7,7.0,5.8,10.6,0.0,92
9.0,50.0,11.5,8.1,5.99,10.6,0.0,94
9.0,47.0,13.2,9.4,6.27,10.9,0.0,92
9.5,44.0,15.3,10.8,6.31,11.1,0.0,91
9.6,42.0,17.1,12.1,6.4,11.4,0.0,90
7.8,44.0,19.6,13.3,5.69,10.8,0.0,92
7.6,44.0,18.5,12.2,5.66,10.9,0.0,92
7.7,43.0,19.6,11.7,5.52,10.9,0.0,93
7.6,44.0,20.6,12.8,5.45,11.1,0.0,92
7.7,44.0,20.8,14.0,5.23,11.0,0.0,92
7.4,43.0,21.8,15.3,5.02,11.1,0.0,91
7.8,44.0,21.6,16.2,5.22,10.8,0.0,91
9.3,44.0,21.8,15.7,5.39,10.8,0.0,90
8.9,43.0,22.0,14.8,5.4,10.6,12.0,88
8.3,43.0,21.6,13.6,5.34,10.9,30.0,87
7.7,47.0,18.7,11.7,5.09,11.9,161.0,84
7.6,51.0,18.1,9.0,4.88,12.4,144.0,83
6.6,54.0,18.2,7.8,5.48,12.8,136.0,85
5.2,56.0,12.0,7.4,7.88,13.1,48.0,86
4.9,60.0,10.9,5.6,9.13,13.4,55.0,84
5.5,61.0,9.7,5.4,9.27,12.9,29.0,82
6.1,59.0,6.1,4.5,8.9,12.1,0.0,88
6.9,64.0,5.0,2.9,5.76,8.4,0.0,86
5.5,69.0,4.8,2.6,6.14,6.7,0.0,86
5.0,73.0,5.2,2.9,5.41,6.3,0.0,83
4.5,69.0,6.1,2.9,4.98,6.6,0.0,81
5.8,64.0,6.7,4.3,3.92,6.2,0.0,81
6.6,59.0,7.5,4.0,2.86,5.7,0.0,85
6.6,59.0,8.1,4.1,1.52,4.8,0.0,89
5.9,58.0,7.3,3.6,2.11,4.0,0.0,91
6.3,52.0,7.4,3.8,2.38,4.2,0.0,90
5.6,49.0,7.0,3.7,2.35,4.2,0.0,89
5.2,47.0,7.2,3.5,2.36,4.2,0.0,89
5.3,45.0,6.6,3.4,2.23,3.9,0.0,91
6.2,43.0,6.3,3.5,2.02,3.8,0.0,92
8.5,40.0,6.6,3.8,2.26,3.1,0.0,94
12.7,34.0,7.1,4.4,2.15,3.1,0.0,94
18.0,31.0,8.0,5.0,2.17,3.5,22.0,93
18.2,32.0,8.4,4.9,2.04,4.4,82.0,90
16.1,36.0,8.2,4.9,2.28,5.3,143.0,85
12.6,40.0,7.6,4.8,2.4,5.9,184.0,81
8.2,51.0,6.6,4.6,3.3,6.6,186.0,83
7.7,57.0,6.0,3.4,3.38,6.7,112.0,81
8.5,56.0,6.1,3.3,2.98,6.4,91.0,81
9.8,54.0,5.9,3.4,2.92,5.8,28.0,85
10.5,50.0,5.6,3.7,3.05,5.2,0.0,87
10.3,47.0,5.5,3.7,2.97,4.8,0.0,87
9.8,48.0,5.7,3.8,3.11,4.0,0.0,88
8.7,51.0,5.6,3.7,2.8,3.8,0.0,88
6.9,52.0,5.3,3.4,2.8,3.5,0.0,90
6.1,54.0,5.2,3.0,3.07,3.8,0.0,86
5.4,59.0,5.0,2.7,4.3,4.0,0.0,79
4.5,63.0,4.8,2.3,4.84,4.0,0.0,77
3.1,67.0,5.3,2.2,4.45,3.7,0.0,74
2.8,68.0,5.0,2.0,4.14,3.2,0.0,76
2.9,67.0,4.4,1.9,3.75,3.0,0.0,79
3.0,66.0,4.0,1.8,3.82,2.8,0.0,80
3.1,62.0,3.8,1.7,4.21,2.8,0.0,79
3.3,61.0,3.7,1.7,4.11,2.8,0.0,80
3.5,61.0,3.7,1.7,3.63,2.2,0.0,83
3.8,62.0,3.7,1.7,3.54,2.0,0.0,86
3.9,61.0,3.7,1.7,3.16,2.6,31.0,85
3.6,63.0,3.7,1.6,2.76,3.7,117.0,81
2.6,65.0,3.7,1.5,2.85,4.8,191.0,72
2.5,67.0,3.6,1.4,2.92,5.3,233.0,67
2.9,68.0,3.5,1.5,3.13,5.4,235.0,66
3.3,68.0,3.4,1.5,2.75,5.1,197.0,66
4.1,67.0,3.5,1.6,2.1,4.6,126.0,70
6.0,63.0,3.8,1.8,1.84,3.3,40.0,76
7.2,62.0,3.8,2.0,1.95,2.7,0.0,78
7.4,59.0,3.8,2.2,1.61,2.2,0.0,80
7.7,55.0,4.1,2.3,1.97,1.7,0.0,82
7.5,53.0,4.1,2.4,1.52,1.4,0.0,83
7.1,54.0,4.2,2.4,1.25,1.0,0.0,84
7.4,53.0,4.3,2.2,0.65,1.4,0.0,84
7.8,52.0,4.4,2.4,0.32,2.0,0.0,84
8.5,49.0,4.8,3.1,0.2,1.7,0.0,86
11.8,37.0,7.2,4.7,1.68,0.4,0.0,88
13.8,33.0,8.4,6.3,1.86,-0.1,0.0,89
13.4,33.0,10.0,7.9,2.12,-0.6,0.0,90
10.8,32.0,10.3,8.0,1.78,-1.4,0.0,89
9.2,36.0,10.6,7.7,1.93,-1.9,0.0,89
8.0,40.0,9.8,7.0,2.58,-2.1,0.0,90
8.2,39.0,8.7,6.6,2.48,-2.2,0.0,86
8.2,39.0,8.4,6.3,2.93,-2.1,0.0,81
8.4,48.0,8.2,5.9,3.32,-0.2,21.0,68
7.3,53.0,8.0,5.2,3.46,1.7,97.0,65
6.0,56.0,8.2,4.3,4.24,3.2,168.0,68
5.2,60.0,7.6,3.5,3.57,4.0,190.0,70
3.8,62.0,6.7,3.3,3.46,4.6,161.0,77
3.4,67.0,6.6,3.3,4.55,4.7,123.0,78
3.8,66.0,7.4,3.2,4.84,4.4,56.0,79
4.1,63.0,7.1,3.3,4.97,3.8,28.0,84
3.8,64.0,6.3,3.2,5.12,3.1,0.0,89
4.0,66.0,7.2,3.2,5.2,3.2,0.0,91
3.9,66.0,7.7,3.8,4.95,3.2,0.0,94
3.6,68.0,8.4,4.0,4.75,3.2,0.0,94
3.4,67.0,8.5,3.6,4.75,2.5,0.0,94
3.4,66.0,8.6,3.4,4.85,2.3,0.0,92
3.3,64.0,8.2,3.3,4.96,2.0,0.0,90
2.9,62.0,7.8,3.0,4.76,1.5,0.0,89
2.9,62.0,7.9,2.9,4.86,1.1,0.0,88
2.9,61.0,7.8,2.8,4.77,0.9,0.0,88
2.8,58.0,7.6,2.6,4.63,0.9,0.0,88
2.8,55.0,7.4,2.5,4.5,0.7,0.0,88
3.2,55.0,6.7,2.5,4.27,0.6,0.0,88
3.8,52.0,6.4,2.6,3.79,0.5,0.0,87
6.7,48.0,5.8,2.8,3.73,0.1,0.0,87
9.2,46.0,5.4,3.1,4.17,0.3,0.0,88
8.2,47.0,5.2,3.3,4.48,1.1,21.0,87
6.2,49.0,5.5,3.7,5.08,1.5,100.0,85
5.4,58.0,5.7,3.1,4.41,2.8,168.0,80
4.5,63.0,5.3,3.0,3.99,3.6,215.0,78
3.8,64.0,5.3,2.5,4.16,4.1,224.0,78
4.4,66.0,5.0,2.5,3.68,4.4,187.0,74
5.6,61.0,5.4,2.5,3.93,4.2,114.0,74
8.0,58.0,5.1,2.8,3.96,3.0,34.0,70
8.8,55.0,6.4,3.5,4.72,2.2,0.0,69
9.7,52.0,6.7,4.5,4.2,1.6,0.0,72
10.9,48.0,7.8,5.2,3.5,1.0,0.0,79
11.1,45.0,8.3,6.4,3.65,0.6,0.0,82
11.0,43.0,8.6,7.5,3.9,0.8,0.0,82
11.7,42.0,11.6,7.2,4.19,1.2,0.0,79
10.8,40.0,12.0,7.4,4.11,1.2,0.0,82
8.2,46.0,12.1,6.5,3.9,1.1,0.0,85
5.6,53.0,11.4,5.0,4.15,1.2,0.0,87
4.3,57.0,10.8,4.5,4.45,1.5,0.0,87
3.5,58.0,9.6,4.1,4.55,2.0,0.0,86
2.8,60.0,8.9,3.7,4.8,2.5,0.0,84
2.7,62.0,8.7,3.5,4.95,2.8,0.0,83
2.8,64.0,8.9,3.4,4.86,2.6,0.0,85
3.7,62.0,9.2,3.6,4.71,2.5,0.0,86
6.3,61.0,9.7,3.8,4.82,2.2,0.0,87
7.5,61.0,9.4,3.7,4.85,2.3,18.0,87
6.6,62.0,9.1,3.6,4.85,3.2,76.0,84
5.8,63.0,8.8,3.4,4.81,4.2,143.0,79
4.6,67.0,8.7,3.4,4.45,4.8,171.0,76
3.9,72.0,8.4,3.0,4.08,4.8,182.0,80
3.8,70.0,8.1,3.4,3.99,4.8,169.0,78
6.0,66.0,7.8,3.7,3.75,4.3,103.0,80
7.9,64.0,8.1,4.1,3.58,3.2,26.0,85
9.4,57.0,8.7,4.6,3.61,2.7,0.0,87
9.7,53.0,9.1,5.2,3.5,2.2,0.0,88
10.6,51.0,9.9,5.8,3.48,1.8,0.0,89
10.1,52.0,10.6,6.2,3.47,1.4,0.0,90
10.4,47.0,11.0,6.9,3.36,1.3,0.0,90
10.5,45.0,11.4,7.3,3.1,1.0,0.0,90
9.8,44.0,11.7,7.5,3.03,0.7,0.0,91
8.8,44.0,10.1,5.8,3.06,0.6,0.0,91
7.5,45.0,11.2,6.5,3.11,0.6,0.0,91
6.7,46.0,10.7,6.4,2.97,0.6,0.0,91
6.5,46.0,9.7,6.0,2.57,0.5,0.0,91
6.0,45.0,9.6,5.8,2.56,-0.1,0.0,91
6.2,44.0,9.2,5.7,2.66,-0.6,0.0,91
7.5,42.0,8.2,5.8,2.58,-0.6,0.0,92
12.3,35.0,8.7,5.9,2.56,-0.9,0.0,92
16.4,26.0,9.2,6.4,1.86,-0.9,0.0,93
23.5,25.0,9.6,6.7,2.02,-0.9,15.0,94
20.5,27.0,9.0,5.8,1.85,0.2,81.0,94
16.6,40.0,8.3,5.2,1.81,1.4,149.0,90
12.5,52.0,7.6,4.7,1.72,2.2,174.0,88
9.5,58.0,7.1,4.5,2.31,2.4,194.0,88
11.7,45.0,7.1,4.4,2.23,2.5,153.0,88
13.2,48.0,7.3,4.7,2.17,2.0,89.0,91
14.5,39.0,7.7,4.8,2.87,0.9,26.0,94
17.8,39.0,8.5,5.5,3.47,0.1,0.0,94
18.9,38.0,8.2,6.2,4.07,-0.2,0.0,92
15.0,35.0,7.4,6.0,4.42,0.9,0.0,89
11.3,35.0,6.9,5.8,4.2,0.6,0.0,90
10.7,34.0,6.6,5.0,4.21,0.4,0.0,89
7.8,44.0,5.5,3.6,4.26,0.2,0.0,90
5.9,50.0,4.9,3.2,4.37,0.1,0.0,90
4.7,53.0,5.1,2.9,4.65,0.4,0.0,87
3.5,55.0,5.4,2.5,4.38,0.5,0.0,82
3.3,55.0,4.9,2.2,4.71,0.3,0.0,81
2.8,56.0,5.0,2.0,5.6,0.6,0.0,80
2.5,57.0,4.8,2.1,5.24,0.9,0.0,76
2.4,55.0,4.7,2.1,5.12,0.9,0.0,75
2.4,56.0,4.7,1.9,5.28,0.4,0.0,76
2.4,57.0,4.7,2.0,5.6,0.8,0.0,74
3.1,60.0,4.6,1.9,5.36,0.4,0.0,76
2.9,64.0,4.6,1.8,5.72,0.6,14.0,76
2.7,67.0,4.5,1.8,5.97,0.9,63.0,74
2.4,72.0,4.2,2.0,5.47,0.9,106.0,73
2.2,74.0,4.6,1.8,5.32,1.1,146.0,71
2.1,74.0,4.8,1.7,6.05,1.2,158.0,68
2.4,70.0,3.8,1.2,6.26,1.1,103.0,66
2.6,67.0,3.3,1.2,5.98,0.4,83.0,68
3.2,67.0,3.3,1.3,5.55,-0.4,22.0,68
3.8,66.0,4.0,1.5,5.56,-1.0,0.0,70
4.0,67.0,4.4,1.8,5.45,-1.3,0.0,72
3.9,67.0,4.6,2.4,5.46,-1.0,0.0,74
3.6,67.0,4.8,2.4,5.7,-1.3,0.0,76
3.5,67.0,4.8,2.3,5.48,-1.3,0.0,77
3.3,70.0,4.8,2.4,5.1,-1.5,0.0,79
3.4,73.0,4.9,2.4,5.26,-1.4,0.0,79
3.2,69.0,4.9,2.6,5.08,-1.5,0.0,80
4.7,66.0,5.3,2.5,4.7,-1.7,0.0,76
4.9,63.0,5.7,3.0,4.37,-2.0,0.0,79
5.2,60.0,6.3,3.5,4.14,-2.0,0.0,79
5.0,58.0,7.0,3.8,4.06,-2.0,0.0,81
5.1,57.0,7.1,3.9,3.71,-2.0,0.0,82
5.6,54.0,7.4,4.1,3.53,-2.2,0.0,83
8.3,53.0,7.8,4.7,3.42,-2.7,0.0,81
11.6,49.0,8.3,4.8,3.43,-3.0,0.0,81
14.6,50.0,8.5,5.1,3.36,-2.8,17.0,79
14.4,47.0,8.3,4.9,3.26,-1.5,94.0,72
11.5,47.0,7.8,4.3,2.55,0.0,166.0,64
8.6,52.0,7.0,4.0,2.39,1.4,205.0,58
7.2,56.0,5.9,4.2,2.2,2.2,208.0,69
7.1,59.0,5.4,3.7,2.06,2.2,171.0,73
9.9,53.0,5.5,4.0,2.33,1.4,104.0,77
12.0,46.0,5.8,4.3,2.9,-0.2,26.0,81
13.4,45.0,6.3,4.6,3.22,-0.9,0.0,82
12.6,48.0,6.8,5.2,3.61,-1.0,0.0,81
12.5,48.0,7.8,6.1,4.0,-0.9,0.0,77
12.7,48.0,8.8,7.0,4.22,-1.0,0.0,78
12.2,46.0,9.2,7.5,4.21,-1.0,0.0,79
11.0,44.0,8.8,6.8,4.03,-0.9,0.0,81
9.2,47.0,7.8,5.8,4.11,-0.7,0.0,83
7.2,48.0,7.0,4.7,4.21,-0.3,0.0,84
5.2,55.0,7.2,4.2,4.14,-1.0,0.0,85
4.5,59.0,7.4,3.6,4.17,-0.9,0.0,86
4.1,59.0,7.3,3.5,4.18,-0.5,0.0,85
4.1,59.0,6.6,3.6,4.37,-0.1,0.0,84
3.6,58.0,5.8,3.2,4.83,0.6,0.0,85
3.2,57.0,5.4,2.7,4.82,1.1,0.0,85
3.2,56.0,5.5,2.4,4.72,1.0,0.0,88
3.4,57.0,5.8,2.6,4.67,1.4,0.0,88
3.6,60.0,6.3,2.8,4.79,1.5,10.0,91
3.7,61.0,6.6,2.8,5.08,2.5,49.0,88
3.8,60.0,7.4,3.1,5.46,4.0,107.0,83
3.8,59.0,8.2,3.6,5.33,4.8,129.0,78
4.1,58.0,8.8,4.2,5.41,4.9,133.0,81
4.7,58.0,9.7,4.5,5.17,4.9,135.0,81
6.9,60.0,10.4,4.5,5.37,4.4,80.0,85
6.4,60.0,10.7,4.9,6.13,4.1,17.0,84
10.1,55.0,12.1,6.4,6.33,3.5,0.0,88
8.3,49.0,14.1,8.9,6.38,3.4,0.0,90
9.3,47.0,17.0,11.8,6.13,3.5,0.0,93
9.6,50.0,18.9,13.2,6.31,3.2,0.0,90
9.4,52.0,18.2,13.9,6.26,2.8,0.0,86
8.7,51.0,18.0,12.6,6.44,2.6,0.0,80
7.4,53.0,17.4,13.1,6.51,2.6,0.0,71
6.4,54.0,17.5,12.5,6.5,2.6,0.0,69
6.5,56.0,16.1,12.4,6.4,2.8,0.0,68
6.4,56.0,16.2,12.8,6.58,2.6,0.0,67
6.3,53.0,15.4,12.3,6.75,2.5,0.0,64
7.0,52.0,14.6,11.0,6.52,2.1,0.0,62
7.5,49.0,15.1,11.3,7.18,1.9,0.0,61
7.7,49.0,15.3,12.4,7.02,1.8,0.0,63
7.2,52.0,13.9,11.0,6.8,1.4,0.0,68
6.8,53.0,12.4,9.8,6.48,1.1,0.0,68
6.8,55.0,11.3,9.3,6.35,1.2,12.0,69
7.6,58.0,9.9,8.3,6.31,1.6,66.0,67
7.0,60.0,8.8,7.1,6.25,2.2,151.0,65
6.4,62.0,8.2,6.5,6.07,2.5,170.0,63
6.6,63.0,8.0,6.5,5.27,2.7,107.0,64
6.7,64.0,7.8,6.4,5.88,2.8,119.0,62
6.8,65.0,7.1,5.5,5.77,2.6,64.0,65
7.1,62.0,6.8,5.3,6.07,2.5,13.0,72
6.1,64.0,7.0,4.9,6.82,3.0,0.0,74
5.1,65.0,6.9,5.0,7.47,3.2,0.0,76
5.0,65.0,7.5,5.1,7.56,3.6,0.0,76
4.6,67.0,8.4,5.3,7.41,3.5,0.0,73
4.3,68.0,8.4,5.1,7.44,3.5,0.0,68
4.0,68.0,8.4,4.6,7.4,3.3,0.0,71
3.9,66.0,8.3,4.3,7.4,3.3,0.0,69
4.1,68.0,8.1,4.5,7.52,3.0,0.0,69
3.9,67.0,8.2,4.5,6.99,2.6,0.0,72
4.0,67.0,6.7,3.9,7.57,2.4,0.0,73
4.1,68.0,6.5,4.0,7.25,1.8,0.0,83
4.3,67.0,6.6,3.8,6.93,1.4,0.0,87
4.4,64.0,6.6,4.4,6.74,1.2,0.0,88
4.7,62.0,6.6,4.6,6.87,1.1,0.0,88
5.1,60.0,6.8,5.2,6.96,0.8,0.0,86
5.4,58.0,7.3,6.0,6.49,0.8,0.0,86
5.6,55.0,8.0,6.3,5.93,0.9,2.0,87
5.9,55.0,9.0,7.8,5.57,1.0,14.0,88
6.4,54.0,9.5,8.3,5.11,1.3,35.0,87
6.8,54.0,9.5,8.4,4.82,1.6,42.0,87
6.9,52.0,9.1,8.1,5.21,1.9,41.0,87
6.9,50.0,8.0,6.5,4.9,2.2,47.0,87
7.4,48.0,5.5,5.0,4.76,2.2,27.0,87
8.2,49.0,4.8,4.4,4.73,2.2,6.0,88
8.9,49.0,3.9,3.6,4.4,1.9,0.0,90
9.2,46.0,3.4,3.2,4.62,1.9,0.0,91
10.0,47.0,2.9,2.5,4.7,2.0,0.0,94
10.9,45.0,3.3,2.8,5.18,2.4,0.0,97
11.9,40.0,3.4,2.9,5.01,2.8,0.0,97
12.8,37.0,3.7,3.3,5.09,3.0,0.0,96
13.7,35.0,4.4,3.9,4.92,3.0,0.0,96
14.3,33.0,4.9,4.4,4.54,3.1,0.0,95
13.5,33.0,5.7,5.5,4.06,3.6,0.0,95
12.5,34.0,6.5,6.3,3.36,3.5,0.0,93
9.6,37.0,8.7,7.4,3.36,3.4,0.0,94
8.2,40.0,6.7,5.5,3.48,3.4,0.0,94
8.7,41.0,6.8,6.2,3.64,3.6,0.0,94
10.0,39.0,7.1,6.4,4.22,3.5,0.0,95
12.3,39.0,6.5,6.3,4.04,3.8,0.0,95
12.2,35.0,7.2,6.7,3.98,3.6,0.0,97
10.7,39.0,9.1,7.4,3.95,3.5,1.0,98
8.6,43.0,9.7,7.7,3.33,3.5,12.0,97
7.7,44.0,9.8,7.8,2.55,3.9,21.0,97
7.6,43.0,10.8,8.2,2.01,4.2,24.0,96
8.4,42.0,11.4,8.3,1.84,4.3,25.0,94
9.9,44.0,11.9,8.5,2.06,4.2,25.0,97
9.8,46.0,12.2,8.6,2.46,4.2,29.0,96
9.5,44.0,9.9,8.0,2.76,3.6,9.0,97
9.2,42.0,10.0,7.7,3.34,3.8,0.0,96
8.2,43.0,10.5,7.6,3.69,3.6,0.0,96
7.4,47.0,10.2,7.7,3.45,3.5,0.0,94
7.2,47.0,10.4,8.0,3.44,3.4,0.0,94
7.6,44.0,9.6,7.6,3.54,3.3,0.0,94
7.9,44.0,9.4,7.9,3.29,3.3,0.0,94
8.5,42.0,9.0,7.4,3.11,3.2,0.0,94
7.3,42.0,7.9,6.7,2.82,2.8,0.0,93
6.9,45.0,7.2,6.0,2.22,2.9,0.0,93
6.8,41.0,6.9,5.7,2.36,2.5,0.0,94
6.3,41.0,6.9,5.9,2.89,2.0,0.0,94
6.0,40.0,7.0,6.0,3.1,1.5,0.0,93
5.9,40.0,7.1,6.2,3.27,1.5,0.0,92
6.3,45.0,7.3,6.4,3.35,1.5,0.0,91
7.6,44.0,8.4,7.4,3.07,1.1,0.0,92
10.6,41.0,9.3,8.2,2.67,0.6,0.0,92
13.8,40.0,9.8,8.0,2.55,0.4,8.0,91
14.9,39.0,9.4,8.4,2.62,1.0,72.0,88
13.0,39.0,9.9,7.9,2.29,1.9,140.0,87
8.0,48.0,9.4,7.9,2.09,2.2,182.0,85
7.5,53.0,8.1,6.9,1.58,2.6,189.0,86
7.6,56.0,8.4,6.7,1.45,2.7,140.0,85
9.4,47.0,9.0,6.9,1.25,1.9,86.0,90
12.7,41.0,9.7,7.8,1.77,0.4,18.0,93
20.9,40.0,12.4,10.1,1.69,-0.6,0.0,93
24.5,32.0,13.7,11.8,1.64,-1.3,0.0,93
28.2,29.0,15.5,13.1,0.51,-2.0,0.0,96
28.6,24.0,16.0,14.0,1.19,-2.5,0.0,98
27.4,28.0,16.5,14.8,1.98,-2.8,0.0,98
28.3,28.0,17.8,14.0,2.51,-2.8,0.0,98
27.0,20.0,17.3,12.5,2.9,-2.8,0.0,97
14.7,36.0,12.8,11.2,3.65,-2.4,0.0,99
8.6,45.0,11.8,10.5,4.32,-2.5,0.0,96
7.8,45.0,11.8,9.9,4.26,-0.9,0.0,94
7.0,41.0,12.4,10.5,4.46,0.9,0.0,92
5.4,44.0,11.3,9.8,4.92,1.5,0.0,94
6.0,41.0,11.6,9.5,5.54,2.5,0.0,94
7.8,36.0,13.5,10.5,6.28,3.2,0.0,94
10.5,36.0,15.4,12.6,6.43,3.7,0.0,94
9.4,41.0,16.3,12.5,7.07,3.7,0.0,93
8.3,44.0,15.8,10.5,7.57,3.5,3.0,93
8.2,47.0,14.5,10.1,8.18,3.3,12.0,94
7.5,49.0,12.3,9.4,8.73,3.5,22.0,94
7.1,50.0,9.7,7.4,8.75,3.7,18.0,96
7.2,49.0,8.4,6.2,7.98,4.2,21.0,95
8.5,48.0,7.5,6.6,8.03,4.7,35.0,95
9.9,47.0,6.0,5.3,7.7,5.3,21.0,95
10.8,46.0,7.0,4.5,7.48,6.2,5.0,95
11.5,47.0,7.1,5.1,7.06,7.1,0.0,96
11.6,47.0,8.8,5.6,6.72,7.6,0.0,97
10.8,48.0,9.4,5.9,6.64,7.4,0.0,97
9.0,51.0,9.8,5.3,7.09,7.9,0.0,97
7.6,56.0,9.1,4.8,7.41,8.4,0.0,96
6.1,59.0,7.1,4.1,7.29,8.7,0.0,96
6.4,56.0,6.8,3.8,7.45,8.9,0.0,95
6.6,54.0,7.3,4.2,7.59,9.1,0.0,97
6.2,52.0,5.8,3.5,7.43,9.2,0.0,96
7.1,53.0,5.8,3.1,7.42,9.6,0.0,95
6.9,53.0,6.4,3.1,6.87,9.6,0.0,96
6.8,53.0,8.0,3.5,6.8,9.9,0.0,96
5.0,52.0,8.8,4.7,6.66,10.0,0.0,97
4.7,51.0,10.4,5.7,6.05,10.1,0.0,97
5.2,49.0,10.7,5.1,5.35,9.7,0.0,98
7.8,49.0,9.0,3.9,5.63,9.9,0.0,97
8.0,47.0,9.1,5.5,5.52,9.9,2.0,97
6.5,51.0,10.7,5.8,5.42,9.8,38.0,96
6.1,53.0,11.9,5.6,5.86,10.2,84.0,93
5.2,51.0,11.2,5.0,6.06,10.3,104.0,92
4.5,54.0,12.1,4.6,5.7,9.9,108.0,89
4.4,61.0,12.7,4.6,5.7,9.7,90.0,87
5.2,62.0,13.5,4.6,5.74,9.1,50.0,89
7.0,59.0,13.6,4.9,5.75,8.6,10.0,91
8.1,53.0,13.1,5.0,6.2,8.8,0.0,92
7.7,51.0,12.3,5.8,6.31,8.6,0.0,91
8.9,50.0,12.3,6.3,6.18,8.3,0.0,93
8.9,51.0,12.4,6.7,6.42,8.3,0.0,93
9.0,52.0,12.4,6.8,6.51,8.4,0.0,93
8.5,53.0,12.4,6.7,6.97,8.6,0.0,92
7.5,54.0,12.5,6.6,7.39,8.7,0.0,89
7.2,55.0,12.2,5.8,7.41,8.6,0.0,88
6.7,58.0,12.7,5.3,7.21,8.8,0.0,88
5.1,60.0,10.9,4.1,6.43,7.7,0.0,87
3.8,64.0,11.3,4.0,5.97,6.9,0.0,84
3.3,64.0,12.6,4.0,6.26,6.7,0.0,83
3.1,64.0,14.3,4.1,6.43,6.8,0.0,82
2.8,65.0,14.6,4.3,6.27,6.8,0.0,82
2.8,64.0,14.5,4.5,5.91,6.6,0.0,85
3.3,63.0,14.4,4.6,5.69,6.1,0.0,89
3.3,62.0,14.2,4.9,5.52,6.0,5.0,91
3.3,62.0,14.2,5.0,5.53,6.9,49.0,89
3.6,62.0,14.2,5.0,5.19,7.7,115.0,87
3.8,63.0,11.1,5.0,5.35,8.7,157.0,80
4.3,64.0,11.3,4.8,4.24,8.9,162.0,83
5.2,59.0,13.1,5.3,4.4,8.6,106.0,85
7.5,55.0,14.0,7.4,4.66,8.1,29.0,89
8.2,50.0,15.0,9.5,6.01,7.2,7.0,95
7.3,47.0,14.1,9.9,5.45,7.2,0.0,93
6.6,49.0,14.4,9.7,5.15,7.4,0.0,92
6.0,49.0,14.1,8.5,4.77,7.9,0.0,92
6.6,48.0,12.6,8.1,4.55,8.0,0.0,92
7.3,45.0,13.9,9.4,4.98,7.9,0.0,93
6.9,45.0,14.0,9.6,5.12,7.8,0.0,93
7.1,46.0,13.4,9.6,5.18,7.9,0.0,91
7.2,46.0,13.4,9.2,5.4,7.6,0.0,92
7.5,44.0,14.3,9.3,5.51,6.9,0.0,93
6.4,45.0,13.2,8.5,5.39,6.8,0.0,93
6.2,46.0,13.9,9.6,5.44,6.9,0.0,92
6.3,43.0,11.0,7.8,5.45,6.9,0.0,93
6.4,42.0,10.9,8.9,5.86,7.1,0.0,94
6.4,41.0,10.1,8.0,6.31,7.2,0.0,94
6.3,42.0,8.8,6.7,6.3,7.2,0.0,96
6.5,42.0,7.8,6.2,6.53,7.6,0.0,96
6.2,42.0,8.9,6.6,5.7,7.7,2.0,95
5.3,47.0,9.6,6.5,5.92,7.4,33.0,93
4.5,52.0,11.3,6.2,6.61,7.5,88.0,90
4.5,53.0,11.9,6.5,7.06,7.6,119.0,86
4.6,56.0,12.1,5.3,6.6,7.5,150.0,84
4.3,58.0,11.3,4.4,7.37,7.3,120.0,82
4.6,60.0,12.0,4.9,7.41,7.1,72.0,78
3.8,64.0,11.7,3.3,7.98,6.7,12.0,75
3.3,64.0,10.9,3.5,8.65,6.4,0.0,76
3.2,67.0,9.6,3.7,9.37,6.3,0.0,78
2.2,72.0,9.4,3.5,8.63,6.7,0.0,79
1.9,73.0,8.7,3.3,7.31,6.6,0.0,84
1.7,76.0,9.1,3.2,7.04,6.3,0.0,87
1.4,79.0,10.1,2.8,7.68,6.2,0.0,83
1.3,84.0,9.5,2.8,8.16,6.2,0.0,80
1.3,85.0,9.8,2.5,8.01,6.2,0.0,78
1.3,81.0,12.6,3.3,7.74,5.9,0.0,78
1.3,83.0,11.8,3.1,7.16,5.8,0.0,77
1.3,85.0,11.3,2.8,6.53,5.3,0.0,79
1.3,85.0,10.5,2.5,6.31,5.1,0.0,80
1.4,85.0,9.5,2.1,5.27,4.5,0.0,80
2.1,83.0,9.5,2.4,5.56,4.2,0.0,81
3.5,76.0,10.1,2.8,4.9,3.8,0.0,86
5.9,67.0,10.2,3.2,4.48,3.4,0.0,88
6.3,62.0,9.7,3.4,4.91,3.5,4.0,89
5.3,60.0,9.2,3.4,5.32,4.8,51.0,85
5.1,61.0,9.4,3.9,5.66,5.9,114.0,81
5.0,61.0,10.3,5.1,5.76,6.2,133.0,83
5.1,57.0,11.3,6.2,6.35,6.3,131.0,85
6.4,55.0,13.3,8.6,6.52,6.0,49.0,85
7.1,53.0,14.8,9.3,6.58,5.8,20.0,82
7.2,56.0,14.7,9.2,6.81,5.6,3.0,82
7.7,55.0,14.4,8.9,7.4,5.8,0.0,78
9.0,56.0,14.3,8.6,7.7,5.9,0.0,77
8.0,59.0,11.7,7.4,7.46,5.8,0.0,80
6.9,61.0,10.0,6.6,7.46,5.8,0.0,83
6.2,60.0,9.5,5.7,7.42,5.6,0.0,86
5.8,60.0,9.1,5.5,7.72,5.8,0.0,84
5.4,60.0,8.5,5.1,7.61,5.7,0.0,84
5.3,61.0,8.2,4.9,7.61,5.8,0.0,81
5.2,57.0,7.8,4.6,7.12,5.8,0.0,77
5.1,57.0,8.3,4.8,6.87,6.1,0.0,76
5.1,56.0,8.9,5.1,6.7,6.3,0.0,75
5.1,54.0,9.1,6.2,7.06,5.8,0.0,78
4.9,55.0,8.9,6.1,7.27,5.4,0.0,81
5.1,55.0,8.7,5.5,7.08,5.2,0.0,81
5.2,54.0,8.9,5.1,7.06,5.8,0.0,72
5.8,52.0,8.7,5.1,6.7,5.9,0.0,69
5.8,52.0,8.6,4.9,6.4,5.9,2.0,68
6.2,53.0,8.2,4.9,6.5,5.9,33.0,68
6.3,55.0,7.7,5.0,6.48,6.0,72.0,67
7.1,56.0,7.5,5.0,5.76,6.2,99.0,67
7.6,56.0,7.4,5.4,5.4,6.2,82.0,69
8.3,54.0,7.4,5.8,5.37,5.9,45.0,72
9.0,52.0,7.7,6.2,5.12,5.4,25.0,80
9.5,50.0,8.2,6.8,4.64,5.1,4.0,85
9.7,50.0,9.2,7.2,4.57,4.9,0.0,89
9.9,48.0,9.5,7.6,4.47,4.9,0.0,93
10.1,45.0,9.7,8.0,4.14,4.9,0.0,94
9.6,45.0,9.9,8.3,4.15,5.1,0.0,93
9.5,43.0,10.3,8.7,4.15,5.1,0.0,94
9.5,42.0,10.2,8.8,4.0,5.2,0.0,94
9.4,39.0,10.7,9.0,3.36,5.2,0.0,94
9.8,37.0,11.2,9.9,3.05,5.1,0.0,95
10.5,33.0,13.3,11.9,2.88,5.3,0.0,95
11.0,32.0,13.9,12.5,2.47,5.3,0.0,95
10.9,29.0,14.4,13.0,2.06,5.3,0.0,96
11.4,27.0,14.8,13.3,1.94,5.3,0.0,95
12.5,26.0,15.1,13.7,2.28,5.3,0.0,96
12.7,25.0,15.6,14.0,2.55,5.6,0.0,95
12.9,24.0,16.5,14.5,3.06,5.9,0.0,95
14.0,24.0,16.5,14.5,3.33,5.9,0.0,95
13.3,24.0,16.7,14.6,3.51,5.8,2.0,95
12.7,24.0,16.7,14.1,2.96,6.1,29.0,94
12.5,26.0,16.3,13.5,3.15,6.4,76.0,90
12.9,26.0,15.8,12.8,3.12,6.6,90.0,90
13.2,22.0,15.3,12.3,3.34,6.6,98.0,91
14.2,21.0,14.3,11.7,2.94,6.3,45.0,91
15.0,19.0,13.2,10.8,2.88,6.1,22.0,93
15.8,18.0,10.8,9.6,3.11,5.8,3.0,94
15.9,16.0,10.2,9.4,3.27,5.8,0.0,95
16.5,15.0,10.0,9.1,3.3,5.8,0.0,95
16.8,15.0,10.6,9.3,3.35,5.9,0.0,96
16.3,15.0,11.3,9.9,3.29,6.0,0.0,96
16.2,18.0,12.4,10.9,3.06,5.9,0.0,96
16.2,15.0,13.8,12.2,3.21,5.8,0.0,97
16.2,13.0,15.5,14.1,2.86,5.7,0.0,97
15.9,13.0,15.5,14.2,2.77,5.4,0.0,97
15.6,18.0,14.2,13.1,2.87,5.7,0.0,97
15.5,18.0,16.8,15.6,2.87,5.7,0.0,97
15.4,18.0,17.0,15.4,2.96,5.8,0.0,97
15.5,17.0,18.0,17.0,3.05,5.8,0.0,97
16.4,15.0,13.7,12.8,2.85,5.8,0.0,99
16.5,14.0,16.9,15.1,2.75,5.8,0.0,99
18.1,14.0,14.5,12.8,2.85,6.1,0.0,98
18.2,14.0,14.9,13.0,2.92,6.1,0.0,99
18.4,13.0,15.3,13.7,2.86,6.1,1.0,99
17.5,15.0,14.7,13.1,2.93,6.2,11.0,98
14.4,17.0,14.4,13.1,3.37,6.2,28.0,98
13.4,21.0,14.3,13.2,3.19,6.1,27.0,98
12.9,22.0,15.7,14.4,3.4,6.1,27.0,97
13.1,20.0,15.0,13.5,3.58,5.9,24.0,97
14.3,17.0,14.3,13.0,3.5,5.7,10.0,97
15.6,15.0,13.8,12.7,3.69,5.6,1.0,98
17.0,13.0,13.4,11.5,3.63,5.8,0.0,97
17.6,17.0,11.3,9.5,3.88,5.6,0.0,97
14.2,25.0,11.0,10.5,3.85,6.1,0.0,97
12.2,27.0,11.9,10.0,3.62,6.2,0.0,97
11.3,29.0,15.4,13.6,3.61,5.9,0.0,96
11.2,36.0,16.6,15.0,3.76,5.7,0.0,96
11.1,31.0,17.4,13.5,3.62,5.1,0.0,96
10.2,31.0,19.5,14.7,4.09,5.0,0.0,95
9.0,31.0,19.7,14.4,5.08,4.9,0.0,93
10.0,27.0,19.5,15.9,5.2,4.7,0.0,92
11.1,28.0,23.3,19.2,4.84,4.6,0.0,91
10.5,30.0,25.9,19.5,4.95,4.4,0.0,93
8.8,39.0,24.3,18.7,5.1,4.7,0.0,92
6.9,40.0,22.4,17.0,4.99,4.7,0.0,92
6.1,40.0,22.8,16.0,5.09,4.6,0.0,90
5.5,46.0,19.1,14.9,4.92,4.5,0.0,90
5.3,43.0,18.3,13.7,4.7,4.6,1.0,88
6.2,41.0,20.3,14.7,4.99,4.7,20.0,87
7.4,42.0,22.3,17.6,5.16,5.1,41.0,82
8.7,36.0,23.8,19.3,3.24,5.4,46.0,82
9.3,38.0,21.4,18.1,4.97,5.7,63.0,86
10.5,34.0,20.8,17.6,4.75,5.7,28.0,89
11.2,35.0,21.5,17.8,5.0,5.8,13.0,90
11.3,32.0,22.9,19.2,4.72,5.7,2.0,93
11.3,34.0,18.9,16.6,3.12,5.3,0.0,97
10.9,33.0,18.7,14.6,2.12,5.2,0.0,97
12.0,32.0,18.8,14.7,2.28,5.2,0.0,95
13.7,30.0,17.2,14.7,1.41,5.1,0.0,97
14.4,25.0,15.9,14.7,0.36,4.9,0.0,95
14.7,23.0,14.7,14.2,0.56,4.9,0.0,96
12.9,25.0,16.4,14.7,1.43,4.8,0.0,97
10.1,30.0,19.5,17.1,1.22,4.9,0.0,97
13.0,24.0,21.5,19.6,0.85,5.1,0.0,98
14.4,21.0,22.8,20.9,3.5,5.1,0.0,97
10.7,20.0,23.1,20.3,3.56,4.1,0.0,97
10.1,21.0,23.1,19.4,3.49,3.1,0.0,98
8.9,30.0,20.9,18.4,3.6,3.0,0.0,98
9.4,30.0,21.5,18.2,3.78,3.6,0.0,98
11.5,26.0,23.1,18.5,4.35,4.1,0.0,97
11.0,29.0,20.9,16.0,4.76,4.2,0.0,96
8.7,34.0,18.2,14.7,5.22,4.3,1.0,94
8.5,38.0,16.8,13.4,5.85,4.8,16.0,91
8.7,33.0,19.2,13.3,6.16,5.3,45.0,86
8.8,32.0,19.4,12.5,6.68,5.4,82.0,84
7.6,42.0,19.1,11.7,6.85,5.6,83.0,82
7.4,48.0,18.4,11.4,6.58,5.4,57.0,84
7.0,45.0,17.5,11.5,5.86,5.1,28.0,87
8.4,43.0,17.8,11.4,6.33,4.7,3.0,89
8.9,41.0,14.6,10.3,6.7,4.3,0.0,92
8.1,43.0,12.7,9.2,6.21,4.1,0.0,96
7.9,44.0,13.0,8.6,6.07,4.6,0.0,94
7.0,45.0,13.3,9.3,6.27,4.7,0.0,96
6.8,45.0,11.5,10.2,6.13,5.1,0.0,94
7.3,45.0,14.3,11.1,5.88,5.2,0.0,95
8.0,44.0,15.0,10.8,5.52,5.4,0.0,94
8.4,42.0,15.3,11.4,5.17,5.7,0.0,94
7.6,43.0,13.6,10.4,5.54,5.7,0.0,96
7.8,42.0,12.0,9.7,5.67,5.7,0.0,96
7.9,42.0,10.4,9.0,5.28,5.9,0.0,95
8.1,40.0,10.1,8.3,4.77,6.1,0.0,95
8.3,40.0,8.9,7.8,4.65,6.2,0.0,96
8.7,40.0,9.2,6.8,4.43,6.1,0.0,97
9.1,38.0,9.1,6.8,5.48,6.4,0.0,98
9.2,37.0,9.8,6.9,5.32,6.6,0.0,97
9.2,37.0,7.4,6.3,4.93,6.8,1.0,98
8.2,40.0,7.4,5.6,4.38,6.8,19.0,97
8.9,40.0,8.1,6.1,4.15,7.1,49.0,96
9.0,38.0,6.9,6.1,3.78,7.2,63.0,97
8.6,38.0,7.5,6.0,4.34,7.4,60.0,99
8.8,39.0,8.1,5.7,4.51,7.6,50.0,98
9.2,39.0,9.0,5.6,3.76,7.7,24.0,98
9.7,39.0,9.1,5.8,3.22,7.6,3.0,99
9.4,39.0,7.9,5.4,3.13,7.3,0.0,98
9.2,40.0,8.9,5.6,3.6,7.2,0.0,98
9.2,41.0,10.8,6.3,3.86,7.3,0.0,96
8.9,41.0,13.8,7.8,4.14,7.3,0.0,97
8.8,43.0,14.2,7.3,4.41,6.8,0.0,99
7.1,41.0,17.4,9.1,4.32,7.1,0.0,98
6.2,45.0,16.3,11.7,5.46,7.1,0.0,96
5.3,47.0,17.2,10.3,5.93,7.2,0.0,96
6.5,45.0,17.2,10.7,6.83,7.3,0.0,99
7.5,46.0,11.7,7.8,7.8,7.6,0.0,96
6.5,45.0,8.5,5.3,8.86,7.5,0.0,96
5.6,47.0,6.5,4.1,8.74,7.4,0.0,96
4.9,46.0,4.8,3.0,7.15,7.9,0.0,96
4.4,49.0,6.5,2.9,7.62,9.4,0.0,92
3.3,59.0,11.6,3.2,8.49,8.8,0.0,87
3.1,65.0,12.5,3.3,9.62,9.1,0.0,82
3.0,70.0,12.5,3.6,10.37,9.8,1.0,77
2.6,72.0,11.4,3.7,10.04,10.1,33.0,75
2.3,73.0,10.8,3.3,10.16,10.4,95.0,74
2.3,74.0,11.9,3.2,10.54,10.6,99.0,75
2.4,73.0,11.9,3.4,9.93,10.5,137.0,77
2.8,71.0,11.1,3.8,8.75,10.2,102.0,79
3.4,68.0,11.8,4.2,8.12,10.0,48.0,82
4.2,66.0,9.0,4.0,7.09,9.9,6.0,86
4.3,65.0,8.8,3.9,5.94,10.0,0.0,87
4.0,64.0,12.4,4.7,5.76,10.1,0.0,87
3.7,63.0,12.3,4.7,5.81,9.6,0.0,90
3.3,63.0,9.7,4.5,5.86,9.1,0.0,93
3.4,63.0,11.4,4.3,6.44,9.4,0.0,91
3.3,63.0,11.4,4.3,6.62,9.2,0.0,88
3.1,63.0,13.0,4.3,6.51,8.9,0.0,87
3.1,63.0,12.8,4.4,6.36,8.4,0.0,86
3.1,63.0,14.7,4.7,6.31,8.3,0.0,88
3.4,62.0,14.2,4.9,5.82,8.1,0.0,89
3.2,60.0,13.3,5.1,5.62,7.9,0.0,91
3.2,58.0,13.0,5.2,5.14,7.8,0.0,92
3.4,55.0,12.7,5.5,4.85,7.7,0.0,94
3.8,50.0,12.4,5.7,4.43,7.3,0.0,96
5.3,47.0,12.2,6.0,3.61,8.3,0.0,97
8.1,47.0,12.2,6.5,3.47,8.6,0.0,98
8.6,43.0,12.3,6.8,3.64,8.6,1.0,97
8.9,41.0,12.2,6.7,3.18,8.5,25.0,98
9.6,40.0,12.4,6.9,3.15,8.8,35.0,98
10.8,35.0,12.7,7.5,2.91,9.1,32.0,98
11.6,32.0,10.2,6.3,2.45,9.4,44.0,97
12.5,31.0,10.2,6.8,2.91,9.6,42.0,98
12.7,35.0,9.7,5.7,3.28,9.2,12.0,100
12.5,36.0,5.6,4.5,3.44,9.1,1.0,99
12.4,33.0,4.6,3.8,3.61,9.1,0.0,99
13.0,34.0,4.9,4.1,3.7,9.2,0.0,99
13.5,31.0,5.5,4.5,4.67,9.7,0.0,99
11.4,40.0,5.6,5.0,4.91,9.9,0.0,99
9.8,41.0,5.0,4.5,5.72,10.3,0.0,98
9.9,40.0,5.9,5.1,6.03,10.4,0.0,98
10.5,40.0,7.3,6.3,6.26,10.4,0.0,97
9.1,42.0,8.4,7.2,6.51,10.4,0.0,97
7.4,42.0,9.7,8.6,6.73,10.9,0.0,94
8.9,43.0,13.5,10.4,7.13,10.9,0.0,93
7.4,42.0,14.8,11.8,7.04,11.0,0.0,93
7.2,43.0,15.3,10.1,6.88,11.1,0.0,92
6.6,46.0,16.0,8.1,6.53,11.4,0.0,90
5.7,49.0,16.4,6.9,6.14,11.4,0.0,90
4.8,54.0,15.9,6.2,5.91,11.1,0.0,87
5.3,58.0,15.7,6.0,5.64,10.6,0.0,85
5.5,61.0,15.8,5.7,5.38,9.9,1.0,84
4.9,62.0,15.7,5.5,5.39,9.8,31.0,83
4.4,64.0,15.6,5.4,5.61,10.1,89.0,80
3.9,63.0,15.1,5.2,5.85,10.7,133.0,78
3.8,64.0,14.5,5.0,5.69,10.5,133.0,83
4.1,64.0,14.0,5.0,5.82,10.4,101.0,83
5.1,64.0,13.9,5.2,5.55,10.1,43.0,82
5.6,63.0,14.1,5.4,5.27,9.4,8.0,85
5.9,62.0,14.0,5.3,5.66,9.2,0.0,87
5.3,61.0,14.0,5.3,6.27,9.2,0.0,89
4.8,62.0,11.0,5.3,6.76,9.6,0.0,90
4.1,64.0,10.1,4.8,7.46,8.9,0.0,91
3.6,62.0,8.6,4.2,7.5,8.9,0.0,90
3.2,60.0,9.7,3.7,7.38,8.4,0.0,88
3.1,60.0,9.7,3.8,7.34,8.2,0.0,86
2.7,61.0,14.3,4.3,7.23,7.8,0.0,81
2.2,63.0,14.7,4.3,7.01,9.1,0.0,82
2.2,65.0,15.8,4.3,6.52,8.8,0.0,82
1.9,68.0,16.3,4.3,6.58,8.7,0.0,83
1.8,69.0,16.6,4.4,6.56,8.7,0.0,83
1.9,69.0,17.2,4.6,6.81,8.6,0.0,83
2.0,70.0,17.2,4.8,6.53,8.8,0.0,82
3.0,69.0,15.4,4.7,6.58,8.8,0.0,87
4.4,68.0,13.1,4.6,7.05,9.0,0.0,86
4.4,68.0,11.0,4.4,6.58,8.9,0.0,88
3.5,67.0,9.8,4.3,6.47,9.1,13.0,87
3.3,66.0,9.6,4.4,6.82,9.4,29.0,83
3.3,67.0,9.0,4.5,6.0,9.7,31.0,82
3.3,68.0,11.4,4.7,6.23,9.2,44.0,90
3.5,68.0,14.1,4.7,6.18,9.4,38.0,85
4.2,67.0,15.8,5.0,6.31,9.4,26.0,84
5.2,66.0,15.8,5.1,6.22,9.2,3.0,87
5.0,64.0,15.4,4.9,6.37,9.2,0.0,88
4.6,62.0,15.1,5.0,6.61,9.0,0.0,87
4.4,62.0,15.1,5.4,6.06,8.8,0.0,89
4.3,63.0,14.5,5.3,6.48,8.6,0.0,91
4.2,63.0,14.7,5.3,7.04,8.6,0.0,91
3.9,63.0,15.7,5.5,7.68,8.5,0.0,92
3.7,62.0,14.6,5.4,7.7,8.4,0.0,92
3.3,63.0,13.3,4.9,7.33,8.1,0.0,93
3.0,57.0,13.8,5.5,6.11,7.6,0.0,91
2.7,55.0,14.1,5.3,5.45,7.2,0.0,91
3.1,52.0,13.3,5.2,4.75,6.9,0.0,92
3.5,49.0,11.8,5.0,4.15,6.7,0.0,92
4.1,43.0,12.1,5.3,3.1,6.2,0.0,94
5.2,41.0,11.7,6.2,1.52,5.6,0.0,96
7.7,37.0,14.1,7.0,1.64,6.0,0.0,96
13.1,32.0,15.0,7.1,2.09,6.9,0.0,97
16.5,27.0,14.9,7.5,2.6,7.3,0.0,96
14.6,26.0,13.5,7.8,2.77,7.8,14.0,94
12.2,29.0,13.4,8.1,2.9,8.1,41.0,87
12.1,30.0,14.3,8.8,2.74,8.2,72.0,82
12.8,32.0,15.8,10.2,2.44,7.8,62.0,80
12.2,32.0,16.3,12.9,1.93,7.7,55.0,79
13.9,28.0,18.7,15.4,1.62,7.2,24.0,83
15.5,27.0,19.7,16.7,2.29,6.7,3.0,86
15.0,28.0,19.6,16.3,3.37,6.1,0.0,88
11.6,33.0,17.8,14.5,3.82,5.7,0.0,86
8.7,41.0,15.3,12.4,3.99,5.9,0.0,84
7.8,44.0,14.2,11.4,4.08,5.8,0.0,85
7.6,47.0,13.9,11.6,4.55,5.7,0.0,85
8.7,45.0,13.9,11.0,4.16,5.2,0.0,85
11.6,37.0,16.7,12.8,4.18,5.1,0.0,88
10.8,38.0,15.1,12.1,3.78,5.1,0.0,90
10.3,33.0,15.4,13.9,3.71,5.2,0.0,90
11.2,33.0,17.1,15.6,3.47,5.3,0.0,90
11.8,31.0,19.0,16.6,3.36,5.4,0.0,91
12.3,25.0,18.0,15.2,3.18,5.8,0.0,91
13.7,23.0,21.6,20.3,3.17,6.1,0.0,94
14.1,20.0,21.2,19.7,3.56,6.3,0.0,95
14.8,18.0,21.4,19.3,3.72,6.7,0.0,96
14.5,18.0,20.2,17.8,4.29,7.2,0.0,97
14.0,18.0,16.8,14.5,4.69,7.9,0.0,97
11.5,22.0,11.3,10.0,5.1,8.3,7.0,97
9.5,27.0,10.8,8.0,5.05,8.6,27.0,95
6.4,43.0,6.4,4.2,5.3,8.3,129.0,88
4.5,50.0,5.7,2.9,4.98,8.0,149.0,88
3.2,59.0,7.1,3.5,4.93,7.9,113.0,89
3.9,61.0,7.3,4.0,4.55,7.7,57.0,90
4.1,57.0,8.1,4.3,4.71,6.9,8.0,92
4.9,56.0,9.7,4.7,4.57,6.5,0.0,94
5.4,56.0,11.0,5.2,4.45,6.1,0.0,95
5.2,52.0,11.3,5.5,4.52,5.6,0.0,96
4.8,52.0,11.5,5.5,4.65,5.3,0.0,96
4.4,53.0,11.8,5.3,4.87,5.2,0.0,96
4.1,53.0,11.7,5.3,5.06,5.1,0.0,96
4.1,53.0,11.4,5.4,5.42,5.2,0.0,95
4.1,52.0,10.6,5.2,5.51,5.6,0.0,95
4.3,52.0,10.0,4.9,5.94,6.3,0.0,96
3.0,54.0,8.2,4.5,6.16,6.7,0.0,94
2.7,57.0,7.8,3.4,6.54,7.0,0.0,92
2.4,61.0,7.9,3.4,6.94,7.2,0.0,90
2.3,67.0,8.5,3.8,7.15,7.7,0.0,85
2.2,69.0,9.7,3.6,7.03,7.9,0.0,83
2.5,68.0,10.6,4.2,7.05,8.4,0.0,83
2.7,66.0,12.4,4.2,7.18,8.2,0.0,85
2.8,69.0,12.9,4.2,7.39,8.3,0.0,85
2.9,69.0,13.1,4.2,7.61,8.7,10.0,84
3.2,67.0,12.9,4.2,7.43,9.1,28.0,81
3.7,67.0,11.9,4.0,7.79,9.4,74.0,81
3.8,65.0,11.0,4.0,7.5,9.0,25.0,86
4.8,61.0,9.5,4.1,7.33,8.9,27.0,86
7.3,59.0,10.3,4.8,6.69,8.6,29.0,88
7.8,56.0,10.5,5.1,6.5,8.4,4.0,90
8.0,57.0,11.7,5.4,6.48,8.2,0.0,89
8.2,56.0,13.2,5.6,6.51,8.2,0.0,88
7.7,54.0,15.7,7.3,6.8,7.7,0.0,86
7.1,53.0,18.3,9.7,6.83,7.2,0.0,87
6.8,50.0,18.2,11.0,6.77,7.4,0.0,87
6.7,51.0,18.5,10.7,6.95,7.3,0.0,85
6.1,55.0,17.2,10.5,6.79,7.2,0.0,87
5.3,55.0,15.3,9.8,6.58,6.8,0.0,86
5.0,53.0,16.6,10.9,6.84,6.8,0.0,83
4.9,54.0,15.7,10.5,6.46,6.8,0.0,86
4.6,54.0,15.2,9.9,6.68,6.8,0.0,88
4.1,50.0,15.5,11.0,6.62,7.3,0.0,87
3.6,50.0,14.8,11.5,6.44,7.4,0.0,87
4.0,51.0,14.8,10.1,6.45,7.1,0.0,87
4.9,52.0,14.5,9.5,6.48,6.8,0.0,85
5.2,55.0,14.0,8.9,6.12,6.9,0.0,84
5.5,57.0,13.8,8.6,5.77,7.1,0.0,83
5.9,56.0,14.2,8.4,5.83,7.7,14.0,82
5.5,59.0,14.3,7.9,5.7,7.8,26.0,83
5.0,62.0,13.3,8.0,5.77,8.4,36.0,81
5.0,59.0,13.5,8.9,5.39,8.6,71.0,80
5.2,57.0,15.7,10.8,5.35,7.8,111.0,85
6.4,50.0,14.8,11.1,4.77,7.2,22.0,86
8.4,47.0,17.0,11.9,4.17,6.8,4.0,86
9.7,45.0,19.5,13.1,4.45,6.4,0.0,86
10.6,45.0,19.9,14.4,5.1,6.1,0.0,86
11.2,42.0,19.7,15.1,4.92,5.9,0.0,88
11.3,39.0,19.9,15.5,4.45,5.7,0.0,89
11.3,38.0,20.1,16.2,4.01,5.6,0.0,89
11.9,36.0,18.4,17.2,3.83,5.6,0.0,88
12.5,33.0,19.5,18.3,3.45,5.8,0.0,88
12.9,32.0,20.4,19.1,3.08,6.1,0.0,87
11.7,33.0,22.9,19.8,3.32,6.2,0.0,88
11.0,35.0,23.7,20.7,3.46,6.4,0.0,87
10.1,36.0,23.6,20.3,3.97,6.3,0.0,89
9.1,36.0,21.4,18.4,4.11,6.2,0.0,89
8.5,36.0,20.1,17.9,3.85,6.2,0.0,89
8.5,36.0,19.8,17.6,3.88,5.9,0.0,90
9.3,36.0,19.6,17.4,3.51,6.4,0.0,90
10.4,35.0,20.0,17.5,3.17,6.6,0.0,90
10.9,35.0,19.8,17.4,3.27,6.7,0.0,90
11.2,34.0,19.4,17.0,3.52,6.8,15.0,91
11.3,33.0,18.8,16.5,4.07,7.3,46.0,87
10.8,33.0,18.3,16.2,3.2,7.2,97.0,88
10.4,36.0,17.2,15.3,2.87,7.4,132.0,89
10.4,36.0,17.9,16.0,2.71,7.1,109.0,90
12.1,35.0,18.4,16.1,3.32,6.2,57.0,93
13.9,34.0,18.3,15.6,3.49,5.8,7.0,95
14.8,33.0,17.8,15.2,3.98,5.8,0.0,94
14.9,32.0,17.6,15.5,4.1,6.2,0.0,94
14.3,30.0,18.6,16.5,4.25,6.7,0.0,91
13.9,27.0,19.6,17.6,4.22,5.8,0.0,93
14.4,26.0,20.4,18.4,4.46,6.1,0.0,92
14.6,26.0,20.6,18.6,4.63,6.4,0.0,90
14.5,27.0,18.8,17.9,4.51,6.7,0.0,89
14.1,28.0,18.5,17.4,4.38,6.4,0.0,90
14.7,25.0,19.1,16.9,3.94,5.9,0.0,92
12.7,28.0,20.2,17.2,3.94,5.8,0.0,93
12.2,25.0,20.8,18.3,3.97,6.3,0.0,93
12.4,23.0,23.4,18.2,4.07,6.7,0.0,94
11.9,22.0,21.4,18.1,3.87,6.7,0.0,96
12.5,20.0,21.4,18.2,3.47,6.7,0.0,98
13.0,18.0,20.8,17.5,2.74,6.9,0.0,98
16.1,14.0,18.7,16.1,2.28,7.1,0.0,98
20.1,18.0,18.4,15.6,1.63,7.3,0.0,98
18.0,13.0,17.3,15.7,1.42,7.3,13.0,99
18.3,13.0,17.5,15.2,1.86,7.8,45.0,96
16.7,16.0,16.3,13.8,1.7,8.1,87.0,94
14.8,23.0,14.2,12.5,1.8,8.0,83.0,94
15.3,29.0,11.9,10.2,1.12,8.0,57.0,92
18.5,30.0,11.2,9.4,0.66,7.3,38.0,96
24.1,16.0,12.6,9.8,0.53,6.3,6.0,97
25.7,13.0,14.0,11.3,0.9,5.7,0.0,99
24.7,15.0,14.5,12.9,1.1,5.8,0.0,99
22.9,12.0,16.1,12.7,1.81,6.6,0.0,98
19.6,10.0,15.5,13.5,2.08,6.7,0.0,98
18.2,9.0,15.6,13.5,2.5,6.6,0.0,99
15.0,22.0,12.1,10.4,3.23,5.8,0.0,100
12.2,29.0,9.7,8.4,3.49,5.2,0.0,100
8.1,36.0,9.9,7.6,4.76,5.4,0.0,100
7.3,37.0,8.3,7.2,4.91,5.9,0.0,100
8.7,34.0,9.1,6.5,5.36,6.6,0.0,96
6.7,43.0,7.7,6.7,5.49,6.3,0.0,95
9.4,37.0,13.5,11.3,6.04,6.1,0.0,97
12.6,35.0,12.2,11.1,6.56,6.0,0.0,97
9.3,39.0,16.3,11.9,6.72,6.1,0.0,97
9.2,42.0,17.5,11.0,7.31,6.6,0.0,95
8.5,44.0,16.5,11.7,7.19,6.3,0.0,93
6.9,45.0,14.3,10.9,6.91,6.2,0.0,88
6.2,48.0,11.9,9.1,7.09,6.5,20.0,82
6.1,48.0,11.8,9.0,6.64,6.9,14.0,79
6.2,46.0,12.4,8.4,6.44,7.6,75.0,77
6.2,45.0,10.4,7.1,5.77,7.9,32.0,82
6.4,46.0,8.5,5.9,5.08,8.1,40.0,84
7.1,47.0,7.5,5.9,5.02,7.8,13.0,87
8.1,46.0,9.0,6.6,4.7,7.8,2.0,88
8.6,44.0,9.6,7.2,4.32,7.8,0.0,89
8.2,43.0,10.1,7.6,4.42,7.7,0.0,90
7.8,43.0,10.3,7.7,5.46,7.6,0.0,92
8.7,42.0,11.0,8.7,5.51,7.7,0.0,91
9.3,43.0,11.4,8.5,6.09,7.8,0.0,91
8.5,43.0,13.0,9.7,6.89,7.8,0.0,89
6.8,44.0,15.0,11.1,7.17,8.0,0.0,86
6.5,44.0,15.0,11.1,7.51,8.2,0.0,83
6.1,43.0,16.8,13.2,7.14,8.4,0.0,84
6.6,43.0,18.5,13.3,7.0,8.4,0.0,84
5.9,43.0,17.9,12.5,7.33,8.7,0.0,83
5.5,45.0,14.4,9.2,7.68,8.9,0.0,85
5.1,47.0,13.3,8.4,7.81,9.2,0.0,87
4.8,47.0,11.9,8.1,7.51,9.6,0.0,88
5.0,47.0,11.9,7.6,6.92,10.1,0.0,88
6.3,46.0,11.1,8.3,6.51,10.0,0.0,89
7.4,46.0,11.1,8.4,5.84,9.7,0.0,90
7.2,46.0,11.8,8.2,5.61,9.6,17.0,91
6.5,47.0,11.3,7.1,5.18,9.9,57.0,91
6.4,50.0,10.8,6.0,4.84,10.1,98.0,91
6.8,53.0,9.4,5.4,5.24,9.7,65.0,95
6.6,55.0,8.4,4.8,4.78,9.6,20.0,95
6.3,54.0,8.3,4.5,4.56,9.3,13.0,93
6.9,54.0,9.6,4.2,4.7,8.5,5.0,93
5.9,58.0,10.7,4.3,5.09,7.7,0.0,93
5.9,60.0,11.5,4.7,5.63,7.1,0.0,91
5.1,61.0,12.6,4.7,5.35,6.9,0.0,91
4.6,61.0,14.4,5.2,5.31,6.7,0.0,92
4.1,62.0,16.0,5.6,5.38,6.6,0.0,92
3.7,61.0,16.7,5.7,5.45,6.7,0.0,92
3.5,60.0,12.0,5.6,5.7,6.8,0.0,92
3.1,59.0,11.1,5.2,5.89,6.9,0.0,92
2.9,57.0,16.8,5.0,5.66,7.6,0.0,89
3.2,57.0,15.8,4.9,5.66,7.4,0.0,89
2.6,57.0,15.5,4.7,5.71,7.3,0.0,89
2.3,56.0,15.4,4.7,5.46,6.9,0.0,91
2.4,56.0,15.3,4.6,5.33,6.6,0.0,92
2.6,54.0,15.8,4.8,5.26,6.4,0.0,93
3.1,54.0,16.5,5.0,5.03,6.9,0.0,90
3.3,54.0,16.6,5.3,4.76,6.6,0.0,92
3.4,53.0,16.6,5.3,4.99,6.4,0.0,93
3.6,53.0,16.6,5.5,5.17,6.8,23.0,92
3.8,53.0,14.8,5.6,5.3,7.4,69.0,88
3.9,56.0,13.3,5.3,5.08,7.8,120.0,85
4.1,58.0,12.8,5.4,4.13,7.7,130.0,87
4.7,56.0,13.1,5.4,2.84,7.7,101.0,87
5.6,53.0,13.8,5.7,2.29,7.0,55.0,90
7.7,47.0,14.1,5.8,2.33,5.8,9.0,94
9.2,38.0,14.7,6.8,2.65,5.8,0.0,96
10.9,34.0,15.5,7.9,2.72,6.0,0.0,96
11.7,32.0,15.0,9.8,2.6,5.9,0.0,96
13.0,26.0,16.2,11.5,2.19,5.8,0.0,97
13.3,24.0,16.2,12.5,2.01,5.5,0.0,98
13.7,24.0,16.1,13.0,1.57,5.2,0.0,99
12.5,29.0,16.5,12.7,1.74,4.9,0.0,99
12.3,28.0,16.1,13.3,1.63,4.8,0.0,99
11.1,30.0,17.5,11.8,0.92,4.8,0.0,99
9.6,27.0,16.8,11.6,0.59,4.9,0.0,99
11.5,25.0,16.5,11.3,0.85,4.8,0.0,98
12.9,26.0,16.0,10.6,1.47,4.9,0.0,98
12.9,32.0,15.2,10.5,2.0,4.9,0.0,97
10.8,37.0,14.9,10.4,2.5,5.1,0.0,94
10.2,41.0,14.2,9.3,2.77,5.1,0.0,94
10.3,37.0,14.0,8.0,3.15,5.2,0.0,92
8.4,43.0,13.1,7.6,3.53,5.2,0.0,91
7.1,44.0,12.2,6.6,4.07,4.9,12.0,91
5.5,56.0,11.1,4.8,4.09,4.8,35.0,89
4.9,64.0,10.3,4.9,3.99,4.9,51.0,89
5.8,61.0,10.5,4.4,4.18,4.8,54.0,91
6.8,56.0,10.7,4.7,4.48,4.9,49.0,89
7.3,58.0,10.5,5.2,4.42,4.8,16.0,90
6.9,62.0,8.2,5.4,4.46,4.9,2.0,89
6.6,60.0,8.7,5.0,4.63,5.1,0.0,89
6.6,59.0,8.1,5.1,4.79,5.2,0.0,89
6.9,56.0,8.6,4.9,4.58,5.1,0.0,89
7.0,56.0,9.3,4.9,4.53,4.9,0.0,89
6.9,57.0,9.0,5.1,4.57,4.8,0.0,89
7.2,54.0,8.9,5.4,4.62,4.8,0.0,88
7.3,54.0,9.1,5.7,4.53,4.8,0.0,87
6.7,56.0,9.2,5.5,4.3,4.5,0.0,86
5.9,59.0,9.6,6.2,4.62,4.6,0.0,86
5.5,65.0,8.9,5.2,5.0,4.7,0.0,86
5.3,61.0,8.3,4.9,4.92,4.8,0.0,86
5.3,62.0,7.4,4.5,4.96,4.8,0.0,86
5.6,60.0,6.9,4.2,5.1,4.9,0.0,85
5.7,59.0,6.6,4.0,4.97,4.8,0.0,85
5.6,58.0,6.3,3.8,4.96,5.1,0.0,84
5.5,60.0,6.1,3.6,5.21,5.2,0.0,83
5.2,57.0,6.1,3.4,5.37,5.1,0.0,83
5.0,58.0,6.1,3.2,5.36,5.2,16.0,82
5.2,58.0,6.1,3.1,5.55,5.3,47.0,81
5.7,59.0,5.8,3.0,5.35,5.4,69.0,79
6.5,59.0,5.5,3.1,5.48,5.2,71.0,81
6.8,55.0,5.2,3.2,5.61,5.1,58.0,83
6.9,55.0,5.1,3.2,4.99,4.9,28.0,84
6.7,55.0,5.0,3.2,4.8,4.8,4.0,85
6.4,55.0,4.9,3.2,4.9,4.8,0.0,83
6.0,56.0,4.9,3.0,4.99,4.9,0.0,82
5.6,57.0,4.9,2.9,4.98,5.0,0.0,79
5.3,57.0,4.8,2.8,5.07,4.9,0.0,80
5.3,58.0,4.7,2.8,5.14,4.8,0.0,79
5.3,59.0,4.4,2.8,5.3,4.8,0.0,79
5.4,58.0,4.2,2.7,5.45,4.8,0.0,79
5.2,58.0,4.0,2.5,5.64,4.8,0.0,78
4.5,57.0,4.1,2.5,5.25,4.8,0.0,78
4.2,57.0,4.1,2.4,5.23,4.7,0.0,78
3.9,56.0,3.9,2.2,5.3,4.7,0.0,77
3.7,56.0,3.8,2.2,5.5,4.7,0.0,76
3.3,58.0,3.7,1.8,5.7,4.6,0.0,75
2.6,61.0,3.8,1.7,5.63,4.2,0.0,79
2.5,63.0,3.8,1.6,5.47,3.9,0.0,78
2.5,65.0,3.8,1.6,5.42,3.5,0.0,79
2.5,70.0,3.8,1.5,5.06,3.6,0.0,75
2.5,70.0,3.7,1.5,4.94,3.9,17.0,72
2.4,65.0,3.6,1.4,5.41,4.2,40.0,71
2.4,67.0,3.6,1.3,6.5,4.1,53.0,76
2.4,66.0,3.3,1.3,6.01,4.2,62.0,77
2.4,61.0,3.2,1.4,5.86,4.2,79.0,77
2.6,60.0,3.2,1.4,5.63,4.0,49.0,77
2.8,56.0,3.2,1.6,5.76,3.7,6.0,79
2.8,55.0,3.0,1.5,5.77,3.3,0.0,80
3.0,55.0,3.0,1.6,5.66,3.1,0.0,80
3.0,54.0,3.0,1.7,5.25,3.0,0.0,79
2.9,53.0,3.0,1.7,4.78,3.2,0.0,77
3.1,50.0,2.9,1.5,4.19,3.1,0.0,76
3.3,49.0,2.9,1.6,3.86,3.0,0.0,77
3.4,49.0,2.9,1.7,3.85,3.0,0.0,76
3.5,51.0,2.7,1.7,4.08,2.7,0.0,74
4.1,44.0,2.7,1.9,3.51,2.0,0.0,80
3.6,45.0,2.6,1.7,4.02,1.8,0.0,78
3.2,50.0,2.5,1.7,4.25,1.5,0.0,74
2.8,55.0,2.4,1.5,3.86,1.2,0.0,73
2.7,60.0,2.5,1.4,3.27,1.1,0.0,72
2.8,62.0,2.3,1.4,3.16,0.9,0.0,73
3.2,65.0,2.2,1.5,3.06,0.6,0.0,75
4.2,66.0,2.3,1.5,2.98,0.6,0.0,75
5.0,65.0,2.5,1.6,2.83,0.8,0.0,75
6.0,63.0,2.8,1.9,2.94,0.9,15.0,75
6.5,60.0,3.0,2.0,3.15,1.2,51.0,68
5.0,61.0,2.8,1.8,3.08,1.4,72.0,66
3.4,61.0,2.5,1.6,3.2,1.3,92.0,71
3.6,61.0,2.6,1.6,3.0,1.3,60.0,71
4.4,62.0,2.7,1.8,2.76,1.2,34.0,71
6.1,61.0,3.2,1.9,2.48,1.1,6.0,73
7.5,60.0,3.5,2.2,2.37,1.1,0.0,74
8.6,57.0,3.9,2.5,2.27,1.1,0.0,75
9.5,54.0,4.5,3.1,1.77,0.7,0.0,82
10.8,45.0,5.4,4.1,1.7,0.7,0.0,84
11.9,37.0,6.4,5.7,1.17,0.6,0.0,86
12.6,36.0,7.1,6.6,1.48,0.6,0.0,87
12.9,31.0,7.9,7.1,1.25,0.2,0.0,89
12.7,31.0,8.2,7.3,1.11,0.2,0.0,90
13.3,31.0,7.1,6.2,0.45,0.3,0.0,90
15.2,33.0,7.0,6.1,0.85,0.4,0.0,89
15.0,35.0,6.3,5.5,1.1,0.4,0.0,90
16.7,34.0,6.5,5.6,1.4,0.3,0.0,91
17.6,29.0,7.5,6.0,1.1,0.4,0.0,91
17.6,22.0,8.8,6.6,0.05,0.1,0.0,93
18.5,20.0,10.1,7.5,0.86,-0.5,0.0,94
20.7,19.0,11.1,8.1,1.15,-0.6,0.0,95
25.9,18.0,11.3,8.4,1.51,-0.7,0.0,95
24.6,19.0,10.7,8.1,1.7,-0.3,18.0,91
19.8,34.0,9.0,7.2,1.52,-0.2,72.0,91
14.8,40.0,8.3,6.1,1.43,0.4,118.0,85
10.8,53.0,6.8,5.6,1.73,0.8,131.0,81
10.8,57.0,7.0,5.8,1.81,0.8,76.0,79
11.9,56.0,7.7,5.9,1.17,0.3,51.0,83
14.6,50.0,8.7,6.3,1.14,-1.0,9.0,88
14.8,44.0,9.0,6.6,1.8,-1.2,0.0,89
15.7,44.0,9.9,7.2,2.17,-1.6,0.0,91
14.6,44.0,11.0,7.9,2.8,-1.6,0.0,92
13.4,44.0,12.0,9.4,2.86,-1.7,0.0,92
12.3,44.0,11.3,9.5,2.45,-1.6,0.0,91
11.9,44.0,11.6,9.2,2.71,-1.3,0.0,91
11.3,44.0,10.9,8.8,3.02,-0.9,0.0,91
8.2,45.0,11.1,8.6,3.08,-1.0,0.0,91
6.4,48.0,8.4,6.4,2.54,-0.2,0.0,90
7.3,47.0,8.2,6.1,3.27,0.5,0.0,89
7.8,46.0,8.0,5.5,3.5,1.1,0.0,90
5.5,45.0,7.9,5.5,3.16,1.0,0.0,92
5.8,45.0,8.2,5.5,3.5,0.4,0.0,93
6.0,44.0,8.5,6.1,3.32,0.4,0.0,94
7.7,38.0,9.5,7.5,3.65,0.5,0.0,96
12.6,34.0,10.1,8.2,3.34,0.5,0.0,96
15.7,32.0,10.4,8.1,3.27,0.6,0.0,96
14.0,32.0,11.1,8.6,3.5,1.4,25.0,97
12.9,34.0,11.7,8.3,3.83,2.6,82.0,96
12.5,34.0,11.7,8.1,3.4,3.6,126.0,95
12.3,34.0,11.7,6.9,3.36,4.0,137.0,97
13.9,33.0,13.1,7.4,3.01,4.4,76.0,97
16.9,31.0,12.6,8.0,3.2,4.8,34.0,97
17.7,27.0,11.9,7.8,3.18,4.7,6.0,98
19.0,24.0,10.6,8.3,3.36,4.6,0.0,98
20.6,22.0,12.0,9.2,3.56,4.7,0.0,99
19.8,23.0,13.9,11.2,3.83,3.6,0.0,99
18.3,24.0,14.9,11.9,3.55,3.6,0.0,99
16.1,26.0,14.6,12.1,3.3,3.8,0.0,99
12.6,30.0,13.9,11.6,3.18,4.2,0.0,99
10.2,35.0,13.0,10.5,3.32,4.3,0.0,99
6.7,42.0,11.2,8.1,3.76,4.3,0.0,99
5.4,43.0,11.2,6.3,4.2,4.6,0.0,99
4.7,46.0,9.6,5.5,5.01,4.6,0.0,99
3.4,49.0,8.4,4.4,5.67,4.8,0.0,99
2.9,48.0,7.4,4.9,6.59,5.2,0.0,97
2.9,47.0,7.5,4.6,6.72,5.1,0.0,95
2.7,52.0,6.9,3.9,7.22,4.8,0.0,94
2.3,59.0,8.3,3.8,8.6,5.2,0.0,97
2.2,65.0,9.0,4.0,8.27,6.0,0.0,93
2.3,65.0,9.6,4.1,8.83,5.8,0.0,92
2.6,64.0,9.8,3.7,8.72,5.9,27.0,90
2.6,62.0,8.6,3.5,8.11,6.3,89.0,86
2.9,63.0,7.5,3.5,7.28,6.8,137.0,82
3.2,64.0,7.2,3.2,5.93,7.1,148.0,84
3.7,61.0,7.2,3.2,4.93,6.9,124.0,84
4.8,58.0,7.4,3.2,3.84,6.1,70.0,86
6.5,53.0,7.5,3.9,3.42,4.8,12.0,90
8.1,47.0,9.8,4.2,2.98,4.1,0.0,91
8.8,48.0,9.2,5.3,2.89,3.4,0.0,91
9.8,47.0,8.8,5.6,3.54,2.4,0.0,93
11.3,43.0,9.7,6.7,3.94,2.2,0.0,92
13.2,41.0,10.6,8.4,4.09,2.2,0.0,87
13.8,39.0,12.1,10.3,4.61,2.0,0.0,82
11.0,37.0,11.8,8.9,4.91,2.3,0.0,76
9.6,40.0,10.3,6.1,4.2,2.6,0.0,72
10.0,40.0,12.3,7.7,4.03,1.6,0.0,74
9.7,47.0,11.9,6.2,4.14,1.8,0.0,70
8.8,48.0,10.0,4.9,3.63,2.0,0.0,66
9.4,44.0,8.9,5.1,2.48,1.2,0.0,68
9.5,41.0,9.7,5.3,2.94,0.6,0.0,70
10.4,40.0,9.3,6.0,2.81,0.4,0.0,71
9.6,43.0,9.1,6.1,2.5,-1.4,0.0,77
10.8,45.0,9.2,5.9,2.88,-1.6,0.0,77
8.8,46.0,9.1,5.0,2.42,-1.5,0.0,75
8.0,53.0,6.7,3.9,3.0,-1.1,29.0,75
6.1,56.0,6.6,3.5,3.24,0.6,94.0,67
4.3,64.0,5.1,2.7,3.6,2.0,141.0,59
3.7,64.0,6.0,3.0,4.43,3.2,155.0,71
3.7,61.0,7.6,4.1,5.61,3.5,129.0,81
3.6,63.0,7.5,3.3,6.09,3.8,59.0,92
3.2,67.0,8.5,2.9,6.42,3.3,13.0,92
3.3,70.0,10.2,3.0,6.56,3.1,0.0,91
3.0,74.0,10.1,3.1,6.82,3.1,0.0,88
2.8,75.0,9.6,3.2,6.9,3.3,0.0,88
2.6,75.0,9.0,3.0,7.15,3.3,0.0,88
2.4,77.0,8.9,2.8,6.68,3.2,0.0,89
2.2,77.0,8.5,2.7,6.57,3.0,0.0,87
2.0,76.0,8.1,2.7,6.35,2.7,0.0,89
1.9,75.0,7.7,2.5,6.07,2.7,0.0,91
2.1,74.0,7.6,2.5,5.26,2.2,0.0,91
2.1,74.0,7.6,2.6,5.2,2.2,0.0,92
2.2,73.0,7.8,2.8,4.9,2.2,0.0,93
2.2,72.0,6.3,3.1,4.99,2.3,0.0,93
2.4,67.0,8.8,3.2,4.88,2.5,0.0,94
2.8,68.0,9.1,3.3,5.09,2.5,0.0,95
3.3,65.0,9.4,3.2,4.89,2.2,0.0,94
5.6,64.0,9.4,3.4,4.88,2.2,0.0,94
6.5,63.0,8.5,3.1,4.99,2.1,0.0,94
6.2,61.0,7.5,3.1,5.36,2.5,28.0,93
6.2,59.0,7.2,3.3,5.35,3.3,91.0,91
5.8,57.0,7.1,2.9,4.99,4.0,137.0,87
5.8,57.0,6.1,2.8,4.14,4.2,150.0,84
5.8,59.0,5.2,2.3,3.2,4.1,126.0,85
6.4,59.0,4.6,2.1,3.2,3.2,73.0,85
8.4,52.0,5.4,2.5,3.31,2.0,12.0,86
9.9,51.0,7.0,3.4,2.8,1.8,0.0,84
12.5,49.0,8.2,4.6,2.83,0.8,0.0,81
12.0,56.0,8.6,4.2,3.5,0.5,0.0,82
8.6,58.0,8.8,4.2,4.38,0.1,0.0,83
5.8,62.0,8.1,4.1,3.93,-0.4,0.0,80
5.0,63.0,7.7,3.6,4.67,-0.6,0.0,77
4.3,65.0,7.2,3.1,4.71,-0.6,0.0,71
3.3,68.0,6.7,2.7,4.74,-0.9,0.0,66
3.0,64.0,6.9,2.6,5.12,-0.9,0.0,65
2.7,64.0,6.7,2.4,5.01,-1.0,0.0,66
2.5,63.0,6.5,2.3,4.85,-1.1,0.0,66
2.3,63.0,6.4,2.3,5.01,-0.9,0.0,65
2.4,63.0,6.4,2.3,4.9,-0.7,0.0,63
2.9,62.0,7.6,2.3,5.16,-0.7,0.0,63
3.5,62.0,7.6,2.3,5.32,-1.2,0.0,61
5.6,62.0,6.8,2.4,5.35,-1.1,0.0,57
5.5,62.0,6.1,2.3,5.31,-0.9,0.0,56
4.9,62.0,6.0,2.3,5.48,-0.1,30.0,52
4.2,63.0,6.1,2.2,5.57,1.0,94.0,46
3.7,68.0,6.2,2.2,5.55,1.9,142.0,43
3.3,70.0,6.1,2.2,4.88,1.4,156.0,56
3.6,68.0,6.0,2.2,4.96,1.5,131.0,53
4.9,66.0,6.0,2.4,4.82,1.0,77.0,53
7.1,64.0,6.6,2.8,3.98,0.1,15.0,57
8.8,60.0,7.5,3.1,3.51,-1.1,0.0,62
9.4,54.0,8.4,4.6,3.69,-1.6,0.0,65
9.3,51.0,9.4,5.3,3.57,-2.2,0.0,69
9.0,54.0,10.2,6.0,3.47,-2.2,0.0,69
8.3,53.0,10.0,6.1,3.77,-2.2,0.0,69
8.2,50.0,9.9,5.8,3.76,-2.1,0.0,69
7.3,54.0,9.2,5.2,3.71,-2.0,0.0,71
6.7,52.0,7.9,4.4,3.75,-2.2,0.0,74
6.1,53.0,7.4,4.2,4.16,-1.2,0.0,75
4.9,54.0,6.6,3.1,4.65,0.2,0.0,81
3.4,56.0,6.1,2.5,5.15,1.5,0.0,83
2.9,60.0,5.6,2.4,5.12,1.8,0.0,91
2.9,61.0,5.1,2.2,5.2,2.1,0.0,92
2.9,60.0,5.0,2.4,4.77,1.9,0.0,93
3.8,61.0,5.0,2.4,4.25,1.2,0.0,95
6.2,57.0,5.5,2.7,4.18,1.0,0.0,95
8.1,54.0,5.9,3.0,4.12,0.8,0.0,95
8.1,53.0,6.1,3.2,4.01,0.9,28.0,95
7.1,53.0,6.0,3.2,4.17,1.6,92.0,95
6.3,55.0,5.8,3.2,4.06,2.3,139.0,93
5.8,58.0,5.4,3.2,3.07,2.5,152.0,94
6.3,55.0,5.8,3.4,2.93,2.0,135.0,94
10.0,50.0,6.5,3.8,3.05,1.4,81.0,94
13.2,38.0,7.1,4.7,3.35,0.6,16.0,94
15.3,36.0,8.0,5.9,3.6,0.3,0.0,93
15.6,37.0,9.2,6.7,3.62,0.5,0.0,93
14.1,39.0,10.2,8.4,3.57,1.0,0.0,92
12.8,43.0,10.4,7.9,3.81,1.5,0.0,92
8.1,47.0,9.0,5.9,4.3,2.1,0.0,94
6.4,48.0,8.5,4.9,4.95,2.6,0.0,94
4.0,60.0,8.9,4.3,5.8,3.2,0.0,96
2.8,64.0,6.8,3.6,6.53,4.2,0.0,94
2.2,66.0,6.5,3.3,6.38,3.8,0.0,93
1.7,66.0,7.2,3.3,7.09,3.7,0.0,93
1.4,64.0,7.3,3.0,7.73,3.7,0.0,93
1.3,65.0,7.4,2.9,8.2,3.8,0.0,92
1.3,66.0,7.0,2.6,8.41,3.8,0.0,90
1.6,65.0,5.0,2.2,7.69,3.0,0.0,95
2.3,65.0,3.9,2.1,7.0,3.3,0.0,95
3.7,66.0,5.3,2.6,6.64,3.3,0.0,94
3.6,67.0,7.9,2.7,6.67,2.8,0.0,93
2.8,66.0,9.6,3.0,7.05,2.7,26.0,92
2.4,67.0,10.2,3.2,6.77,2.8,56.0,89
2.0,69.0,10.4,3.3,6.91,3.3,104.0,86
1.9,70.0,10.9,3.0,7.0,3.7,137.0,80
2.3,69.0,8.9,2.8,6.67,3.5,106.0,80
2.8,70.0,7.6,2.2,5.97,2.8,62.0,77
2.9,72.0,6.3,2.5,6.41,2.1,11.0,75
3.2,70.0,7.4,2.9,6.75,2.5,0.0,85
3.2,71.0,8.9,3.6,7.05,2.4,0.0,86
2.9,71.0,10.4,3.9,6.6,2.4,0.0,86
2.2,73.0,10.8,3.8,6.72,2.3,0.0,84
2.0,73.0,11.8,3.7,6.4,2.2,0.0,81
1.9,73.0,11.2,3.4,6.41,1.7,0.0,79
1.9,71.0,10.0,3.2,6.28,1.1,0.0,74
2.2,68.0,9.2,3.2,5.02,1.1,0.0,77
2.1,62.0,7.5,3.0,4.76,1.4,0.0,88
2.8,57.0,5.9,2.7,6.83,1.0,0.0,90
3.2,57.0,3.9,2.2,6.33,0.3,0.0,87
4.7,53.0,3.2,2.0,6.09,0.2,0.0,84
3.7,54.0,3.4,1.8,5.55,0.5,0.0,77
3.3,58.0,3.8,1.7,5.53,0.4,0.0,70
3.4,58.0,3.3,1.5,5.39,0.3,0.0,72
4.6,56.0,3.1,1.5,4.95,-0.5,0.0,75
4.3,56.0,3.6,1.4,4.61,-0.2,0.0,75
3.4,56.0,2.7,1.2,5.19,0.1,24.0,75
3.1,61.0,3.4,1.3,5.1,0.6,87.0,72
2.8,63.0,3.6,1.5,5.8,0.8,145.0,70
3.0,65.0,3.1,1.7,5.97,0.5,161.0,79
3.1,65.0,2.9,1.6,6.9,0.1,115.0,78
3.5,63.0,2.9,1.6,7.81,-0.6,46.0,85
3.6,65.0,3.1,1.8,7.34,-1.1,5.0,82
3.9,62.0,3.5,2.1,6.73,-1.8,0.0,81
3.8,60.0,3.7,2.2,6.91,-2.0,0.0,79
3.8,60.0,4.0,2.2,7.2,-2.5,0.0,82
3.3,60.0,4.1,2.2,6.96,-2.2,0.0,78
3.2,60.0,4.2,2.2,6.92,-2.2,0.0,78
3.2,61.0,4.4,2.2,6.47,-2.3,0.0,78
3.2,60.0,4.2,2.2,6.06,-2.5,0.0,79
3.3,59.0,3.9,2.2,5.92,-2.4,0.0,78
3.0,59.0,3.8,2.2,5.87,-3.2,0.0,80
2.8,58.0,4.1,2.0,5.87,-3.2,0.0,76
2.6,59.0,4.3,2.0,5.53,-3.0,0.0,75
2.5,59.0,4.6,2.0,4.97,-2.9,0.0,76
2.4,59.0,4.8,2.2,5.24,-2.9,0.0,75
2.5,59.0,5.0,2.4,5.16,-3.1,0.0,76
2.8,58.0,5.2,2.6,4.9,-3.5,0.0,74
3.5,58.0,5.4,2.7,4.86,-4.5,0.0,77
4.1,57.0,5.7,2.7,4.97,-5.0,0.0,77
4.0,57.0,5.7,2.7,4.85,-4.8,31.0,76
4.1,57.0,5.7,2.8,4.85,-3.8,100.0,72
3.8,57.0,5.0,3.1,4.36,-2.8,149.0,67
3.5,57.0,4.9,3.6,3.83,-3.2,159.0,74
3.7,58.0,4.1,2.9,3.56,-3.0,137.0,74
4.6,57.0,3.7,2.6,3.73,-3.3,82.0,76
6.0,55.0,4.6,3.2,3.97,-4.2,18.0,81
5.9,54.0,5.5,3.6,4.05,-4.8,0.0,84
5.8,53.0,6.1,3.9,4.29,-5.2,0.0,86
5.8,54.0,6.7,4.2,4.89,-5.8,0.0,88
5.4,58.0,6.8,4.3,4.89,-5.9,0.0,88
4.7,58.0,6.8,4.2,4.78,-5.4,0.0,87
4.4,59.0,6.7,4.2,4.92,-5.4,0.0,84
3.6,59.0,5.6,3.6,4.72,-5.4,0.0,82
3.0,61.0,4.4,3.0,4.76,-5.3,0.0,85
2.9,59.0,4.2,2.7,4.55,-5.7,0.0,86
2.8,60.0,4.4,2.3,4.43,-5.9,0.0,87
2.5,60.0,4.2,2.1,4.7,-5.8,0.0,88
2.5,60.0,4.3,2.1,4.57,-5.5,0.0,89
2.6,59.0,4.4,2.2,4.59,-4.9,0.0,89
2.6,58.0,4.6,2.3,4.46,-5.1,0.0,90
2.8,57.0,4.7,2.4,4.76,-5.3,0.0,90
3.3,55.0,4.7,2.4,4.53,-5.6,0.0,88
3.6,54.0,4.6,2.3,4.49,-5.7,0.0,86
3.6,55.0,4.4,2.3,4.59,-5.5,30.0,84
3.5,54.0,4.1,2.3,4.41,-4.4,92.0,81
3.3,55.0,3.9,2.2,3.24,-3.8,121.0,80
3.4,55.0,3.7,2.0,4.23,-2.5,152.0,80
3.5,55.0,3.6,2.1,4.12,-2.6,108.0,80
3.6,55.0,3.6,2.3,4.33,-2.9,76.0,81
4.0,56.0,4.1,2.3,4.03,-3.2,17.0,81
4.8,54.0,4.2,2.7,3.76,-4.3,0.0,82
6.2,50.0,5.9,4.0,3.5,-4.9,0.0,81
7.0,46.0,6.2,4.6,3.38,-4.8,0.0,84
7.4,46.0,6.8,5.3,2.63,-5.6,0.0,83
8.6,46.0,7.6,5.9,2.17,-6.0,0.0,84
9.9,44.0,8.8,6.9,1.82,-6.4,0.0,84
10.1,42.0,8.8,7.7,1.68,-6.9,0.0,85
10.3,40.0,9.2,8.2,1.15,-8.5,0.0,86
11.8,38.0,9.3,9.1,0.92,-8.8,0.0,85
10.8,37.0,10.5,9.7,0.71,-9.8,0.0,86
12.1,37.0,11.3,10.7,0.21,-9.6,0.0,84
12.7,36.0,11.0,9.4,0.91,-9.3,0.0,82
14.1,34.0,9.9,8.6,0.83,-8.9,0.0,82
15.7,33.0,10.1,8.7,1.73,-7.3,0.0,82
19.4,24.0,10.6,8.4,2.69,-7.2,0.0,83
21.4,21.0,9.9,8.0,2.5,-6.4,0.0,87
21.3,24.0,9.5,7.7,2.9,-4.6,0.0,89
18.3,29.0,8.5,7.1,3.18,-3.4,26.0,92
12.8,40.0,7.6,6.1,3.52,-2.3,68.0,89
9.4,50.0,6.3,5.1,3.29,-1.4,55.0,85
7.2,51.0,5.8,4.7,3.61,-1.5,64.0,90
7.2,55.0,5.8,4.7,3.42,-1.1,59.0,86
7.8,53.0,6.0,4.9,3.07,-0.8,29.0,84
7.9,51.0,6.2,5.0,2.94,-1.0,6.0,89
7.8,52.0,6.4,5.1,2.68,-1.2,0.0,89
8.2,51.0,6.4,5.2,3.13,-1.1,0.0,91
8.3,50.0,6.6,5.4,4.11,-0.9,0.0,88
8.1,49.0,7.0,5.8,2.87,-1.4,0.0,90
7.6,49.0,7.2,5.9,3.0,-1.9,0.0,88
7.4,49.0,7.2,5.8,2.84,-1.5,0.0,87
7.8,47.0,6.6,5.6,2.62,-1.8,0.0,87
8.1,42.0,7.1,5.9,1.56,-2.8,0.0,88
14.8,40.0,7.6,7.1,4.02,-2.5,0.0,89
13.9,39.0,7.6,7.0,3.48,-2.0,0.0,87
12.1,39.0,7.2,6.5,2.61,-2.3,0.0,88
10.3,40.0,7.6,7.0,2.06,-3.5,0.0,88
10.4,43.0,8.6,7.2,1.68,-4.4,0.0,88
11.8,38.0,9.0,7.4,1.74,-3.9,0.0,88
13.5,34.0,10.2,8.6,1.57,-2.2,0.0,87
17.9,31.0,12.1,10.8,1.16,-2.8,0.0,87
25.7,27.0,13.7,12.7,0.05,-3.3,0.0,88
25.7,26.0,17.2,14.8,0.29,-3.4,25.0,90
20.7,28.0,15.9,14.6,0.97,-3.1,82.0,90
18.6,30.0,12.9,12.3,1.8,-2.0,135.0,87
17.7,32.0,13.0,10.8,1.84,-2.5,173.0,92
18.0,35.0,13.2,11.4,2.4,-2.2,129.0,91
19.2,36.0,13.6,12.1,3.2,-1.5,71.0,88
20.4,34.0,14.9,13.5,3.17,-1.1,15.0,89
19.0,33.0,17.0,14.4,4.13,-1.0,0.0,89
18.2,33.0,17.6,14.2,4.66,-1.1,0.0,92
15.6,38.0,16.7,13.9,4.85,-0.9,0.0,90
11.5,44.0,13.7,11.9,5.34,-0.6,0.0,91
10.7,41.0,13.3,10.9,4.78,-0.6,0.0,90
11.6,40.0,13.4,12.5,4.81,-1.0,0.0,88
9.6,41.0,14.1,11.1,5.18,-1.4,0.0,90
7.6,44.0,10.1,8.0,5.08,-1.5,0.0,90
7.2,50.0,9.4,7.1,4.38,-1.4,0.0,83
8.0,48.0,11.0,8.0,4.72,-1.5,0.0,85
7.9,47.0,10.3,8.7,4.95,-1.8,0.0,81
7.1,46.0,7.6,6.0,3.28,-2.2,0.0,68
7.1,48.0,7.0,6.1,2.98,-2.3,0.0,78
7.8,49.0,8.4,4.4,4.36,-1.8,0.0,92
9.7,47.0,10.5,7.8,4.67,-0.9,0.0,93
12.5,39.0,13.9,11.8,4.88,-0.6,0.0,93
12.4,39.0,13.8,12.8,5.31,-0.9,0.0,94
12.7,39.0,16.6,14.1,5.32,-1.1,19.0,94
11.5,43.0,14.8,14.1,5.81,-1.0,59.0,92
11.0,47.0,14.8,11.4,6.26,-1.1,84.0,93
11.5,51.0,12.3,8.8,6.56,-0.4,58.0,93
10.1,49.0,11.9,8.8,6.96,-0.2,52.0,91
9.4,51.0,11.2,8.8,7.18,-0.3,32.0,92
9.2,51.0,9.7,7.8,7.1,-0.3,13.0,91
9.3,52.0,8.6,7.0,6.85,-0.3,0.0,90
9.2,54.0,8.9,7.0,7.1,-0.3,0.0,89
8.1,54.0,10.2,8.4,6.62,-0.2,0.0,88
7.3,55.0,10.2,7.9,7.01,-0.3,0.0,88
7.4,55.0,10.0,8.4,6.8,-0.6,0.0,88
7.4,57.0,9.7,8.7,6.62,-0.9,0.0,89
7.0,56.0,10.5,9.3,6.39,-1.0,0.0,90
6.8,55.0,10.2,8.9,6.12,-1.1,0.0,90
6.7,53.0,9.7,8.4,5.81,-1.0,0.0,91
6.7,52.0,10.1,9.0,5.46,-1.0,0.0,91
6.7,52.0,10.5,9.2,5.5,-1.0,0.0,91
6.7,52.0,10.7,9.4,5.11,-1.1,0.0,91
6.5,49.0,10.7,9.2,4.17,-1.1,0.0,92
6.2,50.0,10.7,9.1,4.08,-1.0,0.0,93
6.4,54.0,10.7,9.0,3.65,-0.8,0.0,92
7.0,53.0,10.9,9.0,3.49,-0.8,0.0,93
6.9,54.0,10.5,8.9,3.61,-0.7,0.0,93
7.8,53.0,10.6,9.0,3.64,-0.6,17.0,92
8.0,47.0,10.5,9.1,3.71,-0.3,42.0,91
8.2,47.0,10.3,8.9,3.7,-0.2,67.0,91
9.5,45.0,10.4,8.7,4.25,-0.1,57.0,92
9.7,47.0,10.5,8.9,4.75,-0.1,47.0,92
10.5,48.0,10.9,9.2,4.79,-0.2,42.0,92
10.8,48.0,11.1,9.5,4.53,-0.6,15.0,92
10.4,48.0,11.4,9.7,4.7,-0.8,0.0,92
10.3,47.0,11.6,9.9,5.0,-0.9,0.0,91
10.5,47.0,12.7,11.5,5.42,-1.0,0.0,90
9.8,48.0,14.5,11.9,5.94,-1.1,0.0,89
8.6,52.0,15.7,12.5,6.54,-1.0,0.0,88
8.1,52.0,17.0,12.6,7.03,-1.0,0.0,87
6.3,54.0,17.3,12.2,7.36,-1.0,0.0,85
6.2,54.0,16.4,11.3,7.56,-1.1,0.0,84
5.2,55.0,14.3,10.2,7.8,-1.2,0.0,84
4.3,57.0,11.2,8.9,8.22,-1.2,0.0,82
3.9,60.0,9.9,7.2,8.25,-1.1,0.0,82
3.5,65.0,10.7,6.3,8.86,-1.0,0.0,79
3.0,67.0,10.1,5.8,9.36,-0.8,0.0,79
3.1,68.0,11.1,6.0,9.2,-0.9,0.0,83
3.1,63.0,11.1,7.0,8.86,-1.1,0.0,83
3.1,63.0,9.7,5.5,9.18,-1.3,0.0,83
3.2,67.0,8.1,4.1,9.97,-1.0,0.0,81
3.3,58.0,8.0,4.6,10.72,-0.3,21.0,78
2.7,65.0,7.3,3.2,10.61,-0.3,57.0,78
2.7,64.0,6.5,3.2,10.46,-0.3,92.0,76
2.9,62.0,6.7,3.4,10.74,-0.1,117.0,72
2.9,62.0,6.4,3.1,10.07,-0.2,102.0,72
2.8,68.0,6.0,2.5,10.21,-0.4,52.0,73
2.5,70.0,5.6,2.1,10.61,-0.3,16.0,71
2.4,73.0,5.6,2.0,10.25,-0.4,0.0,74
2.1,73.0,5.5,1.9,9.77,-0.8,0.0,76
1.9,72.0,5.6,1.8,9.61,-0.9,0.0,72
1.7,73.0,5.7,1.7,9.67,-1.3,0.0,71
1.7,73.0,5.7,1.7,9.77,-1.4,0.0,73
1.6,73.0,5.7,1.8,9.74,-1.4,0.0,74
1.4,75.0,5.8,1.8,9.29,-1.5,0.0,76
1.3,75.0,5.6,1.8,8.98,-1.5,0.0,75
1.3,73.0,5.2,1.7,8.63,-1.5,0.0,72
1.2,75.0,4.7,1.7,8.56,-1.5,0.0,70
1.1,78.0,4.4,1.6,8.22,-1.5,0.0,70
1.2,77.0,4.4,1.6,8.32,-1.4,0.0,69
1.2,77.0,4.4,1.6,8.23,-1.5,0.0,71
1.3,76.0,4.2,1.8,7.88,-1.4,0.0,72
1.3,73.0,4.0,1.6,7.41,-1.3,0.0,71
1.5,70.0,4.4,2.0,7.12,-1.6,0.0,74
1.7,70.0,5.7,2.0,6.65,-1.9,0.0,78
2.1,71.0,5.5,1.9,6.04,-1.8,26.0,77
2.3,72.0,4.5,1.8,5.28,-2.2,100.0,75
2.5,72.0,3.8,1.6,4.81,-2.7,175.0,75
2.6,73.0,3.3,1.7,4.91,-2.1,195.0,70
2.8,73.0,3.2,1.7,4.54,-2.5,173.0,72
2.8,72.0,3.2,1.7,4.15,-3.0,113.0,75
3.7,70.0,3.4,2.0,3.82,-3.9,34.0,79
4.5,69.0,3.6,2.4,3.72,-4.4,0.0,81
5.0,70.0,4.3,2.8,3.5,-4.9,0.0,81
5.4,69.0,5.3,3.6,3.56,-5.2,0.0,78
5.2,68.0,5.7,3.9,3.43,-5.6,0.0,79
6.0,64.0,5.8,4.7,3.44,-5.8,0.0,79
6.2,62.0,6.4,5.1,3.38,-6.3,0.0,79
7.0,60.0,7.4,6.1,3.39,-6.8,0.0,79
7.7,60.0,8.1,6.4,3.54,-7.3,0.0,78
7.1,61.0,7.6,4.6,3.09,-8.5,0.0,79
6.2,62.0,7.0,4.0,2.81,-8.8,0.0,77
5.9,65.0,5.9,4.0,2.93,-8.8,0.0,75
5.4,65.0,5.1,3.6,3.32,-8.8,0.0,74
5.2,66.0,4.8,3.6,3.43,-8.7,0.0,75
5.7,67.0,5.2,4.2,3.4,-8.5,0.0,76
7.0,64.0,7.2,4.7,3.08,-9.7,0.0,74
8.3,59.0,8.8,6.7,2.93,-9.9,0.0,76
10.1,58.0,9.1,8.3,2.83,-9.8,0.0,77
10.7,58.0,9.8,8.3,1.94,-9.1,43.0,78
11.2,57.0,10.0,8.0,2.62,-8.4,120.0,77
11.7,56.0,9.9,7.8,2.64,-7.4,174.0,77
11.5,55.0,9.5,7.5,2.11,-5.3,189.0,83
12.2,52.0,9.9,7.3,1.59,-5.6,150.0,83
14.4,45.0,10.8,7.3,1.56,-6.1,107.0,85
19.4,44.0,11.6,8.2,1.1,-8.2,33.0,87
23.3,37.0,12.6,8.9,0.59,-8.9,0.0,87
24.9,35.0,12.8,10.4,0.78,-8.6,0.0,91
28.4,31.0,11.8,10.8,1.24,-8.1,0.0,89
23.5,32.0,11.2,10.1,2.31,-5.9,0.0,87
15.1,41.0,10.6,7.4,3.19,-4.6,0.0,85
7.6,65.0,6.4,5.2,3.58,-4.1,0.0,84
5.0,63.0,4.8,3.4,3.93,-3.7,0.0,84
5.1,64.0,5.3,4.1,4.32,-3.0,0.0,81
4.6,66.0,6.0,4.5,5.08,-1.8,0.0,85
5.1,65.0,6.7,4.8,5.26,-1.4,0.0,86
6.4,64.0,6.7,4.8,5.59,-1.0,0.0,85
6.3,60.0,6.4,4.3,5.88,-0.8,0.0,85
5.6,59.0,7.1,4.1,6.19,-0.5,0.0,84
6.3,60.0,7.2,4.1,6.53,-0.4,0.0,84
5.7,60.0,8.5,4.3,6.42,-0.5,0.0,83
5.4,64.0,6.8,4.6,6.82,-0.3,0.0,80
4.8,69.0,6.2,3.8,7.42,-0.2,0.0,80
4.9,74.0,5.8,3.5,7.68,-0.3,9.0,78
4.9,74.0,5.3,3.2,7.98,-0.4,20.0,78
4.4,74.0,4.9,3.1,7.9,-0.4,32.0,79
5.0,73.0,4.8,2.8,7.74,-0.5,36.0,78
5.3,72.0,5.4,2.8,7.55,-0.5,35.0,79
5.7,68.0,6.1,2.8,7.22,-0.4,16.0,83
6.1,64.0,7.2,3.3,7.29,-0.3,7.0,86
6.2,61.0,8.2,4.4,7.11,-0.2,0.0,88
6.7,62.0,7.2,5.2,6.64,-0.2,0.0,89
7.4,62.0,8.1,5.8,6.41,0.1,0.0,91
8.0,60.0,8.2,6.8,6.38,0.1,0.0,92
8.2,59.0,8.7,6.7,6.42,0.1,0.0,93
8.7,55.0,9.1,6.9,6.17,0.2,0.0,94
9.4,53.0,9.3,6.0,5.9,0.3,0.0,95
9.5,49.0,9.6,6.3,5.95,0.5,0.0,95
10.2,48.0,10.6,8.8,5.82,0.6,0.0,95
10.0,47.0,8.9,6.8,5.03,0.8,0.0,95
9.8,44.0,9.0,5.5,4.75,0.9,0.0,96
9.5,41.0,8.4,6.2,4.5,1.1,0.0,96
10.2,37.0,8.7,6.6,4.39,1.2,0.0,96
11.9,33.0,8.8,8.0,4.31,1.4,0.0,96
13.2,30.0,12.6,10.1,4.04,1.4,0.0,98
14.9,26.0,12.5,11.8,3.93,1.4,0.0,98
15.7,22.0,15.0,12.6,3.83,1.6,0.0,98
17.5,20.0,16.1,14.2,3.71,1.9,12.0,98
16.9,27.0,15.5,14.1,3.66,2.0,28.0,99
14.9,29.0,15.2,13.1,3.76,2.2,55.0,99
15.5,30.0,15.5,12.3,3.25,2.4,53.0,100
17.2,29.0,15.1,11.5,3.61,2.8,48.0,99
18.1,31.0,14.4,10.5,3.38,2.8,34.0,99
17.6,32.0,13.8,9.8,3.4,2.8,12.0,98
17.0,32.0,13.5,9.8,3.73,2.7,0.0,99
15.7,34.0,13.3,10.1,3.91,2.7,0.0,99
14.4,32.0,13.9,10.6,4.05,3.0,0.0,99
13.8,32.0,13.9,11.0,4.45,3.1,0.0,99
13.2,30.0,13.3,10.3,4.79,3.3,0.0,99
12.3,35.0,11.4,9.2,5.72,3.4,0.0,100
14.9,32.0,10.3,8.6,6.15,3.7,0.0,99
14.6,29.0,8.4,7.1,6.15,3.5,0.0,99
14.3,32.0,7.8,6.6,5.55,3.6,0.0,98
14.7,32.0,7.4,6.3,4.85,3.3,0.0,99
13.0,30.0,8.4,6.1,3.92,3.3,0.0,98
12.8,28.0,9.2,6.8,3.62,3.2,0.0,98
13.9,27.0,9.0,7.4,4.03,3.2,0.0,98
12.3,26.0,9.6,8.4,4.59,3.4,0.0,98
14.1,28.0,9.0,7.2,4.25,3.4,0.0,98
12.6,32.0,9.2,5.9,4.56,2.9,0.0,97
10.2,43.0,8.9,3.7,4.55,2.2,1.0,96
7.5,52.0,8.4,3.5,4.81,2.5,40.0,95
6.7,54.0,10.0,3.4,4.92,3.2,114.0,94
5.5,59.0,9.4,3.7,4.78,3.7,165.0,92
4.4,58.0,10.1,3.8,4.57,4.0,184.0,92
4.1,55.0,10.9,4.1,4.53,4.1,163.0,90
6.1,56.0,11.3,4.4,4.43,3.7,107.0,91
7.6,58.0,11.9,4.6,4.08,2.8,37.0,91
8.8,54.0,12.6,4.7,4.05,2.0,0.0,92
9.3,52.0,13.4,5.3,4.28,1.5,0.0,93
8.8,53.0,13.7,5.7,4.61,1.7,0.0,94
7.2,53.0,13.8,6.1,4.43,1.4,0.0,95
6.6,53.0,14.0,6.3,4.24,1.2,0.0,95
6.5,52.0,14.5,6.3,4.13,1.0,0.0,95
6.6,50.0,14.6,6.3,4.25,0.8,0.0,95
6.4,50.0,13.6,5.9,3.96,0.8,0.0,95
5.8,48.0,12.1,5.9,3.01,0.8,0.0,96
5.3,47.0,11.5,5.3,3.35,0.3,0.0,97
5.2,45.0,11.3,5.3,3.5,0.6,0.0,98
6.0,43.0,11.3,7.1,3.86,0.9,0.0,98
5.5,43.0,11.1,7.7,4.26,0.9,0.0,98
5.7,41.0,12.4,7.8,4.61,0.9,0.0,98
6.0,43.0,11.9,8.1,5.16,1.4,0.0,98
7.5,43.0,11.5,8.1,5.6,1.4,0.0,98
7.0,49.0,10.4,7.3,5.82,1.6,1.0,97
6.7,49.0,10.0,7.2,5.87,1.8,34.0,98
7.7,45.0,8.9,5.9,6.46,2.0,30.0,99
8.2,41.0,10.0,6.0,6.09,2.4,37.0,99
8.8,38.0,8.0,6.3,6.35,3.6,46.0,99
10.0,34.0,10.1,6.8,5.58,3.5,26.0,99
12.6,30.0,10.5,8.0,4.36,3.7,46.0,97
14.2,29.0,10.8,9.0,3.81,3.8,15.0,98
14.8,27.0,11.8,9.8,4.3,4.0,0.0,99
16.1,25.0,12.3,10.4,4.45,4.2,0.0,99
15.8,25.0,12.5,11.1,4.33,4.5,0.0,99
15.2,25.0,13.4,12.0,4.0,4.4,0.0,100
15.7,26.0,14.7,13.1,4.32,4.4,0.0,100
16.2,24.0,13.1,10.3,5.13,4.5,0.0,99
15.4,26.0,15.2,11.6,5.91,4.7,0.0,99
15.2,26.0,10.8,8.8,5.69,4.8,0.0,99
13.3,30.0,14.9,12.0,5.2,4.9,0.0,98
11.8,29.0,14.9,12.0,5.61,4.9,0.0,98
10.1,33.0,14.5,11.2,5.52,4.9,0.0,98
9.6,34.0,14.7,11.2,5.55,4.6,0.0,98
9.9,36.0,14.6,10.9,5.87,4.5,0.0,98
7.9,39.0,13.1,9.8,6.34,4.4,0.0,97
7.3,42.0,13.6,10.3,6.63,4.6,0.0,95
7.3,43.0,14.6,11.3,6.45,4.7,0.0,95
6.8,45.0,16.4,11.0,6.45,4.9,0.0,94
6.1,47.0,17.1,10.5,6.67,5.3,25.0,93
6.1,48.0,15.3,11.1,6.55,6.2,77.0,90
6.1,49.0,13.2,10.7,6.65,6.9,63.0,88
7.4,50.0,11.3,9.1,6.3,7.4,55.0,87
7.7,46.0,10.7,7.3,6.02,7.3,70.0,89
8.5,43.0,9.2,5.0,5.66,6.4,43.0,89
9.3,44.0,9.3,4.4,5.37,5.9,13.0,90
8.7,44.0,8.3,4.2,4.81,5.8,0.0,90
8.0,45.0,9.0,4.5,3.96,5.8,0.0,91
9.3,47.0,10.7,5.3,3.19,5.2,0.0,93
10.1,46.0,12.1,6.3,2.93,4.9,0.0,94
10.9,39.0,12.8,7.1,2.42,4.3,0.0,95
12.5,33.0,12.7,7.6,2.46,3.7,0.0,95
13.9,28.0,12.5,8.0,2.45,2.5,0.0,95
15.2,24.0,12.3,8.6,2.11,2.7,0.0,95
13.5,20.0,12.4,7.6,1.45,2.8,0.0,96
13.2,21.0,12.0,6.8,1.48,3.0,0.0,95
14.3,24.0,10.4,5.7,2.46,3.2,0.0,94
18.3,25.0,9.4,5.5,3.34,3.5,0.0,95
22.9,23.0,11.2,8.2,3.87,3.5,0.0,96
18.4,22.0,12.8,9.7,3.83,3.3,0.0,97
17.4,23.0,16.9,12.0,4.44,3.9,0.0,96
16.8,21.0,17.4,13.5,4.32,3.7,0.0,99
17.2,18.0,18.7,14.1,3.82,3.4,0.0,99
16.8,18.0,22.3,17.7,3.61,3.4,24.0,98
15.0,20.0,21.9,19.0,3.96,3.7,91.0,96
11.8,24.0,22.9,20.1,3.76,3.6,144.0,96
10.6,27.0,23.6,20.4,4.23,3.0,172.0,94
10.6,29.0,23.3,21.1,3.98,2.8,140.0,94
12.1,30.0,24.1,22.2,4.41,2.3,85.0,96
13.8,26.0,24.5,22.7,4.57,1.9,22.0,99
15.6,24.0,25.1,21.2,4.84,1.8,1.0,99
12.2,31.0,24.4,20.3,4.77,1.6,0.0,97
11.5,36.0,24.8,18.5,5.12,1.6,0.0,99
11.3,35.0,25.1,18.2,5.3,1.4,0.0,100
10.1,38.0,23.7,19.7,5.33,1.1,0.0,99
9.5,39.0,23.8,17.5,5.09,0.9,0.0,99
8.6,39.0,23.6,18.0,4.95,0.8,0.0,100
8.0,41.0,24.2,18.2,4.16,0.9,0.0,99
7.5,44.0,22.0,16.5,4.39,1.5,0.0,99
7.1,49.0,20.3,16.4,5.03,1.7,0.0,99
7.6,52.0,22.1,18.2,5.1,1.9,0.0,98
8.0,47.0,25.7,20.3,4.66,2.0,0.0,98
7.7,44.0,26.9,21.7,4.95,2.0,0.0,98
7.7,43.0,27.7,22.0,5.45,2.0,0.0,98
7.7,44.0,27.4,21.7,5.2,2.1,0.0,98
7.4,45.0,27.3,20.5,5.34,2.1,0.0,98
6.8,46.0,27.2,20.6,5.73,2.2,1.0,98
6.6,47.0,26.3,20.0,5.55,2.4,13.0,98
6.1,48.0,25.9,19.7,5.61,2.8,38.0,96
5.9,50.0,25.5,18.7,5.87,3.0,73.0,94
6.0,50.0,24.1,18.3,5.69,2.5,89.0,92
6.3,50.0,22.6,17.4,5.27,2.5,82.0,91
6.9,49.0,21.7,17.0,4.26,2.4,61.0,91
8.5,48.0,21.4,17.1,4.37,2.0,36.0,95
8.7,48.0,21.2,17.2,4.88,1.5,1.0,95
8.8,47.0,22.1,17.9,5.12,1.4,0.0,95
8.0,48.0,22.5,17.6,4.96,1.5,0.0,96
6.8,50.0,22.2,18.0,4.92,1.3,0.0,95
6.5,51.0,21.9,17.3,5.17,1.1,0.0,94
6.4,52.0,21.5,16.3,4.97,0.9,0.0,94
6.3,51.0,21.2,15.9,4.68,0.8,0.0,93
6.2,52.0,21.0,14.8,4.46,0.6,0.0,93
6.1,54.0,20.9,15.5,4.7,0.8,0.0,92
6.0,54.0,20.4,15.9,4.78,0.6,0.0,92
5.9,54.0,19.7,14.9,4.7,0.4,0.0,91
5.9,55.0,19.5,13.8,4.67,0.3,0.0,91
6.2,53.0,19.5,13.7,4.63,0.2,0.0,90
6.4,52.0,18.7,12.4,4.39,0.1,0.0,90
7.1,53.0,18.4,12.6,4.36,0.1,0.0,90
7.6,53.0,17.1,11.9,4.28,-0.1,0.0,90
7.9,52.0,17.9,12.0,4.24,-0.1,2.0,90
7.7,54.0,16.9,12.1,4.21,0.6,54.0,89
7.3,55.0,16.1,11.6,4.05,1.2,133.0,86
7.2,57.0,15.7,11.5,4.23,1.5,190.0,80
7.5,58.0,16.4,11.0,4.31,1.4,211.0,78
8.2,59.0,16.4,10.9,4.18,1.3,192.0,78
9.0,59.0,14.9,11.4,3.81,1.0,135.0,79
9.5,59.0,14.3,11.0,3.9,0.5,55.0,83
9.3,58.0,14.9,11.3,3.91,0.2,2.0,84
8.9,57.0,14.2,11.7,3.83,0.2,0.0,82
9.0,56.0,14.6,11.8,4.03,0.4,0.0,84
9.2,56.0,15.1,11.5,4.0,0.2,0.0,85
9.4,55.0,15.5,11.0,3.61,0.2,0.0,86
9.4,56.0,15.8,10.7,3.32,0.2,0.0,87
9.4,55.0,15.1,10.7,3.16,0.2,0.0,88
9.5,54.0,14.0,10.6,2.84,0.3,0.0,88
9.8,53.0,15.1,10.4,2.49,0.1,0.0,88
9.9,51.0,15.0,10.8,2.51,0.0,0.0,88
10.2,48.0,14.7,11.2,2.29,-0.1,0.0,88
10.5,46.0,14.4,11.4,2.21,-0.2,0.0,88
11.3,42.0,15.2,12.5,2.04,-0.4,0.0,88
13.9,39.0,16.1,13.2,1.55,-0.6,0.0,89
14.2,34.0,17.5,14.3,1.46,-1.2,0.0,89
21.0,28.0,19.2,15.2,1.41,-2.3,0.0,90
25.1,24.0,20.4,16.1,1.35,-2.0,2.0,90
24.9,21.0,21.1,16.6,1.25,-0.3,53.0,88
20.8,22.0,20.7,16.3,0.84,0.8,128.0,86
16.4,30.0,19.2,15.9,1.51,1.5,182.0,82
14.6,38.0,17.9,15.1,1.98,1.5,201.0,84
14.7,37.0,18.1,13.5,2.21,1.4,167.0,84
16.1,40.0,18.2,14.2,2.07,0.9,119.0,87
17.5,34.0,18.0,14.8,1.48,-0.1,51.0,91
22.8,30.0,18.1,14.0,2.06,-0.7,2.0,90
23.4,28.0,18.6,14.7,2.69,-0.9,0.0,92
21.1,26.0,18.9,16.0,3.34,-0.6,0.0,93
17.4,27.0,19.5,16.3,3.8,-0.3,0.0,94
14.6,31.0,19.4,15.6,3.96,0.1,0.0,94
14.3,34.0,18.8,14.6,4.01,0.4,0.0,93
14.5,36.0,18.6,14.1,3.72,0.6,0.0,92
16.7,28.0,18.6,13.9,3.56,0.3,0.0,91
20.4,30.0,20.2,14.4,3.91,0.2,0.0,88
16.6,30.0,19.6,15.6,4.12,0.2,0.0,89
12.1,32.0,20.3,15.5,4.67,0.2,0.0,89
9.5,36.0,20.3,15.5,5.06,0.3,0.0,89
7.1,42.0,19.7,15.3,5.51,0.2,0.0,89
6.2,44.0,19.4,15.1,5.61,0.2,0.0,88
6.0,49.0,16.5,13.3,5.78,0.1,0.0,86
5.8,53.0,16.2,12.2,5.7,-0.1,0.0,87
5.0,51.0,16.4,11.9,5.87,0.1,1.0,85
4.8,52.0,15.7,11.9,6.54,0.3,22.0,83
4.6,53.0,16.1,13.3,6.6,0.6,63.0,81
4.8,53.0,16.1,13.0,6.15,0.6,103.0,81
5.2,53.0,16.5,12.0,6.25,0.0,98.0,85
5.2,52.0,17.2,12.6,6.25,-0.1,66.0,85
5.3,50.0,16.6,12.7,6.38,-0.2,43.0,87
5.3,52.0,16.2,11.6,5.96,-0.6,20.0,87
4.8,56.0,16.3,11.2,5.63,-0.9,1.0,86
4.4,61.0,15.7,11.2,6.24,-0.6,0.0,80
4.1,63.0,14.3,11.2,6.33,-0.1,0.0,81
3.5,68.0,14.0,9.3,6.52,0.1,0.0,80
3.5,65.0,15.8,10.8,6.7,0.2,0.0,77
3.3,66.0,16.4,10.8,6.44,0.6,0.0,79
3.3,60.0,16.2,10.8,5.99,0.4,0.0,82
3.1,62.0,13.5,8.3,5.51,0.6,0.0,76
2.5,75.0,13.8,7.8,5.75,0.6,0.0,77
2.5,75.0,12.7,7.7,6.06,0.5,0.0,79
2.5,70.0,12.6,8.3,6.42,0.1,0.0,85
2.9,66.0,13.2,8.9,6.72,0.1,0.0,82
2.6,66.0,13.7,10.1,6.84,-0.1,0.0,81
2.7,68.0,14.4,9.4,6.78,-0.3,0.0,80
2.9,69.0,16.1,11.3,6.5,-0.8,0.0,80
3.1,66.0,17.8,12.8,6.79,-1.5,0.0,79
3.0,66.0,19.6,13.7,7.32,-1.5,1.0,78
2.9,64.0,18.6,14.3,7.51,-1.3,21.0,76
3.4,66.0,17.4,12.8,7.41,-1.1,39.0,76
3.3,68.0,16.3,11.9,7.51,-1.0,53.0,72
3.1,70.0,12.4,10.9,7.9,-1.2,74.0,72
3.3,70.0,12.7,11.0,8.36,-0.9,53.0,70
3.4,69.0,13.8,11.3,7.8,-0.8,35.0,72
3.3,69.0,15.8,11.0,8.2,-0.5,18.0,70
3.3,68.0,16.3,10.8,8.31,-0.2,1.0,74
3.6,68.0,12.5,11.1,8.82,-0.2,0.0,77
3.6,69.0,15.3,10.8,8.73,0.2,0.0,70
3.5,69.0,15.3,11.0,8.92,0.2,0.0,71
3.5,69.0,15.2,11.3,8.66,0.1,0.0,75
3.6,69.0,18.2,11.8,8.86,-0.1,0.0,80
4.0,68.0,19.1,12.0,8.9,0.1,0.0,83
3.5,66.0,18.8,12.0,9.05,0.3,0.0,83
3.3,67.0,17.9,11.3,9.03,0.2,0.0,83
3.5,68.0,18.0,11.3,8.94,0.2,0.0,83
3.2,67.0,17.4,10.7,8.72,0.2,0.0,82
3.4,67.0,16.7,10.0,8.43,0.2,0.0,81
3.4,67.0,16.5,9.6,8.68,0.2,0.0,80
3.5,68.0,16.6,9.6,8.83,0.0,0.0,80
3.8,69.0,16.9,9.9,8.67,0.0,0.0,79
3.9,67.0,17.2,10.3,8.66,-0.2,0.0,81
4.3,67.0,18.0,10.5,8.5,-0.3,1.0,81
5.4,66.0,17.7,10.9,8.63,-0.4,25.0,79
5.8,65.0,17.2,11.0,8.53,-0.5,53.0,78
6.0,65.0,17.3,11.3,8.16,-0.8,73.0,82
5.4,66.0,17.2,11.0,8.65,-0.9,84.0,80
4.9,71.0,16.3,10.4,8.73,-0.8,73.0,80
4.8,76.0,15.0,10.2,8.66,-0.6,57.0,77
4.1,76.0,14.4,9.1,8.09,-0.7,28.0,78
3.8,74.0,13.3,7.9,8.29,-0.7,2.0,76
4.1,71.0,12.3,8.3,8.26,-0.8,0.0,78
4.1,71.0,11.8,8.1,8.02,-1.0,0.0,81
3.7,71.0,11.3,7.4,8.07,-1.2,0.0,82
3.5,71.0,11.0,7.4,8.16,-1.2,0.0,81
3.2,72.0,10.8,7.4,8.28,-1.2,0.0,80
3.0,73.0,10.3,7.2,8.03,-1.2,0.0,79
2.9,73.0,10.1,7.2,7.55,-1.2,0.0,79
3.0,73.0,10.2,6.4,7.52,-0.9,0.0,77
3.0,73.0,10.2,6.4,7.25,-0.8,0.0,76
3.1,73.0,9.4,6.3,6.77,-0.9,0.0,77
3.3,73.0,8.1,6.1,6.68,-0.9,0.0,76
3.5,71.0,8.1,6.5,6.52,-0.9,0.0,75
3.5,71.0,8.3,6.8,6.28,-0.8,0.0,73
3.3,71.0,9.6,6.9,6.43,-0.6,0.0,69
3.3,71.0,10.1,6.9,6.3,-0.2,0.0,68
3.2,72.0,10.4,7.2,7.55,-0.2,2.0,77
3.3,72.0,10.2,7.8,7.25,-0.1,27.0,80
3.3,72.0,10.2,7.8,7.82,0.4,55.0,77
3.3,72.0,10.2,7.8,7.23,0.4,62.0,80
3.6,72.0,10.5,8.0,6.79,0.3,57.0,82
4.1,72.0,11.0,8.5,6.89,0.6,57.0,82
4.2,71.0,10.6,8.1,6.42,0.6,29.0,82
4.1,71.0,11.0,8.0,6.5,0.7,17.0,81
4.1,72.0,10.7,8.1,6.47,0.8,2.0,79
3.9,74.0,10.2,8.0,6.69,0.7,0.0,78
3.7,68.0,9.1,6.5,7.24,0.4,0.0,79
4.6,61.0,9.4,7.2,6.96,0.2,0.0,79
4.6,67.0,10.1,7.5,7.25,0.0,0.0,80
3.9,67.0,9.8,6.7,7.31,-0.8,0.0,84
4.2,66.0,9.6,6.8,7.21,-0.9,0.0,83
4.2,65.0,9.0,7.1,6.86,-0.8,0.0,84
3.3,66.0,9.9,7.1,6.45,-0.8,0.0,88
3.5,66.0,9.7,7.3,6.2,-0.8,0.0,90
3.7,66.0,11.2,7.4,6.05,-0.6,0.0,88
3.6,61.0,11.4,7.8,5.86,-0.6,0.0,91
4.1,58.0,11.5,8.1,5.97,-0.4,0.0,90
4.6,56.0,11.1,8.9,5.85,-0.2,0.0,89
4.4,58.0,11.3,9.0,5.25,-0.2,0.0,90
4.1,62.0,12.4,9.4,5.53,0.0,0.0,92
4.3,62.0,12.6,9.8,5.96,0.2,1.0,90
5.0,60.0,12.9,9.9,5.82,0.3,11.0,89
5.2,57.0,12.8,10.1,6.01,0.4,35.0,88
5.0,57.0,13.3,10.6,6.01,0.3,42.0,89
4.8,59.0,13.9,11.2,5.64,0.1,56.0,88
4.6,59.0,13.1,10.9,5.32,0.1,43.0,91
4.8,62.0,11.4,9.3,5.53,0.3,30.0,88
5.0,61.0,11.1,8.9,5.71,0.5,15.0,87
5.0,58.0,11.8,8.8,5.52,0.5,2.0,88
4.7,57.0,12.2,8.7,5.84,0.8,0.0,89
4.3,59.0,12.5,8.5,5.68,0.6,0.0,91
3.9,61.0,12.3,8.4,5.9,0.8,0.0,87
3.7,66.0,11.5,8.1,5.76,0.5,0.0,84
3.5,68.0,10.5,7.6,5.66,0.4,0.0,84
3.3,70.0,10.1,7.3,5.66,0.2,0.0,85
3.1,68.0,9.7,6.9,5.87,0.0,0.0,85
2.7,70.0,10.7,6.7,5.97,-0.1,0.0,86
2.4,70.0,10.1,6.0,6.12,-0.3,0.0,83
2.1,71.0,9.5,5.4,6.31,-0.4,0.0,80
2.3,67.0,9.4,5.1,5.98,-1.1,0.0,83
2.3,67.0,9.1,5.3,6.16,-1.4,0.0,84
2.3,68.0,7.9,5.3,6.38,-1.6,0.0,86
2.3,68.0,7.1,5.2,6.6,-1.6,0.0,82
2.6,67.0,6.7,5.3,6.68,-2.1,0.0,78
2.7,67.0,6.3,4.5,6.58,-2.9,5.0,76
2.3,70.0,6.1,4.4,7.33,-2.9,56.0,74
2.2,72.0,7.8,4.7,7.53,-2.4,103.0,69
2.1,72.0,8.4,4.5,7.09,-1.8,101.0,68
2.1,72.0,8.5,4.6,6.98,-2.0,109.0,76
2.4,72.0,8.8,4.7,6.83,-1.6,70.0,76
2.8,71.0,7.8,4.7,6.5,-1.3,45.0,76
2.8,70.0,6.9,4.8,5.92,-1.3,17.0,78
2.8,69.0,6.6,4.6,5.92,-1.2,2.0,77
2.8,68.0,6.5,4.4,5.84,-1.1,0.0,78
2.7,68.0,6.5,4.3,5.98,-1.4,0.0,81
2.6,68.0,6.3,4.3,5.76,-1.2,0.0,82
2.6,68.0,5.6,4.3,5.58,-1.2,0.0,82
2.6,68.0,5.4,4.0,5.69,-1.2,0.0,82
2.7,69.0,5.5,3.9,5.33,-0.9,0.0,83
2.8,67.0,5.5,3.5,5.34,-0.8,0.0,81
2.9,67.0,5.7,3.9,5.71,-0.6,0.0,84
3.2,66.0,5.6,3.9,5.75,-0.4,0.0,83
3.0,66.0,5.3,3.8,5.45,-0.4,0.0,82
2.4,67.0,5.3,3.5,5.44,-0.3,0.0,80
2.4,68.0,5.3,3.3,5.77,-0.3,0.0,80
2.3,68.0,4.8,3.2,6.02,-0.3,0.0,80
2.5,68.0,4.3,3.0,5.48,-0.6,0.0,83
2.5,68.0,4.2,2.6,5.57,-0.6,0.0,82
2.7,68.0,4.2,2.7,5.62,-0.6,2.0,82
2.5,69.0,4.3,2.4,6.46,-0.6,19.0,83
2.4,70.0,4.6,2.3,7.05,-0.2,59.0,79
2.3,70.0,4.9,2.3,7.5,0.1,112.0,77
2.3,71.0,5.0,2.3,7.78,-0.2,123.0,78
2.4,68.0,5.1,2.3,8.1,-0.2,82.0,78
2.5,68.0,5.3,2.5,7.71,-0.1,74.0,77
2.7,67.0,5.6,2.5,6.76,0.0,34.0,78
2.8,67.0,5.7,2.5,6.36,-0.1,3.0,78
2.9,68.0,5.7,2.5,6.67,-0.1,0.0,78
3.1,66.0,5.7,2.6,7.08,-0.3,0.0,80
3.3,66.0,5.6,2.8,6.78,-0.4,0.0,81
3.2,68.0,5.6,2.9,6.75,-0.5,0.0,82
3.2,66.0,5.5,3.0,6.9,-0.5,0.0,81
3.2,66.0,5.4,3.0,6.74,-0.6,0.0,82
3.2,66.0,5.5,2.9,6.58,-0.8,0.0,83
2.6,67.0,5.4,2.8,6.97,-0.9,0.0,84
2.6,68.0,5.4,2.7,7.37,-0.8,0.0,84
2.3,68.0,5.4,2.5,6.74,-0.9,0.0,86
2.2,68.0,5.3,2.2,6.77,-0.9,0.0,86
2.0,71.0,5.1,2.3,7.11,-0.9,0.0,84
1.9,72.0,5.0,2.2,7.23,-0.9,0.0,85
2.2,72.0,5.1,2.1,7.42,-1.1,0.0,85
2.4,69.0,5.0,2.1,6.86,-1.1,0.0,84
2.3,69.0,5.0,2.0,6.59,-1.1,2.0,83
2.3,70.0,5.0,2.0,6.99,-1.0,15.0,82
2.3,71.0,4.9,1.9,7.16,-0.9,31.0,81
2.4,71.0,4.8,1.9,7.17,-0.8,59.0,80
2.4,70.0,4.7,1.9,6.95,-0.8,69.0,80
2.5,71.0,4.4,1.9,6.56,-0.9,64.0,81
2.5,72.0,4.2,2.0,6.43,-0.9,49.0,81
2.6,71.0,4.4,2.0,5.93,-0.9,20.0,79
2.6,70.0,5.0,2.1,6.02,-0.9,5.0,76
2.5,71.0,4.8,2.3,6.15,-1.1,0.0,74
2.4,72.0,5.1,2.3,5.66,-1.3,0.0,73
2.2,73.0,5.3,2.3,5.45,-1.2,0.0,69
2.1,72.0,5.2,2.3,5.36,-1.1,0.0,69
2.1,70.0,5.2,2.2,5.66,-1.4,0.0,72
2.2,69.0,5.3,2.2,6.1,-1.5,0.0,75
2.2,69.0,5.3,2.2,6.63,-1.8,0.0,75
2.0,72.0,4.7,2.1,6.98,-2.1,0.0,74
1.9,72.0,5.1,2.3,6.99,-2.3,0.0,74
1.8,73.0,5.7,2.4,6.81,-2.5,0.0,73
1.9,75.0,6.0,2.5,6.48,-2.3,0.0,72
2.0,77.0,6.1,2.7,6.29,-2.2,0.0,70
2.1,77.0,5.8,2.4,6.12,-2.1,0.0,69
2.3,76.0,5.5,2.3,5.88,-2.3,0.0,70
2.4,76.0,4.7,2.5,6.28,-2.4,0.0,70
2.5,76.0,4.6,2.2,6.35,-2.5,3.0,71
2.5,77.0,4.7,2.3,6.57,-2.5,28.0,72
2.6,77.0,4.9,2.5,6.8,-2.4,53.0,71
2.8,75.0,4.8,2.8,7.52,-1.9,71.0,68
2.9,76.0,4.7,2.6,7.77,-2.0,86.0,68
3.0,74.0,4.7,2.7,7.98,-1.7,91.0,68
3.3,74.0,4.7,2.7,7.95,-1.5,75.0,68
3.7,74.0,5.0,2.7,7.69,-1.6,31.0,71
3.6,70.0,5.2,2.8,7.09,-1.5,4.0,74
3.4,71.0,5.3,2.8,7.25,-1.4,0.0,73
3.1,73.0,5.2,2.8,7.93,-1.2,0.0,73
2.9,73.0,5.1,2.9,7.86,-1.3,0.0,75
2.9,71.0,4.9,2.9,7.64,-1.4,0.0,76
3.3,70.0,4.7,2.9,7.24,-1.3,0.0,77
3.2,70.0,4.7,3.0,7.09,-1.3,0.0,78
3.3,68.0,4.9,3.0,6.91,-1.3,0.0,78
3.2,67.0,5.0,2.9,7.62,-1.1,0.0,77
3.5,69.0,5.2,2.7,8.27,-1.3,0.0,75
3.1,63.0,5.4,2.5,8.3,-1.2,0.0,74
3.1,63.0,5.7,2.6,8.32,-1.3,0.0,75
3.1,62.0,5.6,2.6,8.7,-1.1,0.0,72
3.4,61.0,5.7,2.7,8.55,-0.9,0.0,75
3.7,59.0,5.7,2.7,8.29,-0.9,0.0,76
3.9,58.0,5.6,2.7,8.05,-0.9,0.0,77
3.8,58.0,6.1,2.8,8.55,-1.1,3.0,79
4.1,59.0,6.5,2.8,9.67,-1.0,18.0,80
4.3,60.0,6.5,2.9,10.23,-0.9,36.0,80
4.3,59.0,6.8,3.8,9.55,-1.0,59.0,82
4.6,58.0,6.9,4.2,10.1,-1.1,50.0,82
4.6,56.0,7.2,4.2,9.79,-1.0,54.0,83
4.7,54.0,8.4,4.6,9.98,-0.9,48.0,83
5.1,55.0,8.6,5.3,9.42,-0.6,23.0,82
5.2,56.0,9.1,5.7,9.62,-0.3,3.0,82
5.0,57.0,9.5,6.1,9.7,-0.3,0.0,84
4.8,57.0,10.0,6.5,9.34,-0.1,0.0,82
4.4,56.0,10.0,6.4,9.36,-0.3,0.0,85
4.2,57.0,9.9,6.4,9.14,-0.5,0.0,86
3.8,58.0,9.7,6.6,9.48,-0.5,0.0,86
3.7,57.0,9.5,6.2,9.73,-0.3,0.0,85
3.7,57.0,9.4,6.0,9.33,-0.3,0.0,86
3.8,57.0,8.8,5.5,9.3,-0.3,0.0,88
3.5,60.0,8.3,5.6,9.18,-0.4,0.0,88
3.8,61.0,8.4,4.9,9.39,-0.4,0.0,85
3.5,61.0,8.6,4.8,9.3,-0.6,0.0,85
3.2,63.0,9.0,5.0,9.34,-0.6,0.0,83
3.2,64.0,9.3,5.5,9.39,-0.7,0.0,84
3.2,64.0,9.8,5.9,9.18,-0.6,0.0,83
3.2,65.0,10.5,6.0,9.3,-0.7,0.0,80
3.2,67.0,9.9,6.1,9.09,-1.0,4.0,79
3.2,69.0,9.1,5.7,9.0,-1.4,31.0,78
3.3,69.0,8.5,4.8,9.08,-1.6,87.0,79
3.5,71.0,9.7,4.5,8.95,-1.8,114.0,80
3.7,72.0,9.3,4.8,9.15,-2.0,96.0,80
3.7,73.0,8.5,4.9,9.11,-2.0,121.0,79
3.6,74.0,8.3,4.6,8.84,-2.2,66.0,79
3.8,74.0,6.5,4.2,9.22,-2.2,36.0,79
4.1,74.0,6.5,4.7,9.42,-2.0,6.0,78
4.2,74.0,6.4,4.5,9.26,-1.8,0.0,77
4.0,75.0,6.6,4.7,9.58,-2.0,0.0,74
3.8,74.0,6.8,4.5,9.53,-1.6,0.0,73
3.5,73.0,6.6,4.7,9.26,-1.5,0.0,73
3.0,72.0,6.4,4.5,9.15,-1.8,0.0,74
2.9,72.0,6.3,4.3,9.09,-2.0,0.0,72
2.9,73.0,6.4,4.6,8.66,-2.2,0.0,73
2.8,75.0,6.3,4.8,8.43,-2.5,0.0,70
2.8,76.0,7.4,5.1,8.64,-2.8,0.0,70
2.6,75.0,7.2,5.5,8.53,-3.0,0.0,72
2.4,75.0,9.4,5.6,8.16,-3.2,0.0,74
2.3,76.0,9.2,5.5,8.24,-3.3,0.0,75
2.3,76.0,9.2,5.5,8.46,-3.5,0.0,76
2.4,75.0,9.1,5.7,8.7,-3.3,0.0,73
2.4,74.0,9.2,5.8,8.7,-3.3,0.0,72
2.8,73.0,8.5,5.8,8.8,-3.5,6.0,74
3.0,73.0,8.6,5.5,8.89,-3.7,41.0,75
3.1,74.0,9.7,5.1,9.06,-3.6,81.0,74
3.0,76.0,9.2,4.7,8.95,-3.6,99.0,76
3.0,76.0,8.3,4.2,9.48,-3.3,99.0,73
2.9,75.0,6.5,4.0,9.1,-3.1,96.0,72
3.0,75.0,7.3,4.0,9.1,-3.1,60.0,70
3.0,76.0,7.7,4.0,9.2,-3.0,44.0,69
2.9,76.0,5.8,4.1,9.12,-3.0,8.0,70
2.8,76.0,5.6,4.2,9.27,-2.8,0.0,66
2.6,75.0,5.7,3.5,9.13,-3.2,0.0,68
2.6,77.0,5.6,3.0,8.96,-3.5,0.0,69
2.5,79.0,5.6,2.8,9.0,-3.7,0.0,70
2.4,79.0,5.6,3.1,8.81,-3.5,0.0,70
2.3,80.0,5.4,3.1,8.52,-3.3,0.0,70
2.2,80.0,5.4,3.1,8.41,-3.2,0.0,70
2.5,80.0,5.5,2.7,8.07,-3.3,0.0,68
2.4,79.0,5.6,3.1,8.13,-3.5,0.0,68
2.3,79.0,5.6,3.1,8.36,-3.7,0.0,67
2.3,79.0,5.4,3.0,8.39,-3.8,0.0,67
2.3,79.0,5.4,3.1,8.41,-4.1,0.0,66
2.3,77.0,5.9,3.2,8.04,-4.3,0.0,68
2.5,79.0,5.8,3.4,8.22,-4.6,0.0,66
2.7,79.0,5.8,3.4,8.29,-4.5,0.0,66
2.9,78.0,5.9,3.5,8.85,-4.4,9.0,65
3.2,78.0,5.9,3.4,9.11,-4.2,55.0,64
3.4,77.0,5.5,3.3,9.38,-3.7,123.0,61
3.1,78.0,5.2,3.0,9.36,-3.3,177.0,60
2.8,80.0,4.9,2.8,8.94,-3.5,153.0,61
2.8,82.0,4.7,2.7,8.95,-3.3,147.0,58
2.9,83.0,4.6,2.5,9.08,-3.3,125.0,57
3.1,85.0,4.7,2.5,9.01,-3.4,84.0,57
3.3,83.0,4.8,2.5,8.59,-3.8,19.0,63
3.0,84.0,4.9,2.4,8.79,-3.8,0.0,62
3.2,83.0,5.3,2.7,8.66,-3.8,0.0,62
3.0,83.0,5.5,2.9,9.54,-3.7,0.0,62
2.9,85.0,5.5,2.7,9.53,-3.6,0.0,62
2.8,87.0,5.4,2.6,9.34,-3.6,0.0,63
2.7,89.0,5.4,2.5,9.63,-3.5,0.0,61
2.6,89.0,5.5,2.4,9.84,-3.0,0.0,61
2.3,89.0,5.9,2.4,9.78,-3.0,0.0,61
2.2,90.0,5.1,2.5,9.76,-3.1,0.0,61
2.1,89.0,5.4,2.7,9.83,-3.0,0.0,62
2.0,88.0,5.4,2.6,9.68,-3.1,0.0,63
2.0,85.0,5.1,2.4,9.41,-3.0,0.0,64
2.0,85.0,4.6,2.4,9.48,-3.0,0.0,66
2.1,85.0,4.4,2.3,9.39,-2.9,0.0,64
2.3,84.0,4.5,2.2,9.71,-3.0,0.0,66
2.7,83.0,5.4,2.1,9.95,-3.0,9.0,67
3.1,82.0,5.2,2.1,10.27,-2.6,65.0,62
2.8,80.0,5.2,2.1,10.43,-2.1,126.0,57
2.5,80.0,5.1,2.1,10.28,-1.5,205.0,52
2.4,82.0,4.8,2.4,9.88,-1.2,237.0,56
2.5,82.0,4.6,2.5,10.01,-0.8,182.0,55
2.8,82.0,4.3,2.4,9.57,-0.3,110.0,55
3.0,83.0,5.1,2.3,9.7,-0.2,102.0,54
2.9,83.0,4.5,2.3,9.78,-0.6,24.0,55
2.7,84.0,4.5,2.3,9.78,-0.8,0.0,58
2.5,84.0,4.6,2.1,9.95,-0.9,0.0,61
2.4,84.0,4.3,2.1,10.15,-1.2,0.0,64
2.3,85.0,4.5,2.0,10.19,-1.4,0.0,67
2.3,84.0,4.4,2.2,10.21,-1.4,0.0,70
2.4,83.0,4.5,2.5,9.94,-1.5,0.0,73
2.5,83.0,6.5,2.6,9.36,-1.6,0.0,74
2.5,82.0,6.8,3.0,9.41,-1.9,0.0,74
2.6,80.0,6.8,3.3,8.91,-2.1,0.0,77
2.8,77.0,7.6,3.8,8.69,-2.2,0.0,77
2.8,75.0,7.9,4.3,8.84,-2.3,0.0,77
2.8,72.0,8.2,4.5,8.93,-2.4,0.0,77
2.9,77.0,8.4,4.3,8.73,-2.5,0.0,78
2.9,78.0,8.7,4.7,9.37,-2.5,0.0,76
2.9,74.0,8.9,4.7,9.2,-2.5,0.0,78
3.0,75.0,8.7,5.0,9.62,-2.3,11.0,76
3.5,71.0,8.4,5.0,9.57,-2.1,52.0,74
3.7,74.0,8.8,4.8,9.5,-2.0,81.0,70
3.5,74.0,8.6,4.7,9.56,-1.6,134.0,68
3.3,78.0,8.3,4.4,9.51,-1.4,94.0,71
3.2,79.0,8.0,3.3,9.33,-1.1,69.0,74
2.9,78.0,7.8,3.4,9.2,-1.1,66.0,74
3.2,77.0,7.8,3.5,9.26,-1.0,33.0,74
3.2,77.0,7.7,3.8,8.6,-1.2,9.0,76
3.5,77.0,7.3,3.9,8.43,-1.4,0.0,79
3.2,73.0,7.3,4.0,8.4,-1.8,0.0,81
3.1,76.0,7.2,4.0,8.86,-2.0,0.0,80
3.0,79.0,7.3,3.7,8.71,-2.2,0.0,80
2.8,78.0,7.4,3.5,8.61,-2.1,0.0,80
2.6,77.0,7.3,3.6,8.11,-2.2,0.0,81
2.3,76.0,7.2,3.7,8.05,-2.0,0.0,81
2.3,76.0,6.8,3.3,7.26,-2.5,0.0,83
2.2,75.0,6.5,3.2,8.03,-2.4,0.0,82
2.2,75.0,6.1,3.1,7.92,-2.2,0.0,82
2.1,75.0,6.0,3.1,7.29,-2.3,0.0,82
2.1,75.0,6.5,3.2,7.39,-2.5,0.0,82
2.1,75.0,6.7,3.2,7.7,-2.6,0.0,83
2.2,75.0,6.9,3.8,8.11,-2.8,0.0,81
2.3,74.0,6.8,4.2,8.77,-2.7,0.0,81
2.4,73.0,7.0,4.0,8.24,-2.5,4.0,80
2.4,72.0,7.3,4.9,8.31,-2.2,27.0,80
2.6,72.0,7.7,5.2,8.32,-2.2,35.0,81
2.9,71.0,8.4,5.7,8.38,-1.9,61.0,82
3.1,71.0,8.2,6.1,8.22,-2.1,51.0,85
3.1,71.0,8.3,5.7,7.99,-1.8,42.0,84
3.1,71.0,8.4,5.9,8.05,-1.5,23.0,84
3.1,71.0,8.6,5.9,7.57,-1.5,9.0,86
3.0,76.0,7.8,5.7,7.78,-1.4,3.0,87
3.1,71.0,7.3,5.4,7.9,-1.3,0.0,88
2.8,71.0,7.0,5.3,7.71,-1.5,0.0,90
2.9,71.0,5.8,4.7,7.57,-1.5,0.0,92
2.9,70.0,5.2,4.0,7.66,-1.3,0.0,93
3.0,69.0,4.9,3.6,7.77,-1.2,0.0,93
3.0,69.0,5.1,3.5,7.62,-1.2,0.0,93
3.0,68.0,5.3,3.2,7.42,-1.2,0.0,93
3.2,66.0,5.3,3.2,7.42,-1.6,0.0,93
3.1,65.0,4.6,3.2,7.48,-1.6,0.0,93
3.0,64.0,4.2,3.3,7.39,-1.5,0.0,94
2.9,63.0,4.0,3.5,6.99,-1.5,0.0,94
2.9,62.0,4.0,3.5,7.13,-1.3,0.0,95
2.9,61.0,3.9,3.5,7.16,-1.1,0.0,95
3.2,60.0,4.0,3.6,6.85,-1.4,0.0,94
3.5,58.0,4.1,3.6,6.84,-1.3,0.0,94
3.6,58.0,4.3,3.8,7.24,-1.2,8.0,94
3.8,59.0,4.5,3.8,7.08,-1.0,48.0,94
3.9,60.0,4.8,3.8,6.82,-0.9,84.0,94
3.8,60.0,5.3,4.1,6.44,-0.6,108.0,94
4.2,61.0,5.3,4.1,6.03,-0.6,95.0,94
4.4,60.0,5.3,4.2,6.25,-0.6,77.0,94
4.7,60.0,5.3,4.3,6.51,-0.4,55.0,94
5.1,61.0,5.3,4.3,5.95,-0.3,44.0,95
5.1,61.0,5.3,4.3,5.64,-0.1,12.0,95
5.1,61.0,5.7,4.5,5.81,0.1,0.0,96
4.9,60.0,6.6,4.7,5.6,0.1,0.0,96
5.0,60.0,6.9,5.1,6.06,0.3,0.0,96
4.8,60.0,6.9,5.0,6.22,0.5,0.0,94
4.6,61.0,7.3,5.3,6.22,0.4,0.0,94
4.3,60.0,8.2,5.5,6.38,0.3,0.0,94
4.0,61.0,8.6,5.7,6.15,0.3,0.0,95
3.7,60.0,8.6,5.3,5.85,0.1,0.0,95
3.7,60.0,8.9,5.3,6.01,0.0,0.0,96
3.6,60.0,9.5,5.7,5.93,0.2,0.0,95
3.6,61.0,9.9,6.0,6.02,0.2,0.0,95
3.5,61.0,10.2,6.1,6.27,0.2,0.0,94
3.5,61.0,10.1,6.2,6.55,0.2,0.0,94
3.4,60.0,11.1,6.0,6.5,0.0,0.0,94
3.3,60.0,10.7,6.2,6.3,0.2,0.0,93
3.5,60.0,8.6,6.2,6.4,0.2,7.0,92
3.3,60.0,9.3,5.6,6.46,0.2,29.0,93
3.2,60.0,9.4,6.2,6.31,0.3,49.0,93
3.2,61.0,8.4,6.3,6.22,0.2,83.0,94
3.3,62.0,8.7,6.4,6.45,-0.2,67.0,93
3.4,62.0,8.7,6.2,6.0,-0.3,59.0,94
3.5,62.0,8.8,6.0,6.0,-0.2,65.0,92
3.7,63.0,8.8,5.3,5.95,-0.2,30.0,92
3.9,62.0,8.5,5.4,6.05,-0.2,11.0,91
3.7,62.0,8.0,5.9,5.81,0.0,0.0,91
3.7,62.0,7.7,6.0,5.9,0.1,0.0,93
3.5,64.0,7.4,5.4,5.61,0.1,0.0,93
3.2,64.0,8.0,5.6,5.51,0.2,0.0,91
3.1,66.0,7.5,4.9,5.56,0.2,0.0,91
3.2,67.0,6.9,4.3,5.77,0.2,0.0,90
3.0,72.0,6.2,3.8,5.94,0.2,0.0,88
3.0,80.0,5.6,3.5,6.22,0.0,0.0,88
3.0,82.0,5.7,3.5,5.9,-0.1,0.0,87
2.9,83.0,5.7,3.5,5.7,-0.2,0.0,87
2.5,78.0,6.0,3.6,5.82,-0.4,0.0,86
2.5,80.0,6.1,3.6,6.06,-1.2,0.0,86
2.3,79.0,6.0,3.0,5.68,-1.6,0.0,87
2.3,78.0,5.9,2.8,5.58,-1.9,0.0,88
2.3,78.0,5.9,2.9,5.76,-1.9,0.0,87
2.5,78.0,6.2,3.4,5.87,-1.7,13.0,86
2.6,79.0,6.5,3.4,6.21,-1.4,65.0,85
2.7,79.0,6.8,3.5,6.27,-1.1,104.0,86
3.0,79.0,7.1,3.6,6.22,-0.9,111.0,87
3.1,78.0,6.6,4.1,6.27,-0.9,100.0,88
3.3,77.0,6.8,4.5,6.45,-0.9,77.0,87
3.3,75.0,6.9,4.4,6.01,-0.4,54.0,88
3.7,73.0,7.2,4.4,6.31,-0.5,29.0,90
3.7,73.0,7.5,4.6,6.15,-0.2,9.0,89
3.9,73.0,7.9,5.0,6.33,-0.2,0.0,88
3.8,72.0,8.2,5.1,6.29,-0.3,0.0,88
3.9,72.0,8.3,5.1,6.48,-0.4,0.0,86
3.9,72.0,8.4,5.2,6.4,-0.7,0.0,86
4.2,73.0,8.4,5.3,6.17,-0.9,0.0,88
4.6,71.0,8.2,5.4,5.92,-0.9,0.0,89
4.7,71.0,7.9,5.3,5.63,-1.0,0.0,91
4.4,71.0,7.6,5.3,5.94,-1.0,0.0,89
4.2,72.0,7.2,5.6,5.76,-0.9,0.0,89
4.4,72.0,7.8,5.9,5.61,-0.9,0.0,89
4.6,71.0,8.0,6.3,5.47,-0.9,0.0,89
4.7,69.0,8.1,6.7,5.29,-0.9,0.0,89
4.5,67.0,9.0,7.1,5.35,-0.8,0.0,90
4.9,65.0,9.8,7.3,5.33,-1.1,0.0,91
5.3,64.0,9.8,7.7,5.3,-1.2,0.0,92
5.2,64.0,9.9,8.2,5.34,-1.0,7.0,92
5.2,64.0,10.2,8.5,5.5,-0.9,30.0,92
5.3,63.0,10.7,8.5,5.62,-0.7,56.0,92
5.5,61.0,11.6,9.5,5.19,-0.6,66.0,93
5.8,59.0,12.6,10.5,5.09,-0.7,77.0,93
6.4,58.0,13.6,11.2,4.72,-0.8,75.0,93
6.9,56.0,14.0,11.4,4.11,-0.6,48.0,92
7.3,55.0,14.3,11.8,3.27,-0.4,36.0,91
7.7,55.0,14.4,12.2,3.22,-0.5,12.0,90
7.5,53.0,14.5,13.0,3.4,-0.6,0.0,91
7.7,52.0,15.1,13.8,3.85,-0.6,0.0,92
7.5,51.0,16.3,14.7,3.94,-0.6,0.0,93
7.5,51.0,17.7,15.4,3.83,-0.7,0.0,92
7.5,49.0,18.6,15.7,3.65,-0.7,0.0,92
8.1,48.0,19.6,15.9,3.39,-0.7,0.0,93
8.8,46.0,20.1,15.8,3.1,-0.6,0.0,93
8.8,45.0,19.1,14.6,3.29,-0.6,0.0,93
9.2,43.0,19.0,15.0,3.13,-0.6,0.0,93
9.4,43.0,19.0,15.1,3.02,-0.6,0.0,94
9.8,42.0,20.2,15.0,3.14,-0.6,0.0,95
10.0,42.0,20.6,15.2,3.14,-0.5,0.0,95
10.1,42.0,20.6,15.3,3.07,-0.3,0.0,95
10.5,41.0,20.9,15.7,3.31,-0.3,0.0,96
10.9,40.0,20.7,15.8,3.04,-0.4,0.0,96
10.5,40.0,17.4,14.5,3.32,-0.3,6.0,96
9.9,40.0,16.6,14.9,3.56,-0.2,27.0,96
9.6,38.0,18.5,16.1,3.62,-0.2,50.0,96
9.5,38.0,17.2,16.1,3.49,0.0,81.0,96
9.6,40.0,17.7,16.1,3.5,-0.1,106.0,96
10.8,41.0,18.1,15.6,3.26,-0.1,115.0,96
11.6,41.0,18.2,15.2,3.32,0.0,80.0,96
11.8,41.0,18.6,15.1,3.29,-0.1,45.0,96
11.9,44.0,19.0,15.0,3.54,-0.1,17.0,96
10.7,46.0,18.4,15.7,4.02,-0.2,0.0,96
11.2,50.0,16.0,13.9,4.34,-0.2,0.0,97
8.3,54.0,14.5,11.8,4.55,-0.3,0.0,97
7.7,58.0,13.5,11.4,4.61,-0.4,0.0,96
7.7,59.0,13.3,11.7,4.33,-0.4,0.0,95
8.7,59.0,14.2,12.6,4.27,-0.5,0.0,96
9.6,57.0,15.4,13.3,4.4,-0.4,0.0,96
8.2,55.0,16.9,13.1,4.8,-0.5,0.0,96
8.0,56.0,15.9,13.4,4.79,-0.5,0.0,95
7.0,56.0,16.0,13.9,4.6,-0.5,0.0,96
5.9,56.0,15.1,13.2,4.49,-0.5,0.0,95
5.1,58.0,14.4,12.1,4.66,-0.4,0.0,95
4.9,59.0,13.3,10.7,4.95,-0.4,0.0,95
5.1,60.0,12.7,10.0,5.1,-0.5,0.0,95
5.3,60.0,12.4,9.7,4.7,-0.6,0.0,95
5.0,60.0,12.4,10.1,4.58,-0.5,9.0,95
4.7,60.0,12.9,10.0,5.08,-0.3,43.0,93
4.3,61.0,14.0,9.6,4.82,-0.1,88.0,92
4.3,61.0,13.4,8.9,4.69,0.3,101.0,88
4.3,61.0,13.0,8.5,4.83,-0.2,82.0,91
4.4,60.0,12.6,8.6,4.75,-0.3,72.0,91
4.7,59.0,12.0,9.0,4.23,-0.4,56.0,91
5.2,59.0,11.6,9.2,4.08,-0.4,42.0,91
5.4,60.0,12.1,9.3,3.87,-0.6,14.0,92
5.4,61.0,12.9,9.4,4.07,-0.8,0.0,93
5.1,59.0,11.4,9.6,4.26,-0.4,0.0,94
4.9,60.0,10.8,9.3,4.29,-0.4,0.0,94
5.1,53.0,11.9,9.7,4.04,-0.2,0.0,93
5.2,60.0,14.4,11.3,4.09,0.1,0.0,92
5.1,52.0,14.4,11.9,4.09,0.1,0.0,94
4.9,52.0,13.8,11.3,5.0,0.1,0.0,94
4.1,58.0,13.5,10.7,5.5,-0.1,0.0,91
3.2,63.0,12.5,8.4,5.76,-0.4,0.0,90
2.7,70.0,10.8,7.0,5.92,-0.6,0.0,90
2.7,73.0,9.5,6.6,6.03,-0.6,0.0,90
2.4,72.0,8.7,6.0,6.11,-0.6,0.0,90
2.5,70.0,8.4,5.2,6.81,-0.7,0.0,90
2.5,69.0,8.1,5.0,6.45,-0.9,0.0,91
2.8,67.0,7.0,4.5,6.22,-1.0,0.0,92
2.9,67.0,5.8,3.9,6.38,-1.0,9.0,91
2.7,68.0,5.3,3.3,6.69,-0.9,25.0,89
2.6,68.0,5.4,3.1,6.8,-0.9,42.0,90
2.6,67.0,5.5,3.1,6.47,-0.7,70.0,90
2.6,69.0,5.1,3.1,6.49,-1.0,66.0,89
2.8,70.0,4.6,2.9,6.37,-1.1,68.0,89
3.0,69.0,4.3,2.9,5.84,-1.2,72.0,88
3.2,68.0,4.0,2.8,6.01,-1.4,46.0,88
3.3,69.0,3.9,2.7,5.41,-1.4,16.0,89
3.3,69.0,3.8,2.8,5.45,-1.3,0.0,89
3.1,68.0,3.8,2.8,5.52,-1.2,0.0,88
2.8,68.0,4.0,2.8,5.13,-1.2,0.0,89
3.0,67.0,4.0,2.5,4.97,-1.4,0.0,89
3.0,67.0,3.9,2.8,5.15,-1.5,0.0,88
2.6,67.0,4.0,2.9,5.45,-1.5,0.0,88
2.7,66.0,4.3,3.0,5.48,-1.6,0.0,88
2.6,65.0,4.9,2.9,5.35,-1.9,0.0,85
2.8,66.0,5.6,2.8,5.16,-2.1,0.0,84
2.8,67.0,5.3,2.7,5.35,-2.3,0.0,84
2.7,68.0,5.0,2.6,5.39,-2.5,0.0,83
2.7,68.0,5.2,2.6,5.38,-2.7,0.0,83
3.0,67.0,5.6,2.6,5.21,-2.9,0.0,83
3.3,66.0,5.7,2.7,5.19,-3.2,0.0,83
3.5,65.0,5.0,2.8,5.05,-3.2,0.0,83
3.3,65.0,4.9,2.9,5.46,-3.1,25.0,82
2.9,65.0,5.1,2.9,5.75,-2.8,71.0,78
2.7,66.0,4.9,3.3,5.64,-2.0,110.0,67
2.7,71.0,5.0,4.1,5.75,-1.9,139.0,62
2.8,73.0,5.5,4.2,5.61,-2.7,138.0,73
3.0,74.0,6.1,4.1,5.91,-2.5,155.0,69
3.3,70.0,6.3,4.2,5.89,-2.7,132.0,74
3.8,71.0,6.4,4.0,5.94,-3.1,86.0,77
4.0,72.0,6.4,3.9,5.65,-3.7,34.0,80
4.4,72.0,6.6,3.9,5.15,-4.1,1.0,84
4.5,72.0,6.9,4.1,4.75,-4.6,0.0,83
4.6,72.0,7.1,4.4,4.2,-4.7,0.0,84
4.6,70.0,7.3,4.8,4.43,-4.2,0.0,83
4.7,66.0,7.3,5.2,4.13,-3.5,0.0,83
4.9,63.0,7.3,5.1,4.07,-3.2,0.0,81
4.8,62.0,7.1,5.0,4.16,-3.0,0.0,79
4.3,63.0,6.9,4.8,3.54,-4.0,0.0,82
3.9,64.0,6.6,4.5,3.62,-4.1,0.0,84
3.8,67.0,6.5,4.3,3.81,-3.9,0.0,84
3.4,70.0,6.2,4.2,3.29,-3.8,0.0,85
3.8,70.0,5.7,4.2,3.36,-3.8,0.0,84
4.2,69.0,5.7,4.2,3.3,-3.9,0.0,85
4.4,68.0,5.5,4.5,3.0,-5.5,0.0,81
4.3,70.0,5.4,4.5,2.87,-6.7,0.0,84
4.1,73.0,5.1,4.2,3.03,-6.4,50.0,83
3.6,78.0,4.2,3.6,3.06,-5.4,153.0,81
3.2,80.0,3.9,3.3,2.96,-4.5,230.0,78
2.7,80.0,3.7,3.0,2.8,-3.5,256.0,77
2.6,80.0,3.6,2.8,1.81,-2.1,255.0,68
2.7,80.0,3.6,2.8,1.47,-2.2,194.0,66
3.0,80.0,3.8,2.7,1.22,-2.2,163.0,65
3.8,79.0,4.3,2.9,0.51,-2.4,105.0,68
5.6,76.0,4.9,3.9,0.2,-2.8,34.0,70
8.8,75.0,5.4,4.3,0.46,-4.3,1.0,70
9.4,74.0,5.5,4.4,1.23,-4.9,0.0,74
9.6,69.0,5.6,4.8,1.35,-6.8,0.0,75
9.3,69.0,5.2,4.4,1.51,-7.4,0.0,76
8.6,71.0,5.0,4.2,1.68,-7.4,0.0,77
8.8,73.0,5.3,4.3,1.76,-7.8,0.0,79
7.7,72.0,5.5,4.5,1.95,-6.8,0.0,80
5.6,71.0,5.7,4.7,2.93,-4.8,0.0,76
4.6,72.0,5.6,4.0,2.91,-4.3,0.0,77
4.4,71.0,6.7,5.2,3.1,-3.9,0.0,74
3.8,72.0,6.4,5.2,3.56,-4.1,0.0,73
3.2,77.0,5.8,4.8,3.8,-3.8,0.0,72
3.8,74.0,6.5,5.3,4.26,-3.3,0.0,73
3.6,75.0,6.9,5.6,4.36,-3.5,0.0,77
3.7,77.0,6.5,5.8,4.56,-3.8,0.0,81
3.6,78.0,6.5,5.3,4.76,-3.3,40.0,81
3.6,77.0,7.4,6.0,4.5,-2.9,93.0,81
3.8,74.0,8.4,6.9,5.0,-2.5,137.0,81
4.0,75.0,9.4,6.8,5.11,-2.3,147.0,80
3.8,79.0,7.7,6.8,5.37,-1.9,157.0,78
3.7,80.0,7.1,5.4,5.1,-1.9,170.0,76
3.7,84.0,6.6,4.1,5.41,-1.9,218.0,76
3.7,84.0,5.9,3.8,6.05,-2.5,149.0,78
4.0,82.0,6.4,3.9,6.51,-3.0,53.0,79
3.8,82.0,6.0,3.7,7.38,-3.0,2.0,78
3.9,78.0,6.9,3.8,7.5,-2.7,0.0,78
3.7,84.0,6.7,3.4,7.9,-2.7,0.0,78
3.4,86.0,6.6,3.2,8.27,-2.7,0.0,78
3.0,83.0,6.4,3.1,8.16,-2.7,0.0,78
2.5,83.0,6.2,3.0,8.29,-2.7,0.0,78
2.5,85.0,5.7,2.8,7.83,-2.5,0.0,80
2.6,83.0,5.6,2.9,7.33,-2.3,0.0,77
2.7,82.0,6.0,2.9,7.31,-2.5,0.0,79
2.6,82.0,6.8,3.1,7.25,-2.8,0.0,80
2.3,83.0,5.9,3.6,7.57,-2.9,0.0,79
2.2,84.0,5.8,3.6,8.28,-3.0,0.0,78
2.1,89.0,5.8,3.3,8.67,-3.2,0.0,79
2.1,92.0,5.6,3.6,8.18,-3.2,0.0,79
2.4,90.0,5.6,4.2,8.21,-3.3,1.0,79
2.7,90.0,5.8,4.5,8.45,-3.2,30.0,77
2.6,92.0,6.0,4.0,8.57,-3.1,91.0,75
2.5,92.0,6.4,4.1,8.88,-3.0,132.0,74
2.5,91.0,7.2,4.6,9.18,-2.8,174.0,73
2.6,90.0,7.7,5.0,8.63,-2.5,202.0,69
2.8,89.0,7.8,5.3,8.06,-2.7,202.0,70
2.9,90.0,7.5,5.0,8.21,-2.7,176.0,71
3.0,87.0,7.0,4.4,8.34,-2.5,125.0,71
3.1,87.0,6.9,4.0,8.3,-2.7,51.0,74
3.6,86.0,7.1,4.0,8.14,-2.7,2.0,75
3.8,85.0,7.3,4.1,7.85,-2.4,0.0,74
4.1,85.0,7.5,4.3,7.72,-2.5,0.0,75
4.0,84.0,7.7,4.8,7.46,-2.7,0.0,76
3.9,84.0,7.9,5.0,7.04,-2.8,0.0,77
3.7,83.0,8.5,5.5,6.62,-2.8,0.0,77
3.6,82.0,8.4,6.0,6.46,-3.0,0.0,78
3.4,82.0,8.5,6.8,6.67,-2.9,0.0,77
3.5,81.0,9.2,7.3,6.49,-3.1,0.0,78
3.5,80.0,9.7,8.4,6.35,-3.2,0.0,78
3.4,80.0,10.2,9.0,6.07,-3.3,0.0,79
3.8,80.0,10.6,8.8,6.38,-3.3,0.0,79
3.6,80.0,11.1,8.6,5.85,-3.3,0.0,79
3.8,80.0,10.8,8.4,5.74,-3.2,0.0,79
4.2,79.0,10.3,8.0,5.69,-3.0,1.0,79
4.5,78.0,10.1,7.8,5.95,-2.7,31.0,78
4.4,79.0,9.6,8.2,6.34,-2.5,87.0,78
4.6,79.0,9.0,7.9,5.95,-2.5,94.0,78
5.0,80.0,8.8,7.5,5.15,-2.2,112.0,78
4.9,80.0,8.3,6.9,5.06,-2.0,109.0,80
4.9,81.0,7.4,6.4,4.73,-2.3,120.0,81
4.8,82.0,7.1,5.9,4.36,-2.3,91.0,80
5.1,83.0,7.2,5.6,4.05,-2.3,63.0,77
5.6,83.0,6.9,5.8,3.33,-2.4,34.0,77
5.8,82.0,6.3,5.3,3.07,-2.5,2.0,77
5.9,80.0,6.1,5.1,3.12,-2.5,0.0,77
5.6,76.0,6.5,5.7,2.22,-2.8,0.0,78
5.9,76.0,6.9,4.6,2.22,-3.1,0.0,81
5.5,76.0,6.4,5.1,2.28,-3.2,0.0,81
5.3,76.0,7.1,4.7,2.12,-3.2,0.0,80
6.0,75.0,6.4,5.7,1.7,-3.6,0.0,80
7.8,70.0,7.6,6.4,2.01,-4.2,0.0,81
8.5,68.0,8.0,7.2,2.42,-4.8,0.0,82
6.7,65.0,8.3,7.0,2.35,-5.7,0.0,83
6.9,66.0,8.2,7.0,1.95,-7.3,0.0,83
8.5,64.0,8.9,7.7,2.26,-7.8,0.0,84
10.0,62.0,10.2,8.7,2.42,-7.4,0.0,83
13.2,58.0,11.1,9.3,2.41,-6.4,0.0,81
17.0,55.0,11.2,9.8,2.72,-5.8,1.0,82
21.7,50.0,11.9,10.2,3.47,-4.8,26.0,81
14.5,56.0,10.6,9.2,3.36,-3.4,74.0,80
9.8,68.0,10.2,8.0,2.7,-2.5,103.0,80
8.1,72.0,8.6,7.1,2.62,-1.4,182.0,79
6.2,75.0,9.0,7.1,3.36,0.6,346.0,75
6.2,78.0,8.5,6.3,4.05,0.6,352.0,74
6.4,77.0,8.7,7.1,3.97,0.8,213.0,75
7.9,76.0,9.2,7.6,3.52,0.6,117.0,77
8.7,74.0,9.6,7.9,3.91,-0.3,42.0,84
9.7,72.0,10.6,9.1,3.76,-0.9,3.0,87
8.2,68.0,11.9,10.4,4.01,-2.0,0.0,89
6.9,65.0,11.3,10.4,4.46,-2.9,0.0,90
7.3,68.0,11.4,9.1,4.66,-3.6,0.0,90
6.4,71.0,10.8,9.7,4.31,-4.0,0.0,90
6.3,71.0,9.7,9.0,3.8,-4.5,0.0,90
6.1,66.0,9.2,8.3,3.14,-4.8,0.0,90
6.2,66.0,10.8,8.4,3.07,-4.9,0.0,90
6.6,66.0,10.7,8.5,2.71,-4.9,0.0,90
6.4,63.0,10.8,8.6,2.39,-5.4,0.0,90
6.3,60.0,10.5,8.7,2.23,-6.4,0.0,90
7.6,58.0,10.2,8.9,1.79,-7.0,0.0,90
9.2,53.0,10.7,9.2,1.83,-6.8,0.0,93
11.4,47.0,10.9,9.6,2.26,-5.6,0.0,96
14.7,48.0,10.3,7.9,2.45,-4.8,2.0,95
13.1,52.0,9.1,7.0,3.19,-3.8,54.0,95
10.5,56.0,7.9,6.5,3.51,-2.6,137.0,90
6.4,65.0,6.1,5.0,3.35,-2.0,235.0,83
4.3,72.0,4.8,3.4,3.05,-1.5,340.0,80
3.7,74.0,4.1,3.1,3.25,-1.4,388.0,80
3.5,76.0,3.9,3.3,3.2,-1.7,369.0,79
4.3,77.0,4.0,3.0,3.0,-2.0,310.0,79
5.5,76.0,4.4,3.7,2.72,-2.4,211.0,80
6.6,73.0,5.3,4.5,2.41,-3.5,92.0,85
7.7,69.0,6.3,5.3,2.6,-4.3,7.0,87
8.8,69.0,6.4,5.4,2.56,-4.6,0.0,87
9.0,70.0,6.8,5.5,2.07,-5.2,0.0,87
8.5,72.0,6.8,4.5,2.21,-5.2,0.0,86
9.2,72.0,6.0,4.1,2.16,-5.2,0.0,85
8.4,71.0,5.8,3.8,2.35,-4.9,0.0,85
8.4,68.0,6.2,3.8,2.7,-4.8,0.0,86
8.0,68.0,7.8,5.8,2.77,-5.8,0.0,91
8.5,68.0,9.0,7.4,2.77,-5.8,0.0,90
8.4,69.0,9.5,7.8,3.39,-5.3,0.0,89
8.0,67.0,9.1,7.3,3.67,-4.8,0.0,89
6.4,69.0,7.8,6.2,4.4,-4.2,0.0,89
4.7,77.0,6.9,5.1,5.05,-3.8,0.0,88
4.3,79.0,6.7,4.8,5.32,-4.0,0.0,89
5.6,79.0,6.4,4.6,5.67,-3.7,3.0,87
5.1,81.0,5.7,4.4,6.34,-2.8,53.0,84
4.6,84.0,5.5,4.0,6.67,-2.3,124.0,83
3.7,85.0,5.2,3.8,6.85,-2.0,188.0,82
3.1,83.0,6.6,4.6,7.31,-1.5,263.0,78
3.4,83.0,7.9,6.3,6.97,-1.1,206.0,77
3.9,82.0,8.3,6.7,7.49,-1.4,214.0,75
5.0,82.0,9.2,6.6,7.76,-1.5,81.0,76
6.1,82.0,9.7,7.2,7.37,-1.6,38.0,78
7.2,81.0,9.3,7.8,6.91,-1.5,12.0,83
7.9,77.0,9.4,8.4,6.69,-1.2,1.0,87
8.4,71.0,10.4,8.6,6.49,-1.1,0.0,89
8.8,65.0,11.3,10.0,6.28,-0.6,0.0,92
9.1,58.0,12.5,10.8,6.24,-0.1,0.0,94
9.8,51.0,12.5,11.4,6.03,0.3,0.0,95
10.6,46.0,12.6,11.5,5.89,0.6,0.0,96
11.4,42.0,13.8,12.2,5.92,0.9,0.0,96
14.2,40.0,11.9,11.2,6.1,1.1,0.0,97
13.4,38.0,11.8,10.9,6.15,1.3,0.0,97
12.3,39.0,9.1,7.9,5.71,1.5,0.0,96
10.7,41.0,5.4,5.3,4.99,1.6,0.0,97
9.9,43.0,5.6,5.5,3.65,1.2,0.0,99
9.1,46.0,4.9,4.7,2.79,1.0,0.0,98
9.6,43.0,4.1,4.1,3.04,1.2,0.0,98
9.3,52.0,4.6,4.4,4.12,1.9,2.0,98
7.6,59.0,7.2,4.6,5.3,3.2,33.0,96
4.3,65.0,9.9,5.2,5.88,4.1,143.0,94
3.5,73.0,10.5,5.2,5.83,4.9,218.0,92
3.6,74.0,10.7,4.8,5.69,4.6,217.0,94
3.7,73.0,8.2,3.6,5.85,4.0,111.0,94
3.6,70.0,6.9,2.8,6.11,3.3,75.0,96
3.3,72.0,6.1,2.7,6.45,3.8,74.0,95
3.1,71.0,5.2,2.5,6.66,3.8,54.0,94
3.2,75.0,8.8,2.3,6.53,3.8,50.0,90
3.3,78.0,9.4,2.6,6.67,2.5,8.0,83
3.1,79.0,9.4,3.1,6.89,2.5,0.0,80
3.1,78.0,9.1,3.5,6.42,2.2,0.0,87
3.3,78.0,8.6,3.5,5.26,1.6,0.0,92
3.6,76.0,8.1,3.5,4.74,1.1,0.0,94
4.5,74.0,7.5,3.8,4.09,0.7,0.0,94
5.2,72.0,6.9,4.0,3.45,0.2,0.0,95
5.8,67.0,8.9,4.3,2.75,0.6,0.0,96
6.5,61.0,8.7,4.7,1.74,0.4,0.0,96
7.2,59.0,9.3,4.8,1.88,0.4,0.0,97
8.1,58.0,8.8,4.8,1.54,0.5,0.0,98
8.1,53.0,6.9,4.8,1.42,0.3,0.0,99
7.7,53.0,5.0,3.4,3.08,0.5,0.0,100
6.7,56.0,3.6,2.6,3.77,0.4,0.0,100
7.9,60.0,3.3,2.3,4.76,0.3,1.0,100
8.8,63.0,2.8,2.2,5.08,0.5,17.0,99
7.1,68.0,2.6,1.9,5.28,0.8,33.0,97
6.8,68.0,2.7,2.2,4.88,0.9,71.0,96
7.5,64.0,3.4,2.6,4.56,1.2,110.0,96
8.9,54.0,4.3,3.2,4.75,1.0,112.0,98
11.1,42.0,4.7,3.3,4.75,1.2,143.0,99
12.9,33.0,4.2,3.3,3.76,1.3,71.0,99
13.0,32.0,4.4,3.3,3.59,1.5,42.0,99
12.0,35.0,4.6,3.6,4.24,1.8,7.0,99
10.6,40.0,4.8,4.3,3.65,1.9,5.0,99
8.2,51.0,5.4,4.2,3.7,2.3,0.0,99
6.5,56.0,6.7,4.7,5.08,3.1,0.0,99
5.1,66.0,7.7,4.6,5.56,3.5,0.0,99
4.3,66.0,7.0,4.1,5.71,3.7,0.0,98
3.7,68.0,8.6,4.7,5.43,3.5,0.0,98
2.7,69.0,9.9,5.3,5.3,3.3,0.0,99
2.4,70.0,10.4,5.2,5.2,3.4,0.0,98
2.4,70.0,10.1,5.3,4.76,3.0,0.0,98
2.4,71.0,10.2,5.6,4.5,2.5,0.0,99
2.4,71.0,10.0,5.7,4.23,2.4,0.0,99
2.8,68.0,8.9,5.7,3.95,2.1,0.0,98
3.3,69.0,8.2,5.6,4.34,1.8,0.0,98
4.6,67.0,6.8,5.0,3.34,2.0,0.0,95
7.4,64.0,6.1,4.8,3.51,2.5,4.0,98
8.2,59.0,5.6,4.4,4.49,3.3,23.0,97
7.2,60.0,6.6,4.8,4.76,4.0,76.0,96
5.2,69.0,7.8,4.9,4.81,4.8,162.0,95
4.1,70.0,7.7,4.8,4.87,5.3,181.0,93
3.9,71.0,7.9,4.8,5.04,5.3,202.0,91
4.2,72.0,8.1,4.8,4.86,5.7,186.0,89
5.2,70.0,8.5,4.8,4.13,5.9,143.0,88
6.6,70.0,9.4,5.0,3.83,5.5,72.0,90
7.8,68.0,10.3,5.5,3.83,4.4,39.0,95
8.9,65.0,11.0,6.1,3.65,3.2,7.0,98
9.5,61.0,10.5,6.5,3.43,2.7,0.0,99
8.4,59.0,9.3,6.6,3.6,2.6,0.0,99
7.8,60.0,9.0,6.8,3.19,2.7,0.0,98
8.0,59.0,9.1,7.1,3.29,2.7,0.0,99
8.5,56.0,9.9,7.9,3.11,2.3,0.0,99
8.0,55.0,10.8,8.1,2.95,2.0,0.0,99
8.7,47.0,10.9,8.0,2.23,3.2,0.0,99
9.0,44.0,10.6,8.4,2.09,2.7,0.0,99
8.3,43.0,9.6,8.0,2.56,2.5,0.0,99
7.1,43.0,8.5,7.4,2.78,2.4,0.0,100
7.2,38.0,9.3,6.8,2.48,2.0,0.0,99
8.3,35.0,10.4,8.0,2.16,1.9,0.0,100
11.7,32.0,11.1,9.6,1.69,1.5,0.0,100
16.0,27.0,12.5,10.7,2.04,1.5,5.0,100
20.9,28.0,13.0,10.7,2.13,2.0,39.0,100
16.3,37.0,11.2,8.9,1.84,2.7,90.0,99
17.1,46.0,11.2,8.4,1.57,3.7,154.0,88
17.0,46.0,12.0,9.1,1.32,4.0,153.0,85
15.3,47.0,11.1,8.2,1.16,2.5,182.0,95
16.3,48.0,11.4,8.1,1.43,2.8,157.0,94
16.0,44.0,10.7,7.7,1.76,3.0,124.0,93
16.2,39.0,10.3,7.7,1.32,3.0,75.0,93
17.6,36.0,10.3,8.1,0.96,2.7,32.0,94
17.4,42.0,10.1,7.7,1.41,1.8,4.0,98
15.2,35.0,10.4,7.6,2.75,0.9,0.0,99
13.4,45.0,9.1,6.9,3.21,0.5,0.0,99
11.4,53.0,8.5,6.8,3.1,0.5,0.0,97
11.4,54.0,9.0,6.8,3.15,0.5,0.0,96
13.7,51.0,9.6,7.6,3.24,0.4,0.0,96
13.6,48.0,8.9,7.0,3.34,0.5,0.0,96
14.9,46.0,9.6,7.7,3.77,0.2,0.0,96
13.7,46.0,11.4,8.7,3.64,0.2,0.0,96
13.0,49.0,11.9,7.9,4.28,0.2,0.0,97
10.2,54.0,10.7,7.3,4.49,0.2,0.0,97
8.5,54.0,9.6,7.7,5.07,0.3,0.0,98
8.2,55.0,10.0,6.8,5.34,0.6,0.0,98
7.8,56.0,9.7,7.9,5.44,0.5,0.0,98
7.0,57.0,9.7,7.0,5.79,0.6,2.0,98
8.6,58.0,9.0,7.0,5.94,0.9,20.0,98
10.3,55.0,11.4,8.2,5.8,1.2,37.0,98
11.2,51.0,10.9,9.3,5.14,2.0,93.0,96
10.2,47.0,12.5,9.8,5.3,2.3,102.0,95
9.8,42.0,16.3,13.0,5.35,2.5,125.0,95
11.4,38.0,16.9,11.4,5.15,3.5,114.0,94
13.8,34.0,19.2,12.9,5.0,4.1,112.0,94
14.7,31.0,19.7,14.7,4.53,4.1,86.0,96
15.1,33.0,22.1,17.6,4.88,3.7,41.0,98
14.8,36.0,21.1,18.4,5.06,3.5,8.0,98
14.3,37.0,21.4,18.7,5.39,3.2,0.0,98
14.3,38.0,20.3,17.4,5.53,3.2,0.0,97
12.4,41.0,20.1,15.1,5.57,3.0,0.0,97
11.7,45.0,18.5,14.7,5.73,3.0,0.0,97
10.2,47.0,17.3,14.6,5.95,3.4,0.0,97
7.0,51.0,18.9,14.1,5.61,3.7,0.0,98
7.3,47.0,18.6,14.4,5.78,4.2,0.0,97
7.6,46.0,19.3,15.0,5.24,4.1,0.0,98
7.7,43.0,19.6,16.4,4.82,4.0,0.0,98
8.9,41.0,19.8,17.2,4.86,4.2,0.0,98
10.8,39.0,20.4,18.0,5.12,4.4,0.0,98
10.3,37.0,21.7,18.4,5.44,4.7,0.0,99
10.6,35.0,23.4,19.7,5.5,5.2,0.0,99
11.7,34.0,24.4,21.1,5.82,6.1,8.0,98
11.4,36.0,23.8,22.2,6.31,7.4,61.0,97
10.8,41.0,24.1,21.6,6.53,8.9,153.0,96
9.8,46.0,25.9,20.1,6.81,9.9,222.0,92
8.8,49.0,30.3,17.0,7.07,10.6,272.0,87
8.2,52.0,30.8,14.9,6.11,9.7,243.0,88
7.7,54.0,28.1,14.6,6.64,10.1,214.0,85
7.7,56.0,24.2,14.1,6.4,10.3,193.0,83
8.2,59.0,23.8,13.4,5.59,9.8,126.0,85
8.7,62.0,23.3,13.6,5.22,9.0,40.0,89
10.1,60.0,23.2,14.0,5.29,8.3,5.0,92
9.8,59.0,26.5,14.5,5.51,7.9,0.0,96
9.2,58.0,28.8,15.0,5.75,7.2,0.0,98
8.6,59.0,28.7,16.3,6.2,7.0,0.0,98
8.5,59.0,28.3,14.4,6.23,7.1,0.0,98
7.9,56.0,23.2,14.3,6.24,7.2,0.0,96
6.8,61.0,17.7,12.3,6.16,7.2,0.0,96
5.7,60.0,14.2,9.3,6.25,7.6,0.0,95
5.0,60.0,11.2,7.9,5.79,7.0,0.0,97
4.5,61.0,8.6,6.7,5.97,6.8,0.0,98
3.8,65.0,8.1,5.4,5.45,6.5,0.0,98
3.5,65.0,7.7,4.9,5.58,6.4,0.0,97
3.6,64.0,7.1,4.6,5.66,6.4,0.0,97
4.5,64.0,6.0,4.0,5.51,7.0,0.0,97
6.0,62.0,6.0,3.8,5.41,7.0,4.0,98
6.5,62.0,6.0,3.7,5.63,7.2,31.0,98
6.6,61.0,5.5,4.4,5.88,7.7,69.0,97
6.2,60.0,6.7,5.0,5.84,8.2,140.0,94
5.7,61.0,7.4,5.6,6.08,8.3,147.0,92
5.4,62.0,7.1,4.8,5.51,8.6,96.0,90
5.7,63.0,7.2,4.8,5.1,8.5,121.0,91
6.6,62.0,6.8,4.9,4.48,8.2,73.0,92
8.2,62.0,6.4,4.9,3.89,8.0,32.0,94
10.0,61.0,7.1,5.7,3.48,7.6,17.0,96
11.7,58.0,7.7,6.5,3.48,7.2,2.0,97
12.6,54.0,8.4,7.3,3.54,7.7,0.0,98
12.9,47.0,8.4,7.2,3.28,7.3,0.0,98
12.4,43.0,8.6,8.1,2.61,6.9,0.0,99
11.4,41.0,9.7,8.5,2.16,6.7,0.0,99
10.8,40.0,9.3,7.8,2.35,6.6,0.0,98
10.8,36.0,8.4,7.6,2.46,6.6,0.0,99
10.8,35.0,9.5,8.7,2.15,6.7,0.0,99
11.1,35.0,10.0,9.1,2.04,6.8,0.0,99
11.4,29.0,10.6,9.7,2.21,6.8,0.0,99
11.1,28.0,10.8,10.0,1.84,6.7,0.0,99
11.3,28.0,10.8,10.1,1.6,6.4,0.0,99
11.4,28.0,11.1,10.0,1.7,5.9,0.0,99
11.8,26.0,10.8,9.8,2.36,6.7,0.0,99
12.6,27.0,10.3,9.5,2.03,6.6,4.0,100
12.6,31.0,10.9,9.2,2.57,6.7,17.0,100
10.8,32.0,11.8,10.0,3.43,7.2,75.0,100
10.3,34.0,11.3,9.2,3.47,7.7,58.0,100
9.6,35.0,8.3,7.8,3.5,8.3,53.0,100
8.3,36.0,6.8,6.5,4.15,8.2,71.0,100
8.1,36.0,4.9,4.7,4.19,8.5,73.0,100
7.9,47.0,5.5,4.2,3.99,9.1,57.0,99
7.7,48.0,6.5,5.3,4.57,9.1,58.0,97
7.5,48.0,8.5,5.9,4.3,8.6,52.0,97
7.3,50.0,8.6,6.0,3.78,7.6,13.0,96
8.8,49.0,8.6,6.4,3.91,7.0,0.0,95
9.7,44.0,8.1,5.8,3.41,6.0,0.0,97
7.8,49.0,7.0,6.0,5.54,5.5,0.0,95
5.9,59.0,6.4,5.6,7.11,5.9,0.0,91
5.8,57.0,6.9,4.6,6.5,6.1,0.0,93
5.2,58.0,5.2,3.7,6.19,6.0,0.0,94
4.8,58.0,6.0,3.3,6.2,5.3,0.0,95
4.1,59.0,4.9,3.4,6.41,5.1,0.0,95
3.0,58.0,5.1,3.5,7.69,3.8,0.0,93
3.0,52.0,5.6,2.9,7.33,3.0,0.0,93
2.1,69.0,4.8,2.7,8.55,3.2,0.0,88
1.4,83.0,8.0,2.3,7.98,3.6,0.0,80
1.5,83.0,8.7,3.0,7.12,3.2,0.0,83
1.8,88.0,8.7,2.7,6.49,3.3,12.0,83
1.8,88.0,8.3,2.7,5.49,3.7,105.0,81
1.8,89.0,7.0,2.7,6.7,4.7,237.0,76
2.0,89.0,6.1,2.8,5.34,5.8,312.0,70
2.2,89.0,5.7,2.8,6.11,7.2,379.0,63
2.3,86.0,5.7,2.9,5.63,6.8,226.0,67
3.0,82.0,6.3,3.2,5.33,7.2,290.0,69
3.5,78.0,8.7,4.7,4.79,7.6,303.0,64
4.1,77.0,11.2,5.1,4.12,7.8,247.0,60
5.0,71.0,10.8,5.5,2.95,6.9,127.0,65
6.8,66.0,13.1,6.6,3.39,5.6,20.0,73
7.6,62.0,16.1,8.8,4.1,5.8,0.0,77
8.0,54.0,16.5,10.0,4.22,5.6,0.0,84
8.2,52.0,17.2,10.8,4.18,5.5,0.0,86
8.5,51.0,16.1,10.5,3.86,5.6,0.0,87
8.6,50.0,12.7,10.0,3.8,6.1,0.0,85
7.4,51.0,13.8,9.3,4.06,6.2,0.0,84
6.7,49.0,12.3,8.8,3.93,6.2,0.0,87
7.5,47.0,11.8,8.4,3.7,6.2,0.0,88
7.8,45.0,11.4,8.5,3.54,6.4,0.0,89
7.0,47.0,11.2,8.0,3.21,6.3,0.0,90
6.0,49.0,9.4,7.4,3.28,6.6,0.0,91
6.2,51.0,12.1,8.1,3.4,6.7,0.0,94
7.6,49.0,11.7,8.7,3.22,6.7,0.0,96
10.3,47.0,12.3,9.2,3.4,6.8,5.0,96
10.5,45.0,12.2,9.3,3.11,6.8,17.0,98
8.9,49.0,14.1,9.9,4.32,8.1,74.0,96
8.1,50.0,14.3,10.4,4.21,9.3,214.0,90
7.9,49.0,15.2,10.6,2.91,9.9,199.0,86
7.2,47.0,14.7,10.3,4.57,11.2,227.0,76
7.2,48.0,13.4,8.1,4.34,11.5,322.0,75
8.1,53.0,10.4,6.8,3.46,11.4,233.0,77
9.0,59.0,8.1,6.5,3.5,11.1,215.0,80
10.0,59.0,8.0,6.9,4.05,10.1,105.0,81
9.3,58.0,8.5,6.8,4.2,8.8,21.0,82
9.4,58.0,9.5,7.3,4.19,8.9,0.0,78
9.4,54.0,9.6,7.5,4.08,8.4,0.0,82
10.7,45.0,10.3,8.7,4.19,7.8,0.0,84
10.5,43.0,11.3,9.3,4.41,7.1,0.0,84
11.0,47.0,10.9,9.1,4.58,6.8,0.0,83
9.7,51.0,9.9,8.7,4.82,7.1,0.0,80
8.7,49.0,10.3,9.0,4.82,7.3,0.0,77
8.8,49.0,12.4,9.4,4.65,7.0,0.0,78
8.8,47.0,12.5,10.4,4.54,6.8,0.0,79
8.7,47.0,13.0,11.2,4.46,6.4,0.0,80
8.0,48.0,14.0,12.8,4.37,6.2,0.0,80
7.8,45.0,15.3,13.1,4.48,6.1,0.0,81
9.5,43.0,17.0,13.9,4.49,6.1,0.0,80
11.7,42.0,19.2,16.8,4.55,6.2,24.0,81
10.7,45.0,21.8,18.5,4.14,7.2,129.0,80
8.8,46.0,22.5,17.5,4.67,8.4,246.0,79
7.3,51.0,20.5,14.3,4.8,9.4,343.0,76
4.5,59.0,14.1,10.8,5.17,10.2,407.0,73
3.2,70.0,9.9,5.4,5.71,9.7,417.0,70
2.9,74.0,7.3,4.2,4.63,9.4,378.0,63
3.6,77.0,9.6,4.1,4.81,9.3,355.0,58
4.5,79.0,10.1,4.1,5.17,8.4,247.0,57
5.1,79.0,11.6,4.0,4.69,7.1,121.0,67
5.6,78.0,13.5,4.4,4.32,5.8,24.0,72
5.8,72.0,13.7,5.0,4.35,4.9,0.0,76
5.8,71.0,14.4,5.5,4.29,4.1,0.0,82
5.5,69.0,15.2,5.9,4.22,3.4,0.0,87
5.5,67.0,15.6,6.3,4.42,3.0,0.0,90
5.1,67.0,15.5,6.6,4.78,2.8,0.0,90
4.7,66.0,13.4,6.0,4.91,2.7,0.0,90
4.1,65.0,12.1,5.5,5.01,2.3,0.0,90
3.7,66.0,11.2,5.0,4.84,2.2,0.0,91
3.5,64.0,10.4,4.6,4.61,2.0,0.0,93
3.7,62.0,9.5,4.3,4.42,1.7,0.0,94
3.9,61.0,9.2,4.2,4.44,1.5,0.0,94
4.0,60.0,9.3,4.2,4.46,1.2,0.0,96
5.1,60.0,11.6,4.4,4.94,1.4,0.0,95
7.4,60.0,11.7,4.6,4.81,1.9,28.0,96
6.6,62.0,12.2,4.1,4.75,3.5,139.0,93
4.9,65.0,11.4,3.9,4.5,5.1,263.0,89
3.9,71.0,9.9,4.0,4.58,6.7,366.0,82
3.4,75.0,8.6,3.6,4.52,8.1,434.0,74
3.2,78.0,7.5,3.4,4.45,8.8,458.0,69
3.2,80.0,6.8,3.2,3.91,9.3,429.0,66
4.0,81.0,6.9,3.1,3.4,9.4,360.0,65
5.3,82.0,7.4,3.1,3.0,9.1,260.0,65
7.3,78.0,7.7,4.0,2.06,8.1,143.0,71
10.0,65.0,10.1,5.3,1.73,6.0,32.0,80
11.4,58.0,11.0,6.4,2.34,5.2,0.0,80
13.9,52.0,12.2,7.4,2.55,4.3,0.0,80
13.6,46.0,13.0,8.7,2.19,3.3,0.0,83
13.9,46.0,13.5,9.2,2.04,2.2,0.0,86
14.9,48.0,14.0,10.4,1.48,1.2,0.0,89
16.2,46.0,14.2,10.3,1.1,0.2,0.0,91
15.9,41.0,14.8,11.9,0.4,-0.8,0.0,93
15.2,42.0,15.5,12.5,0.4,-1.0,0.0,94
14.7,41.0,15.6,12.2,1.23,-1.1,0.0,94
12.9,41.0,15.2,11.0,1.81,-0.3,0.0,92
10.5,39.0,13.0,9.0,1.75,-0.2,0.0,92
11.1,37.0,12.4,9.6,1.86,0.3,0.0,92
13.4,33.0,12.6,10.2,1.81,0.0,0.0,94
14.8,29.0,13.5,10.1,2.39,1.0,32.0,94
11.9,36.0,13.9,10.1,2.91,2.7,146.0,93
8.9,47.0,12.7,9.0,2.64,4.2,269.0,87
6.4,60.0,10.3,7.7,2.99,5.2,371.0,78
7.2,65.0,9.4,6.2,3.05,5.9,437.0,70
7.6,66.0,9.2,6.2,2.98,6.7,461.0,69
8.9,66.0,9.0,6.4,2.96,6.9,438.0,69
10.9,64.0,9.1,6.6,2.85,6.9,372.0,70
13.9,62.0,9.3,7.0,2.76,6.6,271.0,73
16.3,60.0,11.0,8.1,3.08,5.7,149.0,78
17.3,58.0,13.2,8.7,3.18,4.3,35.0,82
17.5,57.0,13.0,9.3,3.56,4.6,0.0,79
15.5,53.0,12.7,9.9,3.59,4.7,0.0,77
14.0,51.0,13.3,10.7,3.51,4.4,0.0,79
13.8,51.0,14.2,12.8,3.36,4.0,0.0,81
14.1,48.0,15.3,14.0,3.16,3.5,0.0,82
13.9,45.0,16.2,14.8,2.84,3.2,0.0,82
13.8,45.0,16.7,14.3,2.41,2.5,0.0,84
14.1,42.0,16.7,14.9,2.28,2.2,0.0,84
14.2,38.0,16.9,14.8,2.19,2.0,0.0,85
14.5,35.0,16.9,15.0,2.29,1.8,0.0,86
16.0,32.0,17.2,15.2,2.39,1.7,0.0,87
16.9,30.0,18.0,15.9,2.53,1.6,0.0,87
17.0,29.0,18.9,16.8,2.8,1.6,0.0,88
16.8,27.0,20.4,17.3,3.06,2.5,36.0,88
13.0,33.0,21.1,17.7,3.38,4.1,152.0,87
10.6,40.0,20.6,18.6,2.85,5.6,277.0,81
8.7,42.0,19.8,17.6,2.6,6.9,379.0,73
8.5,44.0,20.9,17.3,2.27,8.3,444.0,68
8.8,48.0,20.5,17.2,2.3,9.4,467.0,65
9.8,51.0,20.2,16.9,2.32,9.6,441.0,66
12.0,53.0,20.4,17.0,2.47,9.2,326.0,69
13.9,46.0,19.4,17.3,2.45,8.6,217.0,74
16.0,38.0,19.0,18.0,2.33,7.9,140.0,77
17.7,31.0,19.7,18.6,1.65,6.3,36.0,80
18.7,28.0,22.2,19.7,1.68,5.2,0.0,78
23.0,26.0,25.2,22.3,1.68,5.4,0.0,77
22.9,29.0,28.7,25.2,2.06,5.2,0.0,77
21.9,29.0,29.5,26.6,2.24,4.8,0.0,77
20.9,26.0,31.0,27.9,1.9,4.2,0.0,78
21.3,24.0,32.6,29.4,2.09,3.7,0.0,79
18.7,23.0,31.6,27.7,1.68,2.5,0.0,83
21.4,20.0,32.3,28.6,1.74,2.4,0.0,84
20.9,16.0,31.8,28.3,1.57,2.4,0.0,84
20.2,14.0,31.1,27.6,2.02,2.4,0.0,84
19.6,13.0,29.8,27.0,1.69,2.2,0.0,86
19.4,12.0,28.5,27.1,1.68,2.6,0.0,86
21.1,10.0,28.7,27.5,1.19,2.2,0.0,89
21.0,10.0,29.2,27.8,2.2,3.3,22.0,87
16.7,12.0,30.0,28.1,2.06,4.3,42.0,86
13.7,13.0,32.5,28.2,1.61,5.2,64.0,86
13.6,24.0,35.9,30.9,0.67,7.3,171.0,82
12.5,29.0,34.3,30.2,0.86,8.6,296.0,85
14.8,32.0,33.7,30.3,1.98,6.1,199.0,96
14.6,25.0,29.0,25.5,1.6,6.6,193.0,95
15.5,24.0,26.4,25.1,1.75,6.6,216.0,96
17.5,29.0,28.3,25.9,0.76,6.7,179.0,94
18.0,29.0,29.3,26.8,0.45,6.8,122.0,91
20.4,29.0,31.6,27.6,1.31,4.9,32.0,96
25.7,14.0,29.2,26.8,1.97,5.2,0.0,90
27.7,8.0,29.4,25.1,1.51,5.2,0.0,89
29.8,8.0,29.3,26.2,1.7,4.7,0.0,90
30.9,8.0,30.6,29.0,2.01,5.0,0.0,88
29.9,8.0,34.2,32.6,1.6,4.1,0.0,89
24.7,9.0,33.2,32.1,1.41,3.2,0.0,90
23.0,12.0,31.7,29.8,1.85,4.2,0.0,88
27.4,10.0,30.6,29.9,2.41,4.8,0.0,92
29.0,4.0,30.5,28.6,2.09,4.8,0.0,94
29.0,4.0,33.6,31.4,2.11,4.8,0.0,93
31.0,9.0,32.8,31.9,1.96,4.2,0.0,93
27.1,8.0,32.4,30.8,1.93,3.9,0.0,94
26.7,10.0,34.9,31.1,1.81,3.9,0.0,94
23.2,15.0,33.2,24.7,1.62,4.8,21.0,95
19.3,17.0,32.4,26.2,1.88,6.0,105.0,97
15.5,19.0,30.1,27.7,1.61,7.4,223.0,91
13.4,33.0,30.8,28.9,2.3,8.9,334.0,88
12.6,30.0,29.3,25.9,2.4,9.4,238.0,87
14.3,33.0,31.5,25.6,2.55,10.4,387.0,84
13.3,38.0,30.4,23.2,2.62,10.9,379.0,86
11.6,38.0,26.3,22.5,2.42,9.2,160.0,91
13.3,39.0,27.6,24.1,1.72,8.8,83.0,94
15.4,40.0,31.4,24.8,2.76,7.8,73.0,96
18.4,39.0,30.0,25.0,2.36,6.2,38.0,97
24.4,30.0,29.7,24.9,1.84,5.6,0.0,95
25.6,25.0,30.5,26.4,2.2,5.1,0.0,94
26.6,23.0,31.4,26.9,2.23,4.9,0.0,89
26.7,27.0,32.3,27.0,1.97,4.7,0.0,87
23.6,30.0,32.9,27.5,2.01,4.9,0.0,88
19.1,30.0,28.9,27.3,2.45,5.0,0.0,88
18.1,33.0,29.0,26.7,2.25,5.0,0.0,87
16.9,33.0,28.8,26.3,2.3,4.8,0.0,87
16.1,28.0,27.9,25.4,1.61,4.0,0.0,89
16.3,25.0,27.2,24.0,1.43,2.8,0.0,91
17.3,22.0,26.7,22.8,1.2,2.2,0.0,93
19.4,20.0,24.3,22.3,1.63,1.6,0.0,95
19.5,19.0,23.8,21.7,1.66,1.6,0.0,96
19.5,23.0,25.2,20.8,1.81,3.4,48.0,93
16.4,35.0,26.6,22.5,1.96,5.2,170.0,92
13.0,39.0,25.9,22.1,1.77,6.8,294.0,86
11.6,41.0,24.2,21.5,2.16,7.9,396.0,80
11.2,44.0,23.2,20.6,2.36,8.4,463.0,76
11.7,49.0,22.3,19.7,2.33,8.8,488.0,71
13.3,51.0,22.3,19.7,2.5,8.6,465.0,69
14.7,53.0,22.4,19.7,2.49,8.2,401.0,68
16.2,54.0,22.0,19.3,2.17,7.8,300.0,70
18.3,49.0,21.5,18.7,2.09,6.8,174.0,75
21.4,45.0,21.3,18.7,1.89,5.2,50.0,79
22.1,42.0,21.9,19.2,1.55,4.4,0.0,80
20.0,39.0,22.8,19.7,1.75,5.0,0.0,79
19.7,32.0,24.3,20.8,2.04,4.9,0.0,82
21.9,26.0,26.1,22.3,1.85,4.3,0.0,84
20.3,33.0,28.3,24.0,2.13,4.2,0.0,82
18.1,34.0,30.6,26.3,2.04,4.0,0.0,81
17.6,34.0,32.5,28.1,1.98,2.9,0.0,85
16.4,33.0,33.9,29.6,2.19,2.6,0.0,86
16.1,29.0,34.7,30.3,2.06,2.2,0.0,88
16.9,28.0,35.6,30.5,2.13,1.8,0.0,90
12.3,28.0,35.4,30.3,2.75,1.5,0.0,92
11.1,29.0,36.4,31.0,2.84,1.5,0.0,95
12.5,30.0,38.7,33.4,2.78,0.9,0.0,97
16.7,30.0,44.9,39.3,2.78,1.2,36.0,100
16.5,31.0,41.4,36.2,3.68,2.0,90.0,100
13.2,43.0,39.0,30.2,4.08,2.9,141.0,97
9.7,53.0,32.2,26.7,3.63,4.2,164.0,92
8.6,56.0,27.7,20.2,3.17,5.5,243.0,88
7.0,59.0,25.3,18.0,2.37,6.5,287.0,86
7.1,62.0,25.5,17.6,2.3,7.4,284.0,84
7.7,66.0,25.5,17.6,3.19,7.9,247.0,84
9.4,65.0,24.2,17.9,3.28,8.1,149.0,86
10.4,61.0,22.2,18.8,3.3,8.2,115.0,85
10.8,56.0,25.1,20.7,2.91,7.6,30.0,86
10.6,58.0,30.4,24.8,2.09,6.8,0.0,88
10.1,52.0,36.9,30.1,2.67,6.9,0.0,93
11.4,48.0,38.8,32.3,2.96,7.1,0.0,95
11.3,44.0,40.6,32.7,3.21,6.9,0.0,96
11.5,42.0,41.6,35.9,3.23,6.4,0.0,97
9.9,46.0,36.9,32.6,3.43,6.3,0.0,96
8.7,54.0,33.7,22.4,3.5,6.8,0.0,99
8.5,60.0,24.3,17.1,3.13,6.6,0.0,99
7.9,52.0,25.6,17.8,3.6,6.2,0.0,100
7.6,51.0,22.8,17.9,3.78,5.8,0.0,100
7.0,51.0,23.5,17.3,4.54,5.7,0.0,100
6.6,49.0,23.2,21.5,4.79,5.9,0.0,100
7.6,47.0,23.6,22.0,4.79,6.6,0.0,99
9.4,46.0,28.5,26.6,5.24,7.1,17.0,99
10.8,41.0,28.8,28.2,5.45,7.6,74.0,97
9.6,42.0,27.8,24.7,6.59,8.4,218.0,93
8.3,47.0,23.3,19.9,7.19,9.9,338.0,77
6.9,54.0,22.4,15.9,7.16,10.1,331.0,78
7.0,55.0,13.8,11.7,6.16,9.4,226.0,85
6.2,58.0,13.0,9.9,6.61,9.4,116.0,82
7.0,63.0,9.7,9.3,5.55,9.2,107.0,84
7.5,63.0,7.1,6.2,5.36,9.1,62.0,86
7.9,62.0,6.9,5.5,5.75,8.6,22.0,87
9.3,58.0,6.6,5.3,5.44,8.2,8.0,93
8.6,56.0,6.9,5.1,4.94,8.4,0.0,94
7.0,55.0,9.0,6.3,4.85,7.5,0.0,94
5.4,63.0,11.8,6.2,4.91,6.9,0.0,95
4.1,65.0,13.3,5.4,4.84,6.3,0.0,94
3.8,68.0,14.0,5.6,4.26,5.4,0.0,94
3.3,69.0,11.5,5.2,4.51,4.8,0.0,94
3.0,69.0,11.6,5.0,4.49,4.1,0.0,94
3.2,69.0,12.1,5.1,4.76,3.7,0.0,94
2.9,69.0,12.0,5.3,4.94,3.6,0.0,92
2.8,69.0,11.9,5.4,5.01,3.5,0.0,92
2.8,69.0,11.3,4.9,4.94,3.4,0.0,91
3.2,68.0,10.7,4.5,4.75,3.2,0.0,92
4.3,67.0,11.3,4.8,4.99,3.5,1.0,92
6.2,66.0,12.3,5.3,5.34,4.7,32.0,90
5.2,68.0,12.6,5.8,4.89,5.7,108.0,88
5.0,70.0,12.6,6.4,5.19,6.6,136.0,84
4.7,71.0,12.4,6.2,6.69,8.7,347.0,74
4.1,77.0,10.9,6.1,7.63,9.9,467.0,63
3.7,80.0,10.4,6.1,9.01,10.3,474.0,59
4.7,81.0,11.7,5.5,9.87,9.8,371.0,61
6.0,80.0,13.3,6.0,9.14,9.4,227.0,65
6.8,81.0,14.1,6.2,8.41,9.1,140.0,70
7.5,82.0,14.0,6.0,8.45,8.9,105.0,70
6.5,84.0,12.8,5.9,9.08,8.4,36.0,65
6.1,84.0,12.0,6.2,9.15,8.4,1.0,68
5.6,83.0,11.2,6.2,9.79,7.9,0.0,69
4.5,84.0,11.6,6.2,10.14,8.1,0.0,68
3.9,87.0,11.0,6.0,9.96,8.4,0.0,67
3.7,86.0,10.6,5.8,9.36,8.4,0.0,68
3.5,84.0,11.3,5.8,9.21,8.6,0.0,69
3.4,83.0,11.3,7.6,9.17,8.8,0.0,70
3.3,82.0,11.6,7.5,9.27,8.6,0.0,71
3.2,80.0,11.8,7.2,8.85,8.5,0.0,72
3.2,78.0,12.6,6.9,9.01,8.4,0.0,73
3.1,76.0,12.1,6.7,9.4,8.2,0.0,74
3.0,74.0,12.1,6.4,10.15,7.9,0.0,75
3.4,73.0,12.1,6.6,10.03,7.7,1.0,78
4.0,72.0,11.4,6.4,10.12,7.8,16.0,79
4.1,73.0,10.1,5.5,10.65,8.1,51.0,79
3.9,76.0,7.5,4.5,10.13,8.3,62.0,82
3.9,76.0,6.8,4.2,9.56,8.7,98.0,87
3.9,73.0,5.1,3.5,8.11,7.7,86.0,86
3.5,71.0,3.8,2.5,7.32,7.3,113.0,79
3.2,69.0,4.1,2.4,7.25,7.2,225.0,74
3.6,72.0,5.5,2.8,6.93,6.8,130.0,76
3.9,76.0,7.4,3.4,6.21,7.1,146.0,73
4.0,81.0,8.6,4.0,5.46,6.8,100.0,75
4.6,82.0,10.2,4.6,4.91,6.2,27.0,76
4.5,82.0,11.8,5.0,4.01,5.9,1.0,75
4.2,83.0,13.2,5.6,3.58,5.2,0.0,78
4.4,81.0,14.0,5.9,3.54,5.0,0.0,79
4.6,79.0,14.3,6.2,3.79,4.7,0.0,82
4.5,77.0,14.2,6.3,3.91,4.4,0.0,87
4.5,75.0,13.9,6.4,4.06,3.8,0.0,92
5.5,70.0,11.4,6.5,4.03,3.7,0.0,92
5.4,66.0,12.1,7.1,3.65,3.8,0.0,92
5.9,61.0,12.8,8.3,3.4,3.5,0.0,92
6.5,59.0,13.1,9.1,3.35,3.1,0.0,93
7.2,53.0,14.5,9.9,2.77,3.0,0.0,94
7.9,50.0,13.4,10.6,2.32,2.9,0.0,95
8.7,44.0,13.5,11.1,2.01,3.0,1.0,96
9.7,39.0,14.9,12.4,2.18,3.6,41.0,94
9.4,38.0,15.9,12.3,2.19,4.4,107.0,92
7.6,44.0,16.5,12.8,2.17,5.4,184.0,87
7.0,51.0,16.5,13.4,1.77,6.4,280.0,83
6.7,55.0,17.1,13.2,1.63,7.0,331.0,79
6.5,60.0,15.3,13.0,2.55,6.6,364.0,74
6.6,65.0,14.8,12.8,2.16,7.1,291.0,70
6.5,70.0,15.2,12.4,2.21,7.3,265.0,67
7.2,70.0,15.5,11.8,2.63,7.2,193.0,65
7.8,65.0,15.8,10.5,2.19,6.7,77.0,71
8.5,60.0,15.3,10.8,1.65,5.9,32.0,79
9.6,55.0,16.9,12.0,2.13,4.8,1.0,90
11.4,52.0,17.5,11.8,2.27,4.1,0.0,94
11.3,48.0,17.4,12.6,1.84,4.1,0.0,95
10.6,44.0,16.2,12.6,2.44,3.5,0.0,95
10.5,41.0,16.3,11.3,2.31,3.2,0.0,96
10.1,40.0,16.7,11.8,2.45,2.6,0.0,97
8.0,40.0,15.2,11.8,2.35,3.0,0.0,95
8.4,41.0,14.9,11.3,2.5,3.0,0.0,97
6.6,45.0,14.8,11.6,2.41,2.9,0.0,98
5.3,51.0,13.3,10.6,2.62,2.5,0.0,98
5.4,49.0,12.1,9.7,2.67,2.2,0.0,99
5.1,44.0,11.0,9.0,2.7,1.8,0.0,100
5.5,43.0,10.9,7.8,2.67,2.5,2.0,99
6.1,42.0,10.1,7.1,3.03,2.8,39.0,99
5.7,41.0,9.6,6.2,2.91,3.8,110.0,92
4.5,52.0,9.7,5.9,2.95,5.2,226.0,86
3.6,55.0,8.8,5.4,3.22,6.7,344.0,74
3.3,65.0,8.4,5.0,3.93,7.8,413.0,64
2.7,72.0,8.5,4.1,4.75,7.6,351.0,62
2.7,77.0,8.4,3.8,4.75,7.7,255.0,61
3.0,76.0,8.2,3.7,5.03,8.2,280.0,57
2.6,81.0,7.9,3.2,5.09,8.1,271.0,55
2.4,82.0,7.4,3.2,4.47,7.4,193.0,61
3.5,80.0,7.6,3.5,4.11,6.2,73.0,67
4.0,80.0,8.4,3.8,4.93,5.3,2.0,72
4.2,78.0,8.8,4.0,6.14,4.7,0.0,81
4.0,77.0,8.6,4.4,6.12,4.3,0.0,84
3.8,73.0,8.7,4.9,6.49,4.8,0.0,79
3.7,72.0,8.8,4.5,6.55,4.9,0.0,78
3.6,72.0,8.3,4.7,6.86,4.8,0.0,77
3.8,68.0,10.5,6.2,6.97,4.7,0.0,80
4.0,67.0,11.7,6.9,6.95,4.6,0.0,81
4.5,69.0,12.1,7.3,6.75,4.6,0.0,80
4.8,64.0,15.0,10.3,6.61,4.6,0.0,79
5.4,61.0,15.7,11.3,6.6,4.5,0.0,80
5.1,59.0,14.1,11.5,6.7,4.1,0.0,84
6.1,58.0,12.7,11.0,6.05,4.2,1.0,87
7.9,58.0,11.9,10.8,5.67,4.0,18.0,90
8.6,60.0,6.9,6.5,4.87,3.2,29.0,98
7.7,57.0,6.0,4.5,3.94,2.8,47.0,99
7.2,57.0,4.5,3.4,3.23,3.2,53.0,95
7.2,58.0,5.2,3.3,2.87,4.7,104.0,92
6.0,61.0,8.1,4.0,2.65,5.2,151.0,87
4.8,72.0,10.6,4.9,3.0,6.8,247.0,81
4.0,81.0,11.9,4.3,3.86,8.0,287.0,63
3.7,82.0,10.9,3.7,4.61,7.9,143.0,58
3.7,86.0,10.6,3.9,4.62,7.2,140.0,62
5.3,85.0,11.4,4.5,3.7,6.0,69.0,68
6.8,78.0,11.8,5.3,3.37,4.4,3.0,75
6.7,74.0,13.8,5.9,3.27,3.5,0.0,81
7.1,70.0,14.7,6.5,3.59,3.0,0.0,86
5.6,71.0,15.0,6.0,3.28,2.5,0.0,91
5.3,70.0,14.2,6.0,3.09,1.9,0.0,94
5.0,69.0,14.3,6.1,2.79,1.5,0.0,94
5.4,63.0,13.9,6.9,2.93,1.2,0.0,95
5.5,61.0,13.6,7.1,2.52,0.9,0.0,96
5.1,59.0,13.2,6.9,2.51,0.4,0.0,96
4.9,60.0,12.6,7.1,2.77,0.5,0.0,96
5.1,57.0,12.5,7.1,3.09,0.6,0.0,96
5.8,55.0,12.2,7.5,3.1,1.2,0.0,96
7.5,54.0,13.0,7.6,3.43,2.4,4.0,97
9.2,53.0,14.5,8.9,3.77,3.3,28.0,97
8.8,55.0,15.4,9.8,4.1,4.4,87.0,94
6.6,56.0,16.4,10.8,4.85,5.6,189.0,90
6.3,57.0,17.9,12.0,4.73,6.4,239.0,83
5.8,61.0,18.8,12.9,4.89,7.1,333.0,81
5.9,62.0,17.7,13.3,4.92,8.1,367.0,79
6.0,66.0,18.0,13.1,5.02,8.6,350.0,76
6.1,68.0,17.9,12.5,4.88,8.6,290.0,76
7.5,68.0,18.1,11.9,4.56,8.6,215.0,77
8.8,67.0,16.9,11.9,4.9,8.3,139.0,78
9.8,65.0,18.8,12.0,4.63,7.6,60.0,81
9.6,68.0,17.4,12.3,4.84,7.2,3.0,83
8.4,70.0,19.4,13.1,5.3,7.1,0.0,81
7.1,70.0,18.9,13.3,5.54,6.8,0.0,81
6.6,68.0,17.5,13.0,5.72,6.6,0.0,79
6.0,67.0,17.7,12.8,5.49,6.4,0.0,78
5.7,68.0,17.5,12.5,5.09,6.4,0.0,76
5.1,69.0,15.5,10.6,5.02,6.3,0.0,77
4.9,69.0,15.1,10.3,4.7,5.7,0.0,80
4.8,70.0,14.8,10.5,4.61,5.2,0.0,83
4.7,69.0,14.0,10.9,4.71,4.9,0.0,83
4.6,68.0,14.4,11.1,4.95,4.8,0.0,80
4.6,69.0,14.6,11.5,5.15,4.9,0.0,78
5.8,69.0,16.4,12.2,5.11,5.2,6.0,78
6.5,68.0,17.6,13.2,5.17,5.9,81.0,76
5.7,74.0,16.5,12.7,4.91,6.9,216.0,72
4.9,80.0,15.4,12.1,5.29,8.1,309.0,65
4.9,82.0,14.4,11.6,5.19,8.9,333.0,63
4.7,85.0,13.7,11.1,5.32,9.9,422.0,59
4.7,89.0,13.5,10.8,5.24,11.2,511.0,57
5.0,90.0,13.6,10.9,4.79,11.6,447.0,57
5.6,91.0,13.8,11.0,4.35,11.8,346.0,58
6.4,90.0,14.1,11.0,4.08,11.8,312.0,61
7.4,89.0,13.5,10.8,3.88,11.2,208.0,66
9.0,84.0,13.5,10.7,3.6,9.9,81.0,70
11.0,74.0,13.6,10.9,3.36,8.9,5.0,73
10.8,67.0,14.6,12.0,3.18,8.2,0.0,76
11.7,62.0,16.1,13.4,3.03,7.3,0.0,78
11.4,61.0,17.2,14.3,3.04,6.5,0.0,79
9.7,61.0,18.0,15.4,3.15,5.8,0.0,80
7.7,63.0,18.2,15.5,3.33,5.3,0.0,81
6.8,61.0,18.7,15.1,3.26,4.8,0.0,76
5.9,63.0,18.1,14.7,3.29,4.4,0.0,74
5.5,61.0,17.2,14.5,3.23,4.2,0.0,74
4.7,61.0,17.2,14.3,3.44,4.2,0.0,74
4.5,59.0,18.2,15.3,3.35,4.3,0.0,75
5.1,59.0,18.9,16.0,3.37,4.2,0.0,77
7.9,57.0,19.7,16.9,3.69,4.4,8.0,75
12.5,57.0,21.0,18.0,3.67,5.8,86.0,73
11.4,65.0,21.8,18.6,3.3,7.2,169.0,73
10.6,58.0,23.4,18.4,3.37,8.6,272.0,70
8.5,54.0,25.5,17.8,3.24,9.6,318.0,71
7.2,59.0,25.0,16.4,3.24,10.1,264.0,74
5.8,64.0,21.0,15.0,4.15,10.6,251.0,76
5.3,77.0,15.0,6.9,4.08,10.1,146.0,76
4.4,81.0,10.4,5.7,3.31,9.4,70.0,76
4.4,85.0,9.0,5.2,3.27,9.8,163.0,70
4.8,82.0,7.2,4.3,3.76,10.0,224.0,70
5.9,78.0,7.9,4.2,4.2,8.8,89.0,70
6.2,74.0,8.8,4.8,4.07,7.3,6.0,72
5.8,71.0,9.6,5.4,3.72,6.1,0.0,79
6.0,67.0,11.3,5.3,3.78,5.2,0.0,84
6.4,64.0,8.8,5.5,3.57,4.2,0.0,89
6.6,62.0,9.3,6.0,3.04,3.5,0.0,92
6.5,53.0,9.0,5.2,2.73,2.9,0.0,93
6.8,46.0,9.6,6.3,2.71,2.5,0.0,96
7.3,43.0,9.4,6.3,2.97,2.3,0.0,96
7.6,41.0,9.2,6.3,2.9,2.0,0.0,96
7.3,39.0,9.1,6.1,2.76,1.6,0.0,96
8.0,37.0,9.0,6.0,2.48,1.2,0.0,96
9.1,36.0,9.1,6.7,2.31,0.8,0.0,95
12.8,29.0,9.2,7.0,2.3,0.8,10.0,95
12.5,29.0,9.9,8.2,2.2,2.2,78.0,93
14.1,27.0,10.6,8.4,1.7,4.5,216.0,92
13.3,37.0,11.3,8.0,1.28,6.8,336.0,82
11.4,46.0,10.9,7.4,1.04,8.6,462.0,70
12.5,51.0,10.9,6.6,0.72,9.8,538.0,65
12.0,55.0,10.4,7.0,0.52,10.1,560.0,65
10.0,57.0,10.4,6.2,0.97,10.4,529.0,67
8.6,59.0,10.0,6.7,2.19,9.6,459.0,78
8.7,68.0,9.2,5.6,2.38,8.6,354.0,84
8.0,66.0,8.5,4.9,2.13,7.3,222.0,87
9.5,65.0,8.3,5.7,2.39,5.6,89.0,91
11.9,58.0,10.0,6.6,1.93,4.8,7.0,89
16.4,47.0,11.8,8.2,0.53,4.1,0.0,92
18.4,43.0,13.0,10.1,0.92,3.7,0.0,93
17.7,35.0,14.0,11.5,0.85,3.0,0.0,94
18.5,30.0,13.7,11.1,0.45,2.2,0.0,98
18.2,27.0,13.2,10.1,0.59,1.3,0.0,100
17.1,24.0,12.6,9.0,0.3,1.4,0.0,100
19.5,23.0,13.2,9.4,0.2,1.3,0.0,100
20.9,21.0,13.3,11.9,1.05,1.5,0.0,99
20.9,17.0,13.3,11.6,1.22,1.1,0.0,100
22.7,18.0,13.4,11.4,1.37,1.5,0.0,100
19.0,21.0,13.6,12.4,1.32,1.6,0.0,99
15.9,21.0,14.1,12.9,0.79,1.9,6.0,100
13.5,20.0,16.3,14.1,0.92,2.5,52.0,99
11.5,25.0,17.6,15.3,1.3,3.0,107.0,99
10.4,34.0,18.3,15.2,1.77,3.5,154.0,96
8.2,44.0,18.2,15.3,2.06,4.6,231.0,92
7.0,52.0,18.0,14.8,2.25,5.2,275.0,90
5.9,56.0,18.0,14.7,2.44,4.3,337.0,90
6.0,59.0,18.1,15.4,2.48,4.2,279.0,89
6.1,61.0,17.5,15.1,2.22,3.8,240.0,91
6.2,66.0,16.1,13.0,2.4,3.3,162.0,92
6.5,70.0,14.2,9.8,2.51,3.0,131.0,92
7.8,71.0,14.4,10.0,1.7,2.6,45.0,94
9.0,69.0,14.4,12.6,1.9,3.2,6.0,93
9.4,67.0,15.9,12.9,2.01,3.0,0.0,94
9.3,65.0,15.5,13.3,1.71,2.6,0.0,95
9.2,67.0,14.1,12.0,1.89,2.3,0.0,95
9.4,68.0,12.6,10.1,2.25,2.3,0.0,95
10.2,63.0,13.5,11.6,2.57,2.2,0.0,96
10.8,59.0,15.3,12.9,2.97,2.2,0.0,96
9.1,58.0,15.8,13.9,2.25,1.5,0.0,96
8.7,57.0,15.8,14.1,2.2,0.9,0.0,96
8.6,56.0,15.8,14.0,2.55,0.6,0.0,96
8.2,54.0,15.2,13.2,2.31,0.3,0.0,97
7.9,51.0,14.6,12.9,2.53,0.2,0.0,99
8.7,45.0,14.2,12.4,3.01,0.4,13.0,99
8.0,45.0,13.3,11.5,3.23,2.0,103.0,94
6.8,53.0,11.9,10.2,3.47,3.8,223.0,90
5.7,56.0,11.3,9.4,2.72,5.7,361.0,86
4.8,61.0,10.6,8.9,2.68,7.7,485.0,78
4.4,67.0,10.0,8.6,3.05,8.9,556.0,70
4.3,72.0,9.7,8.3,3.22,9.4,576.0,65
4.3,73.0,9.6,8.3,3.3,9.7,551.0,61
4.5,76.0,10.0,8.0,3.14,9.6,481.0,65
4.8,76.0,10.5,7.9,2.82,9.2,375.0,69
5.9,75.0,10.9,8.3,2.53,8.7,243.0,74
7.5,74.0,11.3,9.2,2.27,7.3,105.0,78
8.3,71.0,13.6,10.1,2.9,6.7,10.0,70
8.9,67.0,14.6,11.3,3.03,6.3,0.0,68
8.2,63.0,16.2,13.7,3.06,5.6,0.0,69
7.4,62.0,16.6,13.8,3.16,5.1,0.0,71
7.6,60.0,16.6,14.8,3.23,4.7,0.0,72
8.0,53.0,17.3,16.5,3.15,4.2,0.0,71
8.8,46.0,18.8,17.4,3.18,3.3,0.0,75
8.3,47.0,20.3,17.9,3.02,2.6,0.0,79
7.2,43.0,21.4,18.6,2.97,2.2,0.0,82
6.6,42.0,22.7,18.3,2.76,2.0,0.0,85
5.9,43.0,22.3,17.9,3.05,2.4,0.0,85
6.9,44.0,21.4,17.8,2.89,3.0,0.0,85
10.3,42.0,21.5,18.6,3.11,3.2,10.0,86
11.1,42.0,22.8,18.9,3.67,4.2,98.0,88
7.7,55.0,22.5,17.5,3.33,5.2,184.0,89
6.0,64.0,19.0,16.0,2.45,6.6,263.0,83
6.2,66.0,18.3,14.5,2.54,7.7,325.0,77
4.5,72.0,15.9,10.1,2.56,8.8,407.0,65
4.2,77.0,13.6,6.9,3.38,9.5,485.0,57
3.7,83.0,10.8,3.7,3.66,9.6,408.0,55
4.2,90.0,9.3,3.2,3.61,9.8,373.0,53
5.0,91.0,8.9,3.2,3.31,9.8,293.0,51
6.3,92.0,9.3,4.1,2.82,9.4,233.0,51
7.5,81.0,10.2,4.4,1.71,7.9,96.0,61
10.0,75.0,12.0,5.9,2.01,6.7,9.0,66
11.6,67.0,13.2,7.5,1.57,5.8,0.0,71
12.1,61.0,15.3,8.7,1.08,4.8,0.0,77
12.8,58.0,15.9,8.6,0.89,4.4,0.0,77
12.3,58.0,15.9,9.4,0.93,4.2,0.0,80
13.2,52.0,15.8,9.2,1.53,4.8,0.0,75
14.8,46.0,14.6,10.4,3.79,5.2,0.0,78
8.4,59.0,12.7,8.4,4.09,5.2,0.0,86
5.3,64.0,12.3,7.5,4.3,4.9,0.0,88
4.5,67.0,11.4,7.4,4.35,4.5,0.0,90
3.6,66.0,13.2,10.5,4.34,4.6,0.0,93
3.2,67.0,16.6,12.3,4.81,4.5,0.0,95
3.8,64.0,16.2,14.5,4.92,5.3,8.0,93
5.6,64.0,17.7,16.0,5.91,6.0,41.0,89
6.9,66.0,21.5,19.2,6.33,6.2,58.0,90
6.2,64.0,25.5,23.2,5.8,7.6,98.0,87
6.7,60.0,32.9,29.0,6.16,9.4,201.0,82
7.3,58.0,29.3,23.5,9.25,11.0,445.0,71
7.8,60.0,23.5,19.1,8.79,11.1,429.0,72
7.2,61.0,23.1,18.7,7.4,10.4,199.0,77
6.6,60.0,20.7,16.4,7.18,9.7,147.0,82
6.4,60.0,19.4,14.4,6.37,9.2,70.0,84
6.4,65.0,16.9,12.6,6.33,8.9,41.0,87
7.3,64.0,14.0,11.5,6.3,8.4,23.0,89
7.7,63.0,10.9,7.9,5.61,8.1,4.0,94
6.8,60.0,7.5,6.6,6.15,7.8,0.0,96
6.4,59.0,6.4,5.4,6.91,7.9,0.0,96
6.5,59.0,7.3,6.5,7.65,8.1,0.0,95
6.7,60.0,9.9,6.5,8.04,8.2,0.0,94
5.8,65.0,11.4,6.8,8.41,8.2,0.0,92
3.9,68.0,10.2,6.2,8.11,8.2,0.0,94
3.2,70.0,10.1,6.3,8.52,8.3,0.0,92
3.0,73.0,10.8,5.8,8.74,8.3,0.0,92
3.0,71.0,7.5,5.1,8.41,8.4,0.0,91
3.0,72.0,6.6,4.9,8.76,7.9,0.0,94
2.9,74.0,5.6,4.0,8.83,7.8,0.0,94
3.4,76.0,6.6,3.9,9.32,7.7,6.0,93
4.1,73.0,6.8,3.6,9.29,6.7,46.0,92
3.1,74.0,4.5,2.1,8.21,6.3,98.0,88
2.5,72.0,4.3,1.7,7.65,4.4,177.0,96
1.9,84.0,6.6,2.6,7.65,4.1,66.0,92
1.3,91.0,6.4,2.4,8.74,6.6,253.0,78
1.2,89.0,8.5,2.4,9.83,7.7,443.0,64
1.3,89.0,7.5,2.3,9.36,7.6,493.0,61
1.6,86.0,7.7,2.2,9.3,7.2,400.0,63
1.7,86.0,8.4,2.5,8.96,6.9,338.0,62
1.8,86.0,9.6,2.8,8.75,6.3,239.0,63
2.1,83.0,10.0,3.0,7.94,5.2,101.0,70
2.0,86.0,7.5,2.6,7.74,4.4,10.0,77
1.8,85.0,5.4,2.7,8.2,4.2,0.0,77
1.5,83.0,6.3,3.0,9.04,4.2,0.0,79
1.5,82.0,10.6,3.5,9.56,3.7,0.0,86
1.3,83.0,12.1,4.0,9.46,4.2,0.0,83
1.2,86.0,12.9,3.6,9.18,4.2,0.0,80
1.1,86.0,12.5,3.5,9.02,4.0,0.0,84
1.0,84.0,13.0,3.4,9.11,3.8,0.0,82
1.0,84.0,13.3,3.3,8.64,3.7,0.0,80
1.0,84.0,12.6,3.4,8.63,3.5,0.0,78
1.0,84.0,12.5,3.5,8.26,3.3,0.0,78
1.3,82.0,12.0,3.6,8.42,3.2,0.0,74
1.5,78.0,12.1,3.3,8.03,3.3,23.0,74
2.0,77.0,12.4,3.5,7.59,3.7,104.0,72
1.8,82.0,11.0,3.5,9.97,4.5,248.0,64
1.4,84.0,10.1,3.1,9.39,5.3,363.0,58
1.2,83.0,8.4,2.8,8.89,6.1,464.0,53
1.2,81.0,8.3,2.6,8.62,6.8,514.0,48
1.3,83.0,8.7,2.6,8.01,6.5,491.0,55
1.5,86.0,7.8,2.7,7.42,6.4,522.0,59
1.9,87.0,6.9,2.8,7.13,6.3,432.0,60
2.5,91.0,6.0,3.1,7.02,6.3,337.0,60
3.0,91.0,7.0,3.4,5.69,6.4,216.0,58
4.0,86.0,8.1,3.5,3.94,6.0,87.0,64
5.2,86.0,10.7,4.2,3.65,4.3,15.0,77
5.4,80.0,11.4,4.7,3.55,3.7,0.0,84
5.2,78.0,10.3,4.8,4.22,3.7,0.0,82
4.9,77.0,9.4,4.5,4.53,3.2,0.0,76
4.5,74.0,9.3,4.4,4.62,2.5,0.0,77
4.2,71.0,9.6,4.4,4.84,2.0,0.0,79
3.7,71.0,9.7,4.4,4.96,1.8,0.0,83
3.4,72.0,8.8,4.4,4.82,1.4,0.0,86
3.0,72.0,9.1,4.2,4.82,1.2,0.0,88
2.9,70.0,9.1,4.4,4.82,1.1,0.0,90
3.0,70.0,9.2,4.5,4.73,1.1,0.0,90
3.4,71.0,10.4,4.6,4.44,1.1,0.0,89
4.1,72.0,11.2,4.7,4.41,1.5,30.0,91
5.3,72.0,11.0,4.6,4.5,3.1,131.0,86
4.0,80.0,10.7,4.3,5.08,4.6,262.0,72
2.9,81.0,10.7,3.5,5.07,5.6,387.0,63
2.5,88.0,10.5,3.3,4.9,6.8,483.0,52
2.3,91.0,10.0,2.8,4.35,7.8,540.0,46
2.2,96.0,9.2,2.7,4.23,8.5,565.0,47
2.1,102.0,8.1,2.6,4.64,8.8,503.0,45
2.5,101.0,7.6,2.5,5.22,8.5,444.0,46
2.8,99.0,7.0,2.7,5.36,8.1,340.0,48
3.2,98.0,6.8,2.6,5.58,7.4,198.0,51
3.6,98.0,7.4,2.8,4.79,6.7,84.0,61
4.3,89.0,8.0,3.3,4.65,5.9,14.0,64
5.0,88.0,7.5,4.2,5.46,6.0,0.0,69
4.7,87.0,8.0,4.7,6.25,5.8,0.0,76
4.6,84.0,9.3,6.0,6.82,5.3,0.0,81
4.6,84.0,9.6,6.0,6.61,5.2,0.0,82
4.7,80.0,10.4,7.0,6.75,5.2,0.0,83
5.4,72.0,10.5,8.9,6.75,5.2,0.0,86
5.1,68.0,10.8,9.3,6.57,4.9,0.0,90
5.1,63.0,11.0,9.5,6.32,5.0,0.0,92
4.9,62.0,10.6,8.8,5.61,5.0,0.0,93
4.8,60.0,9.4,7.3,4.6,5.1,0.0,95
4.6,58.0,8.2,7.0,3.51,5.2,0.0,96
3.9,62.0,9.1,6.1,3.91,5.1,10.0,96
3.8,73.0,9.0,4.5,2.8,5.2,66.0,89
3.2,78.0,10.4,4.9,3.85,6.2,216.0,79
2.5,80.0,12.4,5.0,4.5,7.5,362.0,75
2.4,83.0,10.7,4.9,4.5,8.2,438.0,68
2.3,85.0,10.2,4.3,4.2,8.8,455.0,61
2.1,90.0,9.6,4.1,4.26,9.6,525.0,57
1.7,94.0,9.0,4.4,4.63,9.4,525.0,56
1.9,94.0,8.7,4.0,3.95,8.8,422.0,54
2.0,93.0,9.2,3.4,3.41,8.8,334.0,52
3.0,93.0,10.4,3.7,3.36,8.1,187.0,56
3.4,90.0,10.9,4.7,3.18,7.2,82.0,63
4.2,84.0,12.0,5.6,3.71,6.0,16.0,69
4.2,82.0,12.8,5.7,3.7,4.8,0.0,73
4.1,82.0,12.2,5.1,2.86,3.5,0.0,80
4.1,80.0,11.3,4.9,3.08,2.7,0.0,85
4.0,78.0,10.5,4.9,3.17,2.3,0.0,89
4.2,75.0,9.5,4.7,3.37,2.1,0.0,92
4.2,72.0,10.3,4.5,3.07,2.0,0.0,94
3.5,71.0,10.2,4.3,3.0,1.8,0.0,95
3.4,69.0,10.3,4.9,3.35,1.9,0.0,95
3.3,65.0,13.5,4.9,3.5,1.9,0.0,95
3.6,64.0,10.9,4.8,3.45,1.8,0.0,95
3.9,66.0,12.1,5.0,3.45,1.4,0.0,95
4.1,69.0,12.8,4.8,3.67,2.1,37.0,95
3.1,69.0,11.8,4.3,4.3,3.8,160.0,92
2.4,75.0,11.3,4.1,5.82,5.6,305.0,79
1.9,78.0,10.0,3.3,5.72,6.5,284.0,72
1.6,81.0,9.5,2.6,5.7,7.2,330.0,67
1.3,82.0,7.9,2.7,5.52,7.9,362.0,68
1.2,85.0,8.8,3.2,6.42,8.2,439.0,63
1.1,87.0,8.5,3.1,6.66,8.2,425.0,62
1.3,87.0,9.1,3.2,6.78,8.4,420.0,58
1.4,88.0,9.0,3.0,7.48,7.8,257.0,62
1.7,87.0,8.1,3.2,6.54,6.7,84.0,66
2.0,86.0,8.1,3.5,6.83,5.8,38.0,71
2.2,87.0,9.6,3.7,7.3,5.4,7.0,73
2.3,88.0,8.1,3.6,7.61,4.7,0.0,81
2.3,88.0,5.6,2.9,8.37,4.1,0.0,86
2.3,87.0,4.0,2.1,9.68,3.8,0.0,92
2.3,89.0,3.2,1.8,8.79,3.4,0.0,97
2.7,88.0,2.8,2.0,8.49,3.2,0.0,97
3.0,82.0,3.5,2.5,8.32,3.3,0.0,94
2.8,81.0,3.4,2.8,7.1,2.7,0.0,98
2.7,78.0,3.8,2.4,5.8,3.2,0.0,97
2.5,80.0,5.0,3.0,4.41,3.8,0.0,94
2.7,86.0,8.0,3.7,4.07,3.3,0.0,95
3.2,86.0,10.4,4.1,4.45,2.8,0.0,95
4.1,84.0,10.0,4.6,4.2,3.1,36.0,97
4.4,87.0,10.2,4.0,4.65,4.3,161.0,90
3.5,84.0,11.7,3.8,5.76,5.3,290.0,78
2.6,85.0,12.4,3.8,5.91,6.5,351.0,68
2.0,91.0,12.8,3.7,5.74,7.0,302.0,64
1.8,91.0,12.3,3.4,5.15,7.9,446.0,64
1.6,89.0,10.3,3.4,5.65,8.1,442.0,63
1.8,87.0,10.0,3.0,6.32,6.9,365.0,67
2.1,87.0,6.9,2.6,6.52,7.4,336.0,65
2.7,88.0,7.4,3.1,6.71,7.3,291.0,69
3.0,90.0,11.4,4.2,5.73,6.8,220.0,74
3.6,87.0,16.8,4.9,4.88,6.3,112.0,76
3.3,86.0,16.8,5.1,4.86,5.6,22.0,81
3.1,81.0,15.5,5.2,5.22,4.9,0.0,84
3.0,78.0,15.7,5.1,5.5,4.4,0.0,85
2.8,77.0,14.0,5.0,5.7,4.0,0.0,88
2.5,78.0,15.7,4.9,5.92,4.0,0.0,89
2.0,82.0,16.9,6.1,6.17,4.2,0.0,89
1.7,82.0,17.2,5.8,6.01,4.4,0.0,90
1.6,83.0,16.1,5.5,6.05,4.4,0.0,90
1.5,82.0,14.8,5.0,6.5,4.8,0.0,88
1.5,83.0,14.9,4.2,6.77,4.7,0.0,89
1.6,81.0,14.3,3.4,7.1,4.8,0.0,88
1.9,81.0,13.9,3.6,7.0,5.2,0.0,86
2.6,81.0,12.7,3.9,6.89,5.2,33.0,88
2.8,80.0,10.8,4.1,7.23,6.2,158.0,83
2.6,80.0,8.8,3.3,7.81,7.3,289.0,73
2.1,81.0,7.6,3.2,7.55,8.6,412.0,62
1.8,82.0,7.4,2.5,6.58,9.5,477.0,54
1.8,82.0,5.5,2.1,6.03,10.1,524.0,53
1.7,83.0,4.5,1.9,5.58,10.4,577.0,51
2.0,84.0,4.0,1.9,5.06,10.8,590.0,52
2.6,85.0,3.7,1.9,4.91,10.9,523.0,52
3.2,85.0,3.4,1.9,4.58,10.7,421.0,49
3.8,85.0,3.5,2.1,4.39,10.1,287.0,51
4.6,79.0,4.4,2.5,3.69,8.9,145.0,59
6.3,72.0,5.3,3.1,2.97,7.1,28.0,67
7.4,67.0,6.1,3.6,3.0,5.9,0.0,71
9.3,64.0,6.9,4.4,3.11,5.2,0.0,75
9.6,61.0,8.1,4.8,3.1,4.4,0.0,84
9.6,60.0,10.3,5.9,2.86,3.7,0.0,91
9.5,56.0,11.5,6.5,2.75,3.2,0.0,93
9.3,52.0,10.5,6.5,2.85,2.5,0.0,95
7.4,53.0,9.7,6.0,2.61,2.2,0.0,96
7.0,53.0,9.3,5.8,2.58,2.0,0.0,97
7.0,51.0,9.1,5.9,2.4,1.8,0.0,98
8.7,46.0,9.5,5.4,2.35,1.6,0.0,99
11.5,42.0,9.7,5.5,2.51,1.9,0.0,98
13.1,39.0,10.4,5.9,2.38,2.3,35.0,99
13.7,42.0,10.7,5.9,2.57,3.3,106.0,98
9.6,55.0,10.5,5.7,2.5,5.1,187.0,92
7.5,61.0,9.6,5.4,2.4,6.8,273.0,86
5.6,69.0,8.9,5.0,2.6,8.2,390.0,81
4.1,78.0,8.7,4.9,3.02,9.4,490.0,75
4.1,80.0,8.0,4.9,3.33,10.9,389.0,67
4.4,77.0,7.8,4.9,3.57,10.6,354.0,69
4.7,76.0,8.0,4.9,3.98,10.4,294.0,71
5.7,76.0,8.4,5.2,3.79,9.9,173.0,73
5.6,75.0,8.7,5.4,3.69,9.6,119.0,74
5.3,75.0,8.5,5.1,3.67,9.2,61.0,76
4.7,77.0,8.0,5.1,3.8,8.9,10.0,75
4.9,78.0,8.5,5.3,3.29,8.1,0.0,77
5.1,77.0,9.3,5.7,3.4,7.5,0.0,77
4.9,76.0,9.9,6.1,3.5,6.7,0.0,80
4.2,73.0,10.2,6.1,3.47,5.9,0.0,83
4.1,73.0,10.2,6.1,3.4,5.6,0.0,82
4.0,71.0,11.8,6.8,3.33,5.2,0.0,84
4.0,69.0,11.5,7.3,3.65,4.9,0.0,85
4.2,69.0,11.8,8.3,3.55,4.8,0.0,84
4.4,69.0,12.8,9.2,3.47,4.5,0.0,85
4.7,67.0,13.7,10.1,3.51,4.6,0.0,87
5.9,61.0,13.7,9.5,3.58,4.8,0.0,87
7.4,58.0,16.0,10.9,3.56,5.1,27.0,87
8.3,60.0,16.7,11.0,3.4,5.8,48.0,86
8.4,56.0,15.1,12.2,3.72,6.9,119.0,83
7.5,56.0,15.0,12.4,4.31,8.1,190.0,81
6.0,58.0,15.0,12.7,4.19,9.9,376.0,73
6.1,66.0,17.2,12.4,5.13,10.6,517.0,65
6.1,69.0,13.7,12.1,5.13,9.8,235.0,76
8.1,62.0,12.4,11.9,6.03,9.4,290.0,80
7.2,66.0,8.4,5.2,5.41,8.1,95.0,82
4.1,94.0,9.2,3.9,4.72,7.4,99.0,73
3.0,94.0,11.7,4.1,5.28,7.8,222.0,54
3.0,99.0,12.7,4.0,5.19,6.4,155.0,62
2.7,94.0,13.3,4.4,5.41,4.4,32.0,70
3.0,89.0,14.3,4.5,5.67,3.6,0.0,70
2.7,89.0,14.2,3.9,5.4,3.6,0.0,68
2.6,91.0,13.6,3.5,5.32,3.8,0.0,68
1.9,91.0,13.3,3.1,5.37,3.7,0.0,69
1.8,90.0,11.9,3.0,5.82,3.0,0.0,71
1.7,87.0,8.0,2.8,5.68,2.8,0.0,69
1.7,88.0,8.1,2.8,5.98,3.5,0.0,66
1.7,88.0,7.6,2.9,5.91,3.9,0.0,66
1.8,88.0,7.4,3.0,5.65,4.1,0.0,67
2.0,86.0,9.2,3.1,5.4,4.1,0.0,69
2.4,86.0,10.2,3.0,5.45,4.0,0.0,69
3.3,83.0,10.8,2.9,5.16,3.8,26.0,71
3.7,88.0,10.3,2.9,5.05,4.4,114.0,69
2.7,95.0,9.5,2.7,5.85,5.1,221.0,66
2.1,99.0,8.9,2.7,5.22,5.3,240.0,62
1.8,100.0,7.8,2.6,4.72,5.6,336.0,59
1.7,97.0,7.4,2.7,4.24,5.9,356.0,58
2.0,97.0,6.9,3.1,4.07,7.5,397.0,52
2.3,98.0,6.4,3.3,4.6,8.7,374.0,52
2.6,96.0,6.5,3.6,4.92,8.4,230.0,56
3.2,98.0,6.2,3.5,4.49,8.1,161.0,61
3.8,98.0,7.2,4.1,4.95,8.3,202.0,60
4.6,95.0,8.0,5.3,6.13,7.1,44.0,67
4.1,94.0,7.6,5.6,6.56,6.3,6.0,70
4.5,92.0,7.6,6.0,7.78,6.7,0.0,70
4.9,88.0,7.3,6.1,8.38,5.9,0.0,85
4.9,82.0,8.5,7.0,8.71,6.2,0.0,86
5.1,74.0,8.9,7.7,8.42,6.6,0.0,86
5.4,68.0,9.2,8.1,8.39,7.2,0.0,93
5.1,67.0,9.0,7.0,7.5,7.8,0.0,95
3.6,70.0,6.6,4.8,7.91,7.8,0.0,95
2.5,70.0,4.5,3.5,7.69,6.8,0.0,91
2.1,79.0,3.6,2.4,6.87,6.1,0.0,89
1.8,83.0,5.6,2.4,6.96,5.7,0.0,90
1.8,81.0,6.0,2.5,6.65,5.6,0.0,89
1.9,84.0,6.3,2.7,7.38,5.1,46.0,84
1.7,82.0,7.0,2.6,8.32,5.7,185.0,78
1.4,82.0,5.5,2.4,8.93,6.6,280.0,68
1.1,82.0,6.1,2.5,9.5,7.5,377.0,58
0.9,82.0,6.8,2.3,9.15,8.2,452.0,52
0.8,83.0,6.8,2.1,9.43,9.0,556.0,48
0.8,84.0,6.8,2.2,8.87,9.4,559.0,46
0.8,90.0,7.1,2.3,8.66,9.6,521.0,45
0.9,93.0,7.3,2.7,8.21,9.3,445.0,45
1.1,94.0,7.2,3.1,7.7,8.9,338.0,48
1.4,91.0,7.4,3.5,6.98,8.2,265.0,53
1.9,89.0,8.0,3.5,5.02,7.2,147.0,62
2.7,86.0,8.6,4.5,3.72,6.0,37.0,67
3.4,80.0,9.3,4.9,2.84,5.0,0.0,73
3.8,77.0,10.4,5.0,3.58,4.2,0.0,78
3.7,77.0,10.4,5.0,3.31,4.0,0.0,83
3.6,80.0,8.4,5.0,3.73,4.2,0.0,86
3.1,83.0,8.7,4.4,5.03,5.7,0.0,82
3.0,83.0,9.0,5.7,6.4,6.2,0.0,79
3.3,83.0,10.8,6.9,6.87,7.5,0.0,75
3.9,77.0,12.4,8.6,7.91,8.4,0.0,78
4.1,71.0,14.0,9.9,8.81,9.1,0.0,83
3.8,70.0,14.0,9.9,8.95,9.4,0.0,86
3.1,69.0,11.6,7.5,9.66,10.2,1.0,86
2.8,69.0,10.8,5.7,9.88,10.2,18.0,86
2.4,80.0,13.9,4.7,11.6,10.1,119.0,78
1.7,85.0,10.6,3.4,12.44,9.9,264.0,60
1.2,90.0,8.6,2.7,14.45,9.3,362.0,54
0.8,90.0,8.9,2.8,13.5,9.6,366.0,51
0.6,92.0,8.8,2.9,14.11,9.8,510.0,49
0.6,95.0,9.1,3.0,13.71,9.6,589.0,48
0.6,96.0,9.6,3.1,12.78,9.4,576.0,49
0.6,93.0,10.2,3.3,12.88,8.9,515.0,55
0.7,94.0,11.2,3.2,13.42,8.8,418.0,47
0.8,93.0,12.2,3.4,11.02,7.9,229.0,54
1.1,92.0,10.4,3.7,10.72,7.2,127.0,57
1.3,91.0,10.3,4.0,9.1,6.2,37.0,62
1.6,89.0,10.2,4.0,9.23,5.5,0.0,67
1.7,86.0,10.4,3.9,8.25,5.1,0.0,70
1.6,85.0,10.7,3.7,8.39,4.6,0.0,72
1.5,84.0,10.5,3.6,7.71,4.2,0.0,75
1.3,83.0,10.4,3.8,7.8,4.5,0.0,73
1.3,82.0,10.2,3.5,7.35,4.4,0.0,77
1.2,82.0,10.3,3.4,8.16,4.3,0.0,77
1.2,80.0,11.4,3.2,8.27,4.1,0.0,79
1.1,83.0,12.1,3.1,8.17,4.0,0.0,81
1.2,83.0,12.9,3.3,7.95,4.1,0.0,79
1.5,83.0,13.2,3.6,7.85,4.3,2.0,76
2.0,84.0,12.6,3.8,8.12,4.4,62.0,74
1.8,83.0,12.3,3.8,7.96,5.4,132.0,78
1.4,84.0,13.8,3.8,10.73,6.7,313.0,70
1.1,85.0,14.2,3.4,11.68,7.7,398.0,64
1.0,87.0,13.7,3.4,11.41,8.3,454.0,63
0.9,89.0,13.8,4.0,11.11,8.6,424.0,61
0.9,89.0,13.8,4.1,11.0,8.8,387.0,61
1.1,89.0,12.9,4.0,10.15,8.9,404.0,63
1.4,88.0,12.3,4.4,9.92,8.8,313.0,63
1.5,89.0,12.7,4.3,9.33,8.7,258.0,65
1.6,90.0,12.5,4.4,8.36,8.3,232.0,67
1.7,89.0,12.9,4.5,7.13,7.7,136.0,70
1.8,87.0,13.5,4.6,6.79,6.7,42.0,73
2.0,85.0,14.2,4.7,6.89,5.8,0.0,79
1.9,84.0,14.6,4.8,7.11,6.1,0.0,82
1.9,84.0,14.3,4.8,6.85,5.8,0.0,85
1.9,85.0,14.0,4.7,6.56,5.3,0.0,86
1.8,83.0,14.0,4.6,5.79,4.6,0.0,84
1.8,80.0,12.7,3.8,5.55,4.0,0.0,86
1.9,81.0,12.8,4.0,5.5,3.5,0.0,85
2.1,80.0,12.5,3.7,5.36,3.2,0.0,84
2.3,76.0,11.9,3.4,5.01,2.8,0.0,85
2.7,74.0,10.7,3.5,4.69,2.4,0.0,87
3.6,73.0,10.0,3.7,4.42,2.2,3.0,88
5.8,70.0,9.5,4.2,4.04,3.0,77.0,85
6.0,67.0,8.6,4.1,3.19,4.8,214.0,79
4.5,72.0,7.4,3.7,3.1,6.7,360.0,68
4.1,76.0,7.4,3.5,3.15,8.1,490.0,55
3.8,81.0,6.3,3.2,3.07,8.9,590.0,51
3.1,83.0,6.2,2.7,2.98,9.6,650.0,48
2.8,86.0,5.8,2.3,2.56,9.9,666.0,47
3.1,89.0,5.8,2.3,2.29,10.2,639.0,47
3.1,89.0,6.1,2.3,2.11,10.4,568.0,48
4.3,89.0,5.6,2.7,1.7,10.6,458.0,49
5.4,87.0,5.7,3.2,1.49,10.4,322.0,50
6.9,82.0,6.2,3.4,1.93,9.1,175.0,60
6.8,82.0,6.5,3.8,1.41,6.8,48.0,75
7.8,80.0,7.4,4.2,0.59,5.8,0.0,79
7.7,78.0,7.3,4.5,0.92,5.2,0.0,75
7.0,78.0,7.0,4.0,1.29,4.2,0.0,72
6.4,75.0,6.6,3.4,1.5,3.6,0.0,71
6.9,68.0,6.6,3.5,1.64,3.2,0.0,73
7.1,62.0,7.2,4.5,1.25,1.9,0.0,76
7.1,60.0,7.2,4.5,1.35,1.8,0.0,76
7.3,55.0,7.6,4.6,1.49,2.0,0.0,76
8.5,47.0,8.1,4.9,1.87,2.5,0.0,77
10.3,40.0,8.3,5.0,2.06,2.5,0.0,79
11.3,36.0,8.5,5.1,1.9,2.5,4.0,82
12.9,35.0,8.7,5.6,1.84,3.7,83.0,83
11.0,51.0,9.2,5.7,1.5,5.7,221.0,78
10.5,55.0,9.2,5.6,1.45,7.3,366.0,71
8.8,61.0,8.5,5.7,1.55,8.5,493.0,64
8.0,65.0,8.4,4.8,1.54,9.6,592.0,59
7.0,75.0,8.6,5.1,1.68,10.4,652.0,53
7.7,71.0,8.1,4.8,2.36,10.8,668.0,43
9.2,69.0,8.6,5.3,2.68,10.6,638.0,44
8.9,72.0,7.3,5.2,2.75,10.1,566.0,46
7.2,76.0,6.6,4.0,2.71,9.2,424.0,51
7.9,76.0,5.5,3.6,2.36,8.6,282.0,56
9.2,74.0,5.3,3.7,1.92,7.5,125.0,66
9.7,68.0,4.9,3.7,1.59,7.1,32.0,66
13.0,62.0,4.7,3.6,1.33,6.4,0.0,69
13.7,63.0,4.7,3.3,1.98,6.1,0.0,69
11.7,61.0,5.3,3.4,2.8,6.0,0.0,69
13.4,60.0,5.0,3.5,3.18,5.8,0.0,75
12.0,61.0,6.6,4.4,3.08,5.6,0.0,79
11.7,60.0,6.7,5.2,3.37,5.9,0.0,77
9.4,59.0,6.4,5.3,4.32,5.6,0.0,77
7.4,63.0,6.7,5.0,3.94,4.9,0.0,82
6.7,66.0,6.4,4.6,3.7,4.4,0.0,86
6.1,66.0,6.5,4.4,4.13,4.8,0.0,83
6.3,64.0,6.7,4.3,4.13,4.9,3.0,80
6.1,68.0,6.7,3.9,4.05,5.8,80.0,77
4.8,72.0,5.9,3.4,4.33,6.3,157.0,73
4.2,72.0,5.6,3.1,4.57,6.9,328.0,67
3.6,75.0,5.3,3.1,4.8,7.7,480.0,64
3.4,80.0,5.1,3.2,5.34,8.1,585.0,62
3.3,81.0,5.8,3.5,5.65,8.3,647.0,61
3.4,83.0,6.1,4.0,5.42,8.8,664.0,57
3.2,84.0,6.2,4.5,5.19,8.9,636.0,56
2.9,85.0,6.6,4.9,5.36,8.7,564.0,56
2.6,91.0,5.8,3.9,6.02,8.2,457.0,55
2.9,94.0,5.0,3.6,6.75,7.3,325.0,50
3.1,98.0,4.3,2.7,6.24,6.4,184.0,52
3.3,99.0,4.0,2.8,6.79,5.9,55.0,50
3.3,99.0,4.1,2.5,7.32,4.9,0.0,51
3.2,100.0,7.4,2.5,7.57,4.3,0.0,57
3.1,97.0,5.9,2.8,7.78,3.8,0.0,64
2.8,98.0,4.8,2.9,7.85,3.5,0.0,67
2.6,97.0,5.0,2.7,8.04,3.2,0.0,67
2.4,93.0,5.1,2.6,8.24,3.2,0.0,67
2.2,93.0,5.5,2.5,8.87,3.2,0.0,67
2.2,93.0,5.8,2.5,9.23,3.3,0.0,68
2.1,92.0,6.1,2.5,8.89,3.3,0.0,75
2.1,91.0,6.1,2.5,8.03,3.2,0.0,81
2.4,89.0,6.2,3.0,8.26,3.8,2.0,78
2.9,88.0,5.5,3.0,7.19,2.6,12.0,96
3.3,85.0,4.8,2.9,7.35,2.2,24.0,98
3.8,82.0,3.3,2.2,7.44,2.0,30.0,99
4.1,79.0,3.4,2.2,6.47,2.5,43.0,97
4.2,78.0,3.7,3.0,6.42,4.3,122.0,92
4.6,79.0,4.5,3.6,4.59,5.4,88.0,91
4.6,82.0,5.9,4.6,2.85,6.4,278.0,92
4.5,82.0,7.2,5.7,2.51,7.4,209.0,83
4.5,83.0,8.6,6.8,3.0,5.7,164.0,91
4.8,83.0,8.0,7.2,3.54,5.7,254.0,90
5.2,82.0,7.7,6.5,3.7,6.3,248.0,84
5.0,80.0,7.8,5.6,2.97,5.7,139.0,86
6.1,76.0,8.1,5.7,2.52,5.8,32.0,82
7.9,71.0,8.6,5.5,2.56,5.0,1.0,89
9.1,67.0,7.6,5.1,2.89,4.2,0.0,90
10.9,62.0,9.3,5.9,2.57,3.2,0.0,92
11.7,57.0,9.3,6.4,2.04,2.4,0.0,93
13.0,51.0,9.7,6.9,1.43,1.0,0.0,95
13.2,49.0,9.9,7.2,1.23,1.1,0.0,98
12.8,51.0,9.1,6.6,1.3,0.3,0.0,99
12.4,56.0,9.3,6.4,1.34,-0.2,0.0,99
12.0,56.0,9.7,7.3,1.14,0.1,0.0,100
10.3,57.0,10.6,7.8,1.03,0.2,0.0,100
10.9,56.0,10.0,7.4,1.56,0.4,6.0,99
10.5,53.0,7.8,5.6,2.17,2.0,63.0,99
10.2,50.0,10.8,6.8,3.4,4.7,162.0,98
9.3,57.0,15.3,11.5,4.09,6.2,260.0,89
5.8,70.0,13.1,11.0,4.29,7.2,457.0,83
4.5,79.0,13.3,12.3,5.04,7.8,597.0,77
4.8,77.0,13.9,12.0,5.37,8.1,661.0,78
4.2,79.0,14.4,11.3,5.63,8.4,688.0,77
3.8,81.0,14.2,11.4,5.35,8.9,646.0,74
3.9,85.0,14.0,11.5,5.98,9.4,572.0,68
3.8,89.0,13.8,8.6,6.9,9.4,452.0,65
3.4,90.0,12.5,7.8,7.37,8.6,333.0,67
3.0,90.0,12.9,6.9,7.9,7.7,178.0,69
3.6,88.0,12.4,6.2,8.33,6.9,59.0,66
3.8,89.0,11.0,5.6,8.9,6.2,1.0,66
3.9,90.0,11.2,6.3,9.17,5.8,0.0,68
3.6,89.0,11.7,7.3,8.59,5.4,0.0,71
3.7,89.0,11.2,7.4,8.12,5.2,0.0,72
3.6,88.0,12.3,6.9,7.84,5.2,0.0,73
2.9,92.0,10.4,6.6,7.04,5.4,0.0,75
3.0,93.0,9.4,6.5,6.07,5.7,0.0,75
3.0,94.0,10.2,7.4,6.33,5.4,0.0,82
3.1,92.0,11.3,8.9,6.39,5.4,0.0,89
3.4,90.0,13.4,9.2,5.76,5.6,0.0,90
3.5,88.0,13.5,9.3,5.08,5.3,1.0,91
3.9,83.0,12.6,9.4,4.14,5.4,14.0,90
4.0,77.0,12.0,9.9,4.17,6.3,121.0,87
4.2,76.0,13.2,11.0,3.71,7.1,211.0,82
4.0,75.0,13.9,12.4,2.56,8.1,335.0,77
3.8,78.0,13.8,11.9,2.27,9.3,462.0,74
3.6,81.0,13.9,11.8,2.97,10.0,597.0,72
3.6,85.0,14.0,11.4,3.54,9.8,678.0,75
3.9,90.0,14.5,11.0,4.0,9.2,548.0,83
4.6,93.0,14.7,11.7,3.76,8.9,459.0,79
5.4,91.0,14.4,12.3,3.62,9.0,405.0,78
6.2,91.0,13.5,11.7,3.66,8.5,313.0,81
7.3,87.0,12.7,11.1,3.31,7.8,182.0,85
8.9,83.0,12.4,11.0,2.8,7.2,61.0,88
10.8,70.0,12.1,10.8,2.41,6.6,1.0,89
9.7,67.0,13.9,12.2,2.88,6.4,0.0,89
9.5,64.0,16.5,14.2,3.13,6.2,0.0,89
9.8,63.0,17.7,15.7,2.82,5.8,0.0,88
10.6,56.0,18.0,16.4,2.02,5.3,0.0,87
11.0,54.0,18.0,14.7,1.44,4.2,0.0,91
12.3,50.0,18.2,15.0,2.29,4.8,0.0,91
12.9,45.0,19.0,16.1,3.21,4.8,0.0,93
12.6,46.0,20.3,17.0,2.56,4.7,0.0,92
11.9,47.0,20.6,17.9,2.69,4.6,0.0,93
12.5,51.0,18.9,16.8,2.61,5.0,10.0,92
12.3,52.0,17.1,15.1,2.58,6.1,76.0,91
11.3,54.0,14.9,13.0,2.61,7.2,156.0,84
9.8,54.0,13.1,10.9,3.11,7.8,204.0,78
9.1,57.0,13.1,10.5,3.57,8.1,218.0,74
8.5,58.0,13.8,10.2,3.8,8.4,235.0,71
8.7,62.0,14.0,10.3,4.33,8.9,263.0,70
7.8,65.0,13.6,10.2,4.22,8.8,202.0,72
7.6,68.0,14.4,11.4,3.95,9.0,178.0,71
7.2,71.0,15.8,10.9,4.45,9.4,201.0,68
6.6,73.0,16.3,10.4,4.96,9.5,178.0,67
6.5,75.0,15.3,9.7,6.4,8.6,55.0,67
6.6,74.0,13.8,9.2,6.36,8.8,34.0,67
6.7,73.0,12.5,8.5,5.42,8.6,13.0,72
5.4,76.0,12.8,8.3,6.75,7.9,0.0,74
4.6,80.0,13.7,8.0,6.94,7.4,0.0,75
4.3,80.0,14.7,7.4,6.94,7.2,0.0,76
4.1,81.0,12.8,7.6,7.06,6.8,0.0,78
4.0,81.0,12.2,7.9,6.96,6.8,0.0,79
4.1,76.0,11.3,6.8,5.83,6.1,0.0,87
4.4,76.0,11.0,6.6,6.25,6.2,0.0,85
4.7,75.0,11.3,6.5,6.06,6.3,0.0,84
4.8,73.0,11.6,7.1,5.97,6.3,0.0,85
4.9,69.0,9.9,6.9,5.78,6.2,0.0,87
5.1,68.0,10.2,7.0,5.15,6.2,2.0,87
5.6,67.0,10.1,7.0,5.17,6.2,12.0,87
5.7,66.0,9.9,7.2,5.08,6.4,39.0,88
5.7,66.0,10.4,7.4,4.57,6.2,38.0,93
5.6,65.0,10.3,7.6,4.18,6.3,64.0,94
5.9,65.0,9.4,7.5,4.26,6.4,91.0,95
6.2,64.0,9.6,7.7,3.79,6.4,84.0,96
7.0,63.0,9.5,7.8,3.26,6.6,86.0,92
7.9,62.0,10.3,8.2,3.23,7.5,148.0,85
8.1,60.0,10.5,8.4,3.03,8.6,260.0,81
8.8,58.0,10.7,8.6,2.59,9.4,311.0,74
8.8,57.0,10.6,8.9,2.24,9.8,240.0,71
10.0,61.0,12.1,9.4,2.38,9.4,146.0,71
9.8,61.0,10.5,9.1,3.42,8.4,60.0,73
11.1,55.0,11.1,9.8,3.39,7.3,2.0,78
12.5,55.0,12.6,10.4,2.77,6.4,0.0,84
11.4,57.0,13.0,11.3,2.78,5.2,0.0,88
9.8,57.0,15.6,13.8,2.99,4.6,0.0,91
7.8,58.0,16.9,13.3,2.93,4.2,0.0,94
4.0,59.0,17.0,13.6,3.14,3.8,0.0,96
4.4,61.0,17.9,15.6,3.23,3.5,0.0,96
3.7,61.0,17.5,15.0,3.08,3.3,0.0,97
3.8,60.0,17.7,11.9,3.15,3.2,0.0,98
4.3,62.0,16.6,10.0,2.97,3.3,0.0,98
6.0,62.0,16.1,9.5,2.61,3.3,12.0,99
8.5,59.0,15.8,10.5,2.74,3.8,67.0,99
7.8,60.0,14.2,11.3,2.41,4.5,134.0,98
7.0,64.0,13.4,10.5,2.62,6.1,228.0,89
6.2,68.0,13.9,9.4,2.55,7.8,333.0,82
5.8,68.0,14.4,9.3,2.46,9.8,486.0,70
3.8,86.0,14.0,10.4,1.72,11.2,626.0,63
4.0,92.0,13.6,10.1,1.32,10.6,538.0,70
5.5,91.0,15.3,10.0,3.13,9.8,483.0,84
6.0,90.0,14.4,11.9,3.22,9.4,462.0,88
5.6,91.0,18.2,14.4,2.96,9.6,408.0,83
5.3,92.0,19.9,14.8,2.48,9.2,306.0,82
5.9,84.0,20.9,15.3,3.54,7.2,193.0,87
7.2,83.0,20.0,14.2,2.88,6.2,72.0,91
11.0,76.0,18.7,12.9,2.55,5.7,3.0,91
13.1,79.0,16.6,12.7,2.62,5.4,0.0,91
13.9,75.0,16.0,11.5,2.67,5.2,0.0,90
13.7,72.0,15.7,10.2,2.39,5.0,0.0,89
12.8,75.0,14.3,11.7,2.23,4.8,0.0,89
11.7,73.0,14.7,11.2,2.85,4.6,0.0,91
11.9,68.0,12.5,9.9,2.59,4.7,0.0,93
10.6,67.0,11.9,9.5,2.74,5.0,0.0,93
10.0,68.0,12.2,9.6,3.04,5.1,0.0,94
10.0,64.0,12.7,10.9,3.71,5.1,0.0,94
11.3,58.0,13.0,11.2,3.67,5.2,4.0,94
12.4,63.0,14.5,11.3,4.38,5.3,23.0,94
12.5,65.0,13.8,10.7,4.12,5.5,42.0,96
10.4,65.0,13.1,11.1,3.89,6.1,86.0,92
9.4,66.0,14.0,11.9,3.65,6.4,113.0,90
8.3,76.0,11.9,10.9,3.68,7.1,182.0,84
7.6,72.0,15.2,11.4,3.66,7.4,212.0,82
7.9,73.0,13.5,11.9,3.24,8.2,481.0,81
7.8,71.0,14.5,12.9,3.12,8.9,396.0,81
9.2,72.0,16.5,14.5,3.02,9.6,488.0,80
10.6,75.0,17.8,15.3,2.63,9.4,362.0,82
11.2,77.0,17.5,16.0,2.34,8.9,196.0,84
12.9,73.0,17.0,14.8,2.3,8.5,153.0,86
15.0,65.0,17.2,15.0,2.47,7.9,65.0,88
16.9,59.0,16.9,14.5,2.24,7.1,4.0,90
18.9,54.0,18.2,14.9,1.61,6.8,0.0,90
21.0,45.0,17.2,15.2,0.75,6.2,0.0,91
23.3,39.0,20.0,17.3,0.6,5.7,0.0,93
25.3,37.0,22.9,21.3,0.92,4.9,0.0,95
19.8,36.0,21.8,18.6,0.9,4.3,0.0,97
16.3,36.0,22.6,18.6,1.5,4.8,0.0,96
15.2,32.0,20.9,16.9,1.71,4.6,0.0,95
17.1,31.0,20.8,16.8,1.41,4.3,0.0,97
19.9,26.0,22.0,18.6,0.91,4.0,0.0,99
21.5,25.0,23.4,20.4,0.75,4.2,13.0,98
19.7,26.0,23.9,21.0,0.65,5.1,75.0,99
18.7,27.0,24.2,21.2,0.91,6.9,180.0,97
17.2,31.0,23.9,20.6,1.06,8.9,310.0,92
15.7,39.0,22.5,18.0,2.05,10.4,418.0,86
10.0,54.0,21.1,14.1,2.48,11.0,516.0,85
7.0,63.0,19.4,11.6,2.52,10.6,425.0,90
5.4,77.0,18.3,10.9,2.79,10.4,421.0,91
5.5,84.0,18.1,11.4,2.5,10.6,414.0,90
6.0,86.0,18.9,11.8,1.74,10.6,395.0,93
6.6,85.0,18.1,11.5,1.9,9.9,317.0,96
7.2,84.0,17.1,10.9,2.16,9.2,246.0,95
7.9,83.0,17.0,10.6,2.06,8.2,129.0,95
8.5,80.0,18.3,11.1,1.91,7.2,48.0,100
9.8,77.0,19.5,11.5,2.05,6.6,4.0,99
12.6,74.0,19.9,12.4,1.8,6.4,0.0,97
14.0,69.0,20.1,13.8,1.66,6.3,0.0,98
12.5,64.0,21.2,15.3,2.06,6.1,0.0,96
12.8,58.0,22.7,16.9,2.22,5.9,0.0,97
14.3,53.0,23.8,17.1,2.54,6.9,0.0,94
13.3,53.0,23.4,20.6,2.71,7.0,0.0,93
13.1,45.0,26.0,21.4,2.96,7.2,0.0,91
12.6,45.0,28.5,20.4,2.66,7.2,0.0,90
13.0,45.0,27.7,24.3,3.08,7.5,0.0,87
13.8,48.0,22.5,18.7,3.3,7.4,11.0,86
14.4,51.0,16.5,15.2,3.24,8.2,58.0,80
12.3,57.0,13.4,11.3,3.19,8.8,166.0,79
10.4,60.0,13.4,9.8,3.28,9.3,245.0,79
9.8,65.0,13.2,10.4,3.68,10.4,435.0,75
9.4,66.0,12.8,10.4,3.64,10.2,299.0,74
9.4,66.0,12.7,9.9,3.11,9.6,191.0,80
9.3,68.0,12.2,9.6,3.45,9.8,129.0,78
8.9,73.0,10.8,9.7,2.73,9.9,195.0,84
8.3,72.0,11.2,10.1,2.59,9.6,135.0,90
8.5,72.0,11.8,10.3,2.19,9.6,107.0,92
9.3,72.0,12.1,10.4,2.62,9.5,79.0,93
9.9,72.0,12.1,10.4,2.17,9.2,47.0,92
10.7,67.0,11.6,10.4,1.9,9.3,20.0,93
11.6,58.0,11.5,10.4,1.96,9.1,1.0,94
10.7,51.0,11.7,10.6,2.08,9.1,0.0,95
10.2,47.0,11.7,11.0,2.69,9.1,0.0,96
